-- The C compiler identification is GNU 13.3.0
-- The CXX compiler identification is GNU 13.3.0
-- Detecting C compiler ABI info
-- Detecting C compiler ABI info - done
-- Check for working C compiler: /usr/bin/cc - skipped
-- Detecting C compile features
-- Detecting C compile features - done
-- Detecting CXX compiler ABI info
-- Detecting CXX compiler ABI info - done
-- Check for working CXX compiler: /usr/bin/c++ - skipped
-- Detecting CXX compile features
-- Detecting CXX compile features - done
-- Found ament_cmake: 1.3.12 (/home/jiil/ros2_humble/install/ament_cmake/share/ament_cmake/cmake)
-- Found Python3: /usr/bin/python3 (found version "3.12.3") found components: Interpreter 
-- Override CMake install command with custom implementation using symlinks instead of copying resources
-- Found rosidl_default_generators: 1.2.0 (/home/jiil/ros2_humble/install/rosidl_default_generators/share/rosidl_default_generators/cmake)
-- Using all available rosidl_typesupport_c: rosidl_typesupport_introspection_c;rosidl_typesupport_fastrtps_c
-- Found rosidl_adapter: 3.1.7 (/home/jiil/ros2_humble/install/rosidl_adapter/share/rosidl_adapter/cmake)
-- Using all available rosidl_typesupport_cpp: rosidl_typesupport_introspection_cpp;rosidl_typesupport_fastrtps_cpp
-- Found std_msgs: 4.9.0 (/home/jiil/ur_ws/install/std_msgs/share/std_msgs/cmake)
-- Found ament_cmake_cppcheck: 0.12.14 (/home/jiil/ros2_humble/install/ament_cmake_cppcheck/share/ament_cmake_cppcheck/cmake)
-- Found ament_cmake_cpplint: 0.12.14 (/home/jiil/ros2_humble/install/ament_cmake_cpplint/share/ament_cmake_cpplint/cmake)
-- Found ament_cmake_uncrustify: 0.12.14 (/home/jiil/ros2_humble/install/ament_cmake_uncrustify/share/ament_cmake_uncrustify/cmake)
-- Found ament_cmake_ros: 0.10.0 (/home/jiil/ros2_humble/install/ament_cmake_ros/share/ament_cmake_ros/cmake)
-- Using all available rosidl_typesupport_c: rosidl_typesupport_introspection_c;rosidl_typesupport_fastrtps_c
-- Using all available rosidl_typesupport_cpp: rosidl_typesupport_introspection_cpp;rosidl_typesupport_fastrtps_cpp
[33mCMake Warning (dev) at /home/jiil/ros2_humble/install/rosidl_generator_py/share/rosidl_generator_py/cmake/rosidl_generator_py_generate_interfaces.cmake:20 (find_package):
  Policy CMP0148 is not set: The FindPythonInterp and FindPythonLibs modules
  are removed.  Run "cmake --help-policy CMP0148" for policy details.  Use
  the cmake_policy command to set the policy and suppress this warning.

Call Stack (most recent call first):
  /home/jiil/ros2_humble/install/ament_cmake_core/share/ament_cmake_core/cmake/core/ament_execute_extensions.cmake:48 (include)
  /home/jiil/ros2_humble/install/rosidl_cmake/share/rosidl_cmake/cmake/rosidl_generate_interfaces.cmake:286 (ament_execute_extensions)
  CMakeLists.txt:51 (rosidl_generate_interfaces)
This warning is for project developers.  Use -Wno-dev to suppress it.
[0m
-- Found PythonInterp: /usr/bin/python3 (found suitable version "3.12.3", minimum required is "3.6") 
-- Found python_cmake_module: 0.10.0 (/home/jiil/ros2_humble/install/python_cmake_module/share/python_cmake_module/cmake)
[33mCMake Warning (dev) at /home/jiil/ros2_humble/install/python_cmake_module/share/python_cmake_module/cmake/Modules/FindPythonExtra.cmake:52 (find_package):
  Policy CMP0148 is not set: The FindPythonInterp and FindPythonLibs modules
  are removed.  Run "cmake --help-policy CMP0148" for policy details.  Use
  the cmake_policy command to set the policy and suppress this warning.

Call Stack (most recent call first):
  /home/jiil/ros2_humble/install/rosidl_generator_py/share/rosidl_generator_py/cmake/rosidl_generator_py_generate_interfaces.cmake:23 (find_package)
  /home/jiil/ros2_humble/install/ament_cmake_core/share/ament_cmake_core/cmake/core/ament_execute_extensions.cmake:48 (include)
  /home/jiil/ros2_humble/install/rosidl_cmake/share/rosidl_cmake/cmake/rosidl_generate_interfaces.cmake:286 (ament_execute_extensions)
  CMakeLists.txt:51 (rosidl_generate_interfaces)
This warning is for project developers.  Use -Wno-dev to suppress it.
[0m
[33mCMake Warning (dev) at /home/jiil/ros2_humble/install/python_cmake_module/share/python_cmake_module/cmake/Modules/FindPythonExtra.cmake:140 (find_package):
  Policy CMP0148 is not set: The FindPythonInterp and FindPythonLibs modules
  are removed.  Run "cmake --help-policy CMP0148" for policy details.  Use
  the cmake_policy command to set the policy and suppress this warning.

Call Stack (most recent call first):
  /home/jiil/ros2_humble/install/rosidl_generator_py/share/rosidl_generator_py/cmake/rosidl_generator_py_generate_interfaces.cmake:23 (find_package)
  /home/jiil/ros2_humble/install/ament_cmake_core/share/ament_cmake_core/cmake/core/ament_execute_extensions.cmake:48 (include)
  /home/jiil/ros2_humble/install/rosidl_cmake/share/rosidl_cmake/cmake/rosidl_generate_interfaces.cmake:286 (ament_execute_extensions)
  CMakeLists.txt:51 (rosidl_generate_interfaces)
This warning is for project developers.  Use -Wno-dev to suppress it.
[0m
-- Found PythonLibs: /usr/lib/x86_64-linux-gnu/libpython3.12.so (found suitable version "3.12.3", minimum required is "3.5") 
-- Using PYTHON_EXECUTABLE: /usr/bin/python3
-- Using PYTHON_INCLUDE_DIRS: /usr/include/python3.12
-- Using PYTHON_LIBRARIES: /usr/lib/x86_64-linux-gnu/libpython3.12.so
-- Found PythonExtra: .so  
-- Using numpy include directory: /usr/lib/python3/dist-packages/numpy/core/include
-- Found ament_cmake_flake8: 0.12.14 (/home/jiil/ros2_humble/install/ament_cmake_flake8/share/ament_cmake_flake8/cmake)
-- Found ament_cmake_pep257: 0.12.14 (/home/jiil/ros2_humble/install/ament_cmake_pep257/share/ament_cmake_pep257/cmake)
-- Configuring done (2.7s)
-- Generating done (0.0s)
-- Build files have been written to: /home/jiil/ur_ws/build/geometry_msgs
[  1%] [34m[1mGenerating C code for ROS interfaces[0m
[  1%] [34m[1mGenerating C++ code for ROS interfaces[0m
[  1%] Built target ament_cmake_python_symlink_geometry_msgs
running egg_info
creating geometry_msgs.egg-info
writing geometry_msgs.egg-info/PKG-INFO
writing dependency_links to geometry_msgs.egg-info/dependency_links.txt
writing top-level names to geometry_msgs.egg-info/top_level.txt
writing manifest file 'geometry_msgs.egg-info/SOURCES.txt'
reading manifest file 'geometry_msgs.egg-info/SOURCES.txt'
writing manifest file 'geometry_msgs.egg-info/SOURCES.txt'
[  1%] Built target ament_cmake_python_build_geometry_msgs_egg
[  1%] Built target geometry_msgs__cpp
[  2%] [34m[1mGenerating C++ introspection for ROS interfaces[0m
[  3%] [34m[1mGenerating C++ type support for eProsima Fast-RTPS[0m
[  3%] [34m[1mGenerating C++ type support dispatch for ROS interfaces[0m
[  4%] [32mBuilding C object CMakeFiles/geometry_msgs__rosidl_generator_c.dir/rosidl_generator_c/geometry_msgs/msg/detail/accel__functions.c.o[0m
[  4%] [32mBuilding C object CMakeFiles/geometry_msgs__rosidl_generator_c.dir/rosidl_generator_c/geometry_msgs/msg/detail/accel_with_covariance_stamped__functions.c.o[0m
[  4%] [32mBuilding C object CMakeFiles/geometry_msgs__rosidl_generator_c.dir/rosidl_generator_c/geometry_msgs/msg/detail/point32__functions.c.o[0m
[  4%] [32mBuilding C object CMakeFiles/geometry_msgs__rosidl_generator_c.dir/rosidl_generator_c/geometry_msgs/msg/detail/inertia_stamped__functions.c.o[0m
[  4%] [32mBuilding C object CMakeFiles/geometry_msgs__rosidl_generator_c.dir/rosidl_generator_c/geometry_msgs/msg/detail/inertia__functions.c.o[0m
[  5%] [32mBuilding C object CMakeFiles/geometry_msgs__rosidl_generator_c.dir/rosidl_generator_c/geometry_msgs/msg/detail/accel_with_covariance__functions.c.o[0m
[  5%] [32mBuilding C object CMakeFiles/geometry_msgs__rosidl_generator_c.dir/rosidl_generator_c/geometry_msgs/msg/detail/point__functions.c.o[0m
[  6%] [32mBuilding C object CMakeFiles/geometry_msgs__rosidl_generator_c.dir/rosidl_generator_c/geometry_msgs/msg/detail/point_stamped__functions.c.o[0m
[  6%] [32mBuilding C object CMakeFiles/geometry_msgs__rosidl_generator_c.dir/rosidl_generator_c/geometry_msgs/msg/detail/accel_stamped__functions.c.o[0m
[  6%] [32mBuilding C object CMakeFiles/geometry_msgs__rosidl_generator_c.dir/rosidl_generator_c/geometry_msgs/msg/detail/polygon_instance_stamped__functions.c.o[0m
[  6%] [32mBuilding C object CMakeFiles/geometry_msgs__rosidl_generator_c.dir/rosidl_generator_c/geometry_msgs/msg/detail/polygon_stamped__functions.c.o[0m
[  6%] [32mBuilding C object CMakeFiles/geometry_msgs__rosidl_generator_c.dir/rosidl_generator_c/geometry_msgs/msg/detail/polygon__functions.c.o[0m
[  7%] [32mBuilding C object CMakeFiles/geometry_msgs__rosidl_generator_c.dir/rosidl_generator_c/geometry_msgs/msg/detail/polygon_instance__functions.c.o[0m
[  7%] [32mBuilding C object CMakeFiles/geometry_msgs__rosidl_generator_c.dir/rosidl_generator_c/geometry_msgs/msg/detail/pose2_d__functions.c.o[0m
[  8%] [32mBuilding C object CMakeFiles/geometry_msgs__rosidl_generator_c.dir/rosidl_generator_c/geometry_msgs/msg/detail/pose__functions.c.o[0m
[  8%] [32mBuilding C object CMakeFiles/geometry_msgs__rosidl_generator_c.dir/rosidl_generator_c/geometry_msgs/msg/detail/pose_array__functions.c.o[0m
[  8%] [32mBuilding C object CMakeFiles/geometry_msgs__rosidl_generator_c.dir/rosidl_generator_c/geometry_msgs/msg/detail/pose_with_covariance__functions.c.o[0m
[  9%] [32mBuilding C object CMakeFiles/geometry_msgs__rosidl_generator_c.dir/rosidl_generator_c/geometry_msgs/msg/detail/pose_stamped__functions.c.o[0m
[ 11%] [32mBuilding C object CMakeFiles/geometry_msgs__rosidl_generator_c.dir/rosidl_generator_c/geometry_msgs/msg/detail/transform_stamped__functions.c.o[0m
[ 11%] [32mBuilding C object CMakeFiles/geometry_msgs__rosidl_generator_c.dir/rosidl_generator_c/geometry_msgs/msg/detail/twist_with_covariance_stamped__functions.c.o[0m
[ 12%] [32mBuilding C object CMakeFiles/geometry_msgs__rosidl_generator_c.dir/rosidl_generator_c/geometry_msgs/msg/detail/twist_stamped__functions.c.o[0m
[ 11%] [32mBuilding C object CMakeFiles/geometry_msgs__rosidl_generator_c.dir/rosidl_generator_c/geometry_msgs/msg/detail/transform__functions.c.o[0m
[ 12%] [32mBuilding C object CMakeFiles/geometry_msgs__rosidl_generator_c.dir/rosidl_generator_c/geometry_msgs/msg/detail/quaternion_stamped__functions.c.o[0m
[ 11%] [32mBuilding C object CMakeFiles/geometry_msgs__rosidl_generator_c.dir/rosidl_generator_c/geometry_msgs/msg/detail/quaternion__functions.c.o[0m
[ 11%] [32mBuilding C object CMakeFiles/geometry_msgs__rosidl_generator_c.dir/rosidl_generator_c/geometry_msgs/msg/detail/pose_with_covariance_stamped__functions.c.o[0m
[ 12%] [32mBuilding C object CMakeFiles/geometry_msgs__rosidl_generator_c.dir/rosidl_generator_c/geometry_msgs/msg/detail/twist_with_covariance__functions.c.o[0m
[ 12%] [32mBuilding C object CMakeFiles/geometry_msgs__rosidl_generator_c.dir/rosidl_generator_c/geometry_msgs/msg/detail/twist__functions.c.o[0m
[ 12%] [32mBuilding C object CMakeFiles/geometry_msgs__rosidl_generator_c.dir/rosidl_generator_c/geometry_msgs/msg/detail/vector3_stamped__functions.c.o[0m
[ 12%] [32mBuilding C object CMakeFiles/geometry_msgs__rosidl_generator_c.dir/rosidl_generator_c/geometry_msgs/msg/detail/velocity_stamped__functions.c.o[0m
[ 13%] [32mBuilding C object CMakeFiles/geometry_msgs__rosidl_generator_c.dir/rosidl_generator_c/geometry_msgs/msg/detail/vector3__functions.c.o[0m
[ 13%] [32mBuilding C object CMakeFiles/geometry_msgs__rosidl_generator_c.dir/rosidl_generator_c/geometry_msgs/msg/detail/wrench_stamped__functions.c.o[0m
[ 14%] [32mBuilding C object CMakeFiles/geometry_msgs__rosidl_generator_c.dir/rosidl_generator_c/geometry_msgs/msg/detail/wrench__functions.c.o[0m
[ 14%] [32m[1mLinking C shared library libgeometry_msgs__rosidl_generator_c.so[0m
[ 14%] Built target geometry_msgs__rosidl_generator_c
[ 16%] [34m[1mGenerating C type support for eProsima Fast-RTPS[0m
[ 16%] [34m[1mGenerating C type support dispatch for ROS interfaces[0m
[ 17%] [34m[1mGenerating C introspection for ROS interfaces[0m
[ 18%] [32mBuilding CXX object CMakeFiles/geometry_msgs__rosidl_typesupport_cpp.dir/rosidl_typesupport_cpp/geometry_msgs/msg/accel__type_support.cpp.o[0m
[ 18%] [32mBuilding CXX object CMakeFiles/geometry_msgs__rosidl_typesupport_cpp.dir/rosidl_typesupport_cpp/geometry_msgs/msg/accel_stamped__type_support.cpp.o[0m
[ 19%] [32mBuilding CXX object CMakeFiles/geometry_msgs__rosidl_typesupport_cpp.dir/rosidl_typesupport_cpp/geometry_msgs/msg/accel_with_covariance__type_support.cpp.o[0m
[ 19%] [32mBuilding CXX object CMakeFiles/geometry_msgs__rosidl_typesupport_cpp.dir/rosidl_typesupport_cpp/geometry_msgs/msg/accel_with_covariance_stamped__type_support.cpp.o[0m
[ 20%] [32mBuilding CXX object CMakeFiles/geometry_msgs__rosidl_typesupport_cpp.dir/rosidl_typesupport_cpp/geometry_msgs/msg/inertia_stamped__type_support.cpp.o[0m
[ 20%] [32mBuilding CXX object CMakeFiles/geometry_msgs__rosidl_typesupport_cpp.dir/rosidl_typesupport_cpp/geometry_msgs/msg/inertia__type_support.cpp.o[0m
[ 20%] [32mBuilding CXX object CMakeFiles/geometry_msgs__rosidl_typesupport_cpp.dir/rosidl_typesupport_cpp/geometry_msgs/msg/point__type_support.cpp.o[0m
[ 21%] [32mBuilding CXX object CMakeFiles/geometry_msgs__rosidl_typesupport_cpp.dir/rosidl_typesupport_cpp/geometry_msgs/msg/point_stamped__type_support.cpp.o[0m
[ 21%] [32mBuilding CXX object CMakeFiles/geometry_msgs__rosidl_typesupport_cpp.dir/rosidl_typesupport_cpp/geometry_msgs/msg/polygon__type_support.cpp.o[0m
[ 21%] [32mBuilding CXX object CMakeFiles/geometry_msgs__rosidl_typesupport_cpp.dir/rosidl_typesupport_cpp/geometry_msgs/msg/point32__type_support.cpp.o[0m
[ 21%] [32mBuilding CXX object CMakeFiles/geometry_msgs__rosidl_typesupport_cpp.dir/rosidl_typesupport_cpp/geometry_msgs/msg/polygon_instance__type_support.cpp.o[0m
[ 22%] [32mBuilding CXX object CMakeFiles/geometry_msgs__rosidl_typesupport_cpp.dir/rosidl_typesupport_cpp/geometry_msgs/msg/polygon_instance_stamped__type_support.cpp.o[0m
[ 22%] [32mBuilding CXX object CMakeFiles/geometry_msgs__rosidl_typesupport_introspection_cpp.dir/rosidl_typesupport_introspection_cpp/geometry_msgs/msg/detail/accel__type_support.cpp.o[0m
[ 22%] [32mBuilding CXX object CMakeFiles/geometry_msgs__rosidl_typesupport_cpp.dir/rosidl_typesupport_cpp/geometry_msgs/msg/polygon_stamped__type_support.cpp.o[0m
[ 22%] [32mBuilding CXX object CMakeFiles/geometry_msgs__rosidl_typesupport_introspection_cpp.dir/rosidl_typesupport_introspection_cpp/geometry_msgs/msg/detail/accel_stamped__type_support.cpp.o[0m
[ 23%] [32mBuilding CXX object CMakeFiles/geometry_msgs__rosidl_typesupport_introspection_cpp.dir/rosidl_typesupport_introspection_cpp/geometry_msgs/msg/detail/accel_with_covariance__type_support.cpp.o[0m
[ 24%] [32mBuilding CXX object CMakeFiles/geometry_msgs__rosidl_typesupport_cpp.dir/rosidl_typesupport_cpp/geometry_msgs/msg/pose__type_support.cpp.o[0m
[ 24%] [32mBuilding CXX object CMakeFiles/geometry_msgs__rosidl_typesupport_introspection_cpp.dir/rosidl_typesupport_introspection_cpp/geometry_msgs/msg/detail/accel_with_covariance_stamped__type_support.cpp.o[0m
[ 25%] [32mBuilding CXX object CMakeFiles/geometry_msgs__rosidl_typesupport_introspection_cpp.dir/rosidl_typesupport_introspection_cpp/geometry_msgs/msg/detail/inertia_stamped__type_support.cpp.o[0m
[ 25%] [32mBuilding CXX object CMakeFiles/geometry_msgs__rosidl_typesupport_cpp.dir/rosidl_typesupport_cpp/geometry_msgs/msg/pose2_d__type_support.cpp.o[0m
[ 25%] [32mBuilding CXX object CMakeFiles/geometry_msgs__rosidl_typesupport_introspection_cpp.dir/rosidl_typesupport_introspection_cpp/geometry_msgs/msg/detail/inertia__type_support.cpp.o[0m
[ 25%] [32mBuilding CXX object CMakeFiles/geometry_msgs__rosidl_typesupport_cpp.dir/rosidl_typesupport_cpp/geometry_msgs/msg/pose_array__type_support.cpp.o[0m
[ 26%] [32mBuilding CXX object CMakeFiles/geometry_msgs__rosidl_typesupport_cpp.dir/rosidl_typesupport_cpp/geometry_msgs/msg/pose_stamped__type_support.cpp.o[0m
[ 26%] [32mBuilding CXX object CMakeFiles/geometry_msgs__rosidl_typesupport_introspection_cpp.dir/rosidl_typesupport_introspection_cpp/geometry_msgs/msg/detail/point__type_support.cpp.o[0m
[ 27%] [32mBuilding CXX object CMakeFiles/geometry_msgs__rosidl_typesupport_introspection_cpp.dir/rosidl_typesupport_introspection_cpp/geometry_msgs/msg/detail/point32__type_support.cpp.o[0m
[ 27%] [32mBuilding CXX object CMakeFiles/geometry_msgs__rosidl_typesupport_introspection_cpp.dir/rosidl_typesupport_introspection_cpp/geometry_msgs/msg/detail/point_stamped__type_support.cpp.o[0m
[ 27%] [32mBuilding CXX object CMakeFiles/geometry_msgs__rosidl_typesupport_cpp.dir/rosidl_typesupport_cpp/geometry_msgs/msg/pose_with_covariance__type_support.cpp.o[0m
[ 27%] [32mBuilding CXX object CMakeFiles/geometry_msgs__rosidl_typesupport_introspection_cpp.dir/rosidl_typesupport_introspection_cpp/geometry_msgs/msg/detail/polygon__type_support.cpp.o[0m
[ 27%] [32mBuilding CXX object CMakeFiles/geometry_msgs__rosidl_typesupport_cpp.dir/rosidl_typesupport_cpp/geometry_msgs/msg/pose_with_covariance_stamped__type_support.cpp.o[0m
[ 28%] [32mBuilding CXX object CMakeFiles/geometry_msgs__rosidl_typesupport_introspection_cpp.dir/rosidl_typesupport_introspection_cpp/geometry_msgs/msg/detail/polygon_instance__type_support.cpp.o[0m
[ 29%] [32mBuilding CXX object CMakeFiles/geometry_msgs__rosidl_typesupport_cpp.dir/rosidl_typesupport_cpp/geometry_msgs/msg/quaternion__type_support.cpp.o[0m
[ 29%] [32mBuilding CXX object CMakeFiles/geometry_msgs__rosidl_typesupport_cpp.dir/rosidl_typesupport_cpp/geometry_msgs/msg/quaternion_stamped__type_support.cpp.o[0m
[ 29%] [32mBuilding CXX object CMakeFiles/geometry_msgs__rosidl_typesupport_fastrtps_cpp.dir/rosidl_typesupport_fastrtps_cpp/geometry_msgs/msg/detail/dds_fastrtps/accel__type_support.cpp.o[0m
[ 29%] [32mBuilding CXX object CMakeFiles/geometry_msgs__rosidl_typesupport_c.dir/rosidl_typesupport_c/geometry_msgs/msg/accel__type_support.cpp.o[0m
[ 29%] [32mBuilding CXX object CMakeFiles/geometry_msgs__rosidl_typesupport_fastrtps_cpp.dir/rosidl_typesupport_fastrtps_cpp/geometry_msgs/msg/detail/dds_fastrtps/accel_stamped__type_support.cpp.o[0m
[ 29%] [32mBuilding CXX object CMakeFiles/geometry_msgs__rosidl_typesupport_c.dir/rosidl_typesupport_c/geometry_msgs/msg/accel_stamped__type_support.cpp.o[0m
[ 30%] [32mBuilding CXX object CMakeFiles/geometry_msgs__rosidl_typesupport_c.dir/rosidl_typesupport_c/geometry_msgs/msg/accel_with_covariance__type_support.cpp.o[0m
[ 30%] [32mBuilding CXX object CMakeFiles/geometry_msgs__rosidl_typesupport_introspection_cpp.dir/rosidl_typesupport_introspection_cpp/geometry_msgs/msg/detail/polygon_instance_stamped__type_support.cpp.o[0m
[ 31%] [32mBuilding CXX object CMakeFiles/geometry_msgs__rosidl_typesupport_fastrtps_cpp.dir/rosidl_typesupport_fastrtps_cpp/geometry_msgs/msg/detail/dds_fastrtps/accel_with_covariance__type_support.cpp.o[0m
[ 31%] [32mBuilding CXX object CMakeFiles/geometry_msgs__rosidl_typesupport_c.dir/rosidl_typesupport_c/geometry_msgs/msg/accel_with_covariance_stamped__type_support.cpp.o[0m
[ 31%] [32mBuilding CXX object CMakeFiles/geometry_msgs__rosidl_typesupport_c.dir/rosidl_typesupport_c/geometry_msgs/msg/inertia__type_support.cpp.o[0m
[ 31%] [32mBuilding CXX object CMakeFiles/geometry_msgs__rosidl_typesupport_fastrtps_cpp.dir/rosidl_typesupport_fastrtps_cpp/geometry_msgs/msg/detail/dds_fastrtps/accel_with_covariance_stamped__type_support.cpp.o[0m
[ 31%] [32mBuilding CXX object CMakeFiles/geometry_msgs__rosidl_typesupport_cpp.dir/rosidl_typesupport_cpp/geometry_msgs/msg/transform__type_support.cpp.o[0m
[ 32%] [32mBuilding CXX object CMakeFiles/geometry_msgs__rosidl_typesupport_c.dir/rosidl_typesupport_c/geometry_msgs/msg/inertia_stamped__type_support.cpp.o[0m
[ 32%] [32mBuilding CXX object CMakeFiles/geometry_msgs__rosidl_typesupport_fastrtps_cpp.dir/rosidl_typesupport_fastrtps_cpp/geometry_msgs/msg/detail/dds_fastrtps/inertia__type_support.cpp.o[0m
[ 32%] [32mBuilding CXX object CMakeFiles/geometry_msgs__rosidl_typesupport_c.dir/rosidl_typesupport_c/geometry_msgs/msg/point__type_support.cpp.o[0m
[ 33%] [32mBuilding CXX object CMakeFiles/geometry_msgs__rosidl_typesupport_cpp.dir/rosidl_typesupport_cpp/geometry_msgs/msg/transform_stamped__type_support.cpp.o[0m
[ 33%] [32mBuilding CXX object CMakeFiles/geometry_msgs__rosidl_typesupport_c.dir/rosidl_typesupport_c/geometry_msgs/msg/point32__type_support.cpp.o[0m
[ 34%] [32mBuilding CXX object CMakeFiles/geometry_msgs__rosidl_typesupport_c.dir/rosidl_typesupport_c/geometry_msgs/msg/point_stamped__type_support.cpp.o[0m
[ 35%] [32mBuilding CXX object CMakeFiles/geometry_msgs__rosidl_typesupport_fastrtps_cpp.dir/rosidl_typesupport_fastrtps_cpp/geometry_msgs/msg/detail/dds_fastrtps/inertia_stamped__type_support.cpp.o[0m
[ 35%] [32mBuilding CXX object CMakeFiles/geometry_msgs__rosidl_typesupport_c.dir/rosidl_typesupport_c/geometry_msgs/msg/polygon__type_support.cpp.o[0m
[ 36%] [32mBuilding CXX object CMakeFiles/geometry_msgs__rosidl_typesupport_c.dir/rosidl_typesupport_c/geometry_msgs/msg/polygon_instance__type_support.cpp.o[0m
[ 36%] [32mBuilding CXX object CMakeFiles/geometry_msgs__rosidl_typesupport_introspection_cpp.dir/rosidl_typesupport_introspection_cpp/geometry_msgs/msg/detail/polygon_stamped__type_support.cpp.o[0m
[ 36%] [32mBuilding CXX object CMakeFiles/geometry_msgs__rosidl_typesupport_cpp.dir/rosidl_typesupport_cpp/geometry_msgs/msg/twist__type_support.cpp.o[0m
[ 36%] [32mBuilding CXX object CMakeFiles/geometry_msgs__rosidl_typesupport_c.dir/rosidl_typesupport_c/geometry_msgs/msg/polygon_instance_stamped__type_support.cpp.o[0m
[ 36%] [32mBuilding CXX object CMakeFiles/geometry_msgs__rosidl_typesupport_fastrtps_cpp.dir/rosidl_typesupport_fastrtps_cpp/geometry_msgs/msg/detail/dds_fastrtps/point__type_support.cpp.o[0m
[ 37%] [32mBuilding CXX object CMakeFiles/geometry_msgs__rosidl_typesupport_introspection_cpp.dir/rosidl_typesupport_introspection_cpp/geometry_msgs/msg/detail/pose__type_support.cpp.o[0m
[ 37%] [32mBuilding CXX object CMakeFiles/geometry_msgs__rosidl_typesupport_c.dir/rosidl_typesupport_c/geometry_msgs/msg/polygon_stamped__type_support.cpp.o[0m
[ 37%] [32mBuilding CXX object CMakeFiles/geometry_msgs__rosidl_typesupport_introspection_cpp.dir/rosidl_typesupport_introspection_cpp/geometry_msgs/msg/detail/pose2_d__type_support.cpp.o[0m
[ 38%] [32mBuilding CXX object CMakeFiles/geometry_msgs__rosidl_typesupport_c.dir/rosidl_typesupport_c/geometry_msgs/msg/pose__type_support.cpp.o[0m
[ 38%] [32mBuilding CXX object CMakeFiles/geometry_msgs__rosidl_typesupport_cpp.dir/rosidl_typesupport_cpp/geometry_msgs/msg/twist_stamped__type_support.cpp.o[0m
[ 38%] [32mBuilding CXX object CMakeFiles/geometry_msgs__rosidl_typesupport_c.dir/rosidl_typesupport_c/geometry_msgs/msg/pose2_d__type_support.cpp.o[0m
[ 38%] [32mBuilding CXX object CMakeFiles/geometry_msgs__rosidl_typesupport_introspection_cpp.dir/rosidl_typesupport_introspection_cpp/geometry_msgs/msg/detail/pose_array__type_support.cpp.o[0m
[ 39%] [32mBuilding CXX object CMakeFiles/geometry_msgs__rosidl_typesupport_cpp.dir/rosidl_typesupport_cpp/geometry_msgs/msg/twist_with_covariance__type_support.cpp.o[0m
[ 39%] [32mBuilding CXX object CMakeFiles/geometry_msgs__rosidl_typesupport_c.dir/rosidl_typesupport_c/geometry_msgs/msg/pose_array__type_support.cpp.o[0m
[ 39%] [32mBuilding CXX object CMakeFiles/geometry_msgs__rosidl_typesupport_cpp.dir/rosidl_typesupport_cpp/geometry_msgs/msg/twist_with_covariance_stamped__type_support.cpp.o[0m
[ 40%] [32mBuilding CXX object CMakeFiles/geometry_msgs__rosidl_typesupport_c.dir/rosidl_typesupport_c/geometry_msgs/msg/pose_stamped__type_support.cpp.o[0m
[ 40%] [32mBuilding CXX object CMakeFiles/geometry_msgs__rosidl_typesupport_fastrtps_cpp.dir/rosidl_typesupport_fastrtps_cpp/geometry_msgs/msg/detail/dds_fastrtps/point32__type_support.cpp.o[0m
[ 41%] [32mBuilding CXX object CMakeFiles/geometry_msgs__rosidl_typesupport_cpp.dir/rosidl_typesupport_cpp/geometry_msgs/msg/vector3__type_support.cpp.o[0m
[ 41%] [32mBuilding CXX object CMakeFiles/geometry_msgs__rosidl_typesupport_fastrtps_c.dir/rosidl_typesupport_fastrtps_c/geometry_msgs/msg/detail/accel__type_support_c.cpp.o[0m
[ 41%] [32mBuilding CXX object CMakeFiles/geometry_msgs__rosidl_typesupport_c.dir/rosidl_typesupport_c/geometry_msgs/msg/pose_with_covariance__type_support.cpp.o[0m
[ 42%] [32mBuilding CXX object CMakeFiles/geometry_msgs__rosidl_typesupport_introspection_cpp.dir/rosidl_typesupport_introspection_cpp/geometry_msgs/msg/detail/pose_stamped__type_support.cpp.o[0m
[ 42%] [32mBuilding CXX object CMakeFiles/geometry_msgs__rosidl_typesupport_c.dir/rosidl_typesupport_c/geometry_msgs/msg/pose_with_covariance_stamped__type_support.cpp.o[0m
[ 42%] [32mBuilding C object CMakeFiles/geometry_msgs__rosidl_typesupport_introspection_c.dir/rosidl_typesupport_introspection_c/geometry_msgs/msg/detail/accel__type_support.c.o[0m
[ 42%] [32mBuilding CXX object CMakeFiles/geometry_msgs__rosidl_typesupport_introspection_cpp.dir/rosidl_typesupport_introspection_cpp/geometry_msgs/msg/detail/pose_with_covariance__type_support.cpp.o[0m
[ 43%] [32mBuilding CXX object CMakeFiles/geometry_msgs__rosidl_typesupport_introspection_cpp.dir/rosidl_typesupport_introspection_cpp/geometry_msgs/msg/detail/pose_with_covariance_stamped__type_support.cpp.o[0m
[ 43%] [32mBuilding CXX object CMakeFiles/geometry_msgs__rosidl_typesupport_c.dir/rosidl_typesupport_c/geometry_msgs/msg/quaternion__type_support.cpp.o[0m
[ 43%] [32mBuilding C object CMakeFiles/geometry_msgs__rosidl_typesupport_introspection_c.dir/rosidl_typesupport_introspection_c/geometry_msgs/msg/detail/accel_stamped__type_support.c.o[0m
[ 43%] [32mBuilding CXX object CMakeFiles/geometry_msgs__rosidl_typesupport_fastrtps_c.dir/rosidl_typesupport_fastrtps_c/geometry_msgs/msg/detail/accel_stamped__type_support_c.cpp.o[0m
[ 43%] [32mBuilding CXX object CMakeFiles/geometry_msgs__rosidl_typesupport_c.dir/rosidl_typesupport_c/geometry_msgs/msg/quaternion_stamped__type_support.cpp.o[0m
[ 46%] [32mBuilding CXX object CMakeFiles/geometry_msgs__rosidl_typesupport_fastrtps_c.dir/rosidl_typesupport_fastrtps_c/geometry_msgs/msg/detail/accel_with_covariance__type_support_c.cpp.o[0m
[ 46%] [32mBuilding CXX object CMakeFiles/geometry_msgs__rosidl_typesupport_c.dir/rosidl_typesupport_c/geometry_msgs/msg/transform__type_support.cpp.o[0m
[ 46%] [32mBuilding C object CMakeFiles/geometry_msgs__rosidl_typesupport_introspection_c.dir/rosidl_typesupport_introspection_c/geometry_msgs/msg/detail/accel_with_covariance__type_support.c.o[0m
[ 46%] [32mBuilding CXX object CMakeFiles/geometry_msgs__rosidl_typesupport_introspection_cpp.dir/rosidl_typesupport_introspection_cpp/geometry_msgs/msg/detail/quaternion__type_support.cpp.o[0m
[ 46%] [32mBuilding CXX object CMakeFiles/geometry_msgs__rosidl_typesupport_cpp.dir/rosidl_typesupport_cpp/geometry_msgs/msg/vector3_stamped__type_support.cpp.o[0m
[ 46%] [32mBuilding CXX object CMakeFiles/geometry_msgs__rosidl_typesupport_fastrtps_c.dir/rosidl_typesupport_fastrtps_c/geometry_msgs/msg/detail/accel_with_covariance_stamped__type_support_c.cpp.o[0m
[ 47%] [32mBuilding CXX object CMakeFiles/geometry_msgs__rosidl_typesupport_c.dir/rosidl_typesupport_c/geometry_msgs/msg/transform_stamped__type_support.cpp.o[0m
[ 47%] [32mBuilding C object CMakeFiles/geometry_msgs__rosidl_typesupport_introspection_c.dir/rosidl_typesupport_introspection_c/geometry_msgs/msg/detail/accel_with_covariance_stamped__type_support.c.o[0m
[ 47%] [32mBuilding CXX object CMakeFiles/geometry_msgs__rosidl_typesupport_c.dir/rosidl_typesupport_c/geometry_msgs/msg/twist__type_support.cpp.o[0m
[ 49%] [32mBuilding C object CMakeFiles/geometry_msgs__rosidl_typesupport_introspection_c.dir/rosidl_typesupport_introspection_c/geometry_msgs/msg/detail/inertia__type_support.c.o[0m
[ 49%] [32mBuilding CXX object CMakeFiles/geometry_msgs__rosidl_typesupport_fastrtps_cpp.dir/rosidl_typesupport_fastrtps_cpp/geometry_msgs/msg/detail/dds_fastrtps/point_stamped__type_support.cpp.o[0m
[ 49%] [32mBuilding CXX object CMakeFiles/geometry_msgs__rosidl_typesupport_cpp.dir/rosidl_typesupport_cpp/geometry_msgs/msg/velocity_stamped__type_support.cpp.o[0m
[ 51%] [32mBuilding CXX object CMakeFiles/geometry_msgs__rosidl_typesupport_c.dir/rosidl_typesupport_c/geometry_msgs/msg/twist_stamped__type_support.cpp.o[0m
[ 51%] [32mBuilding CXX object CMakeFiles/geometry_msgs__rosidl_typesupport_cpp.dir/rosidl_typesupport_cpp/geometry_msgs/msg/wrench__type_support.cpp.o[0m
[ 51%] [32mBuilding CXX object CMakeFiles/geometry_msgs__rosidl_typesupport_introspection_cpp.dir/rosidl_typesupport_introspection_cpp/geometry_msgs/msg/detail/quaternion_stamped__type_support.cpp.o[0m
[ 51%] [32mBuilding CXX object CMakeFiles/geometry_msgs__rosidl_typesupport_c.dir/rosidl_typesupport_c/geometry_msgs/msg/twist_with_covariance__type_support.cpp.o[0m
[ 51%] [32mBuilding C object CMakeFiles/geometry_msgs__rosidl_typesupport_introspection_c.dir/rosidl_typesupport_introspection_c/geometry_msgs/msg/detail/inertia_stamped__type_support.c.o[0m
[ 52%] [32mBuilding CXX object CMakeFiles/geometry_msgs__rosidl_typesupport_introspection_cpp.dir/rosidl_typesupport_introspection_cpp/geometry_msgs/msg/detail/transform__type_support.cpp.o[0m
[ 52%] [32mBuilding CXX object CMakeFiles/geometry_msgs__rosidl_typesupport_c.dir/rosidl_typesupport_c/geometry_msgs/msg/twist_with_covariance_stamped__type_support.cpp.o[0m
[ 52%] [32mBuilding C object CMakeFiles/geometry_msgs__rosidl_typesupport_introspection_c.dir/rosidl_typesupport_introspection_c/geometry_msgs/msg/detail/point__type_support.c.o[0m
[ 52%] [32mBuilding CXX object CMakeFiles/geometry_msgs__rosidl_typesupport_fastrtps_cpp.dir/rosidl_typesupport_fastrtps_cpp/geometry_msgs/msg/detail/dds_fastrtps/polygon__type_support.cpp.o[0m
[ 53%] [32mBuilding CXX object CMakeFiles/geometry_msgs__rosidl_typesupport_c.dir/rosidl_typesupport_c/geometry_msgs/msg/vector3__type_support.cpp.o[0m
[ 54%] [32mBuilding C object CMakeFiles/geometry_msgs__rosidl_typesupport_introspection_c.dir/rosidl_typesupport_introspection_c/geometry_msgs/msg/detail/point32__type_support.c.o[0m
[ 54%] [32mBuilding CXX object CMakeFiles/geometry_msgs__rosidl_typesupport_c.dir/rosidl_typesupport_c/geometry_msgs/msg/vector3_stamped__type_support.cpp.o[0m
[ 54%] [32mBuilding C object CMakeFiles/geometry_msgs__rosidl_typesupport_introspection_c.dir/rosidl_typesupport_introspection_c/geometry_msgs/msg/detail/point_stamped__type_support.c.o[0m
[ 54%] [32mBuilding CXX object CMakeFiles/geometry_msgs__rosidl_typesupport_fastrtps_c.dir/rosidl_typesupport_fastrtps_c/geometry_msgs/msg/detail/inertia__type_support_c.cpp.o[0m
[ 54%] [32mBuilding CXX object CMakeFiles/geometry_msgs__rosidl_typesupport_introspection_cpp.dir/rosidl_typesupport_introspection_cpp/geometry_msgs/msg/detail/transform_stamped__type_support.cpp.o[0m
[ 54%] [32mBuilding CXX object CMakeFiles/geometry_msgs__rosidl_typesupport_c.dir/rosidl_typesupport_c/geometry_msgs/msg/velocity_stamped__type_support.cpp.o[0m
[ 54%] [32mBuilding CXX object CMakeFiles/geometry_msgs__rosidl_typesupport_cpp.dir/rosidl_typesupport_cpp/geometry_msgs/msg/wrench_stamped__type_support.cpp.o[0m
[ 54%] [32mBuilding C object CMakeFiles/geometry_msgs__rosidl_typesupport_introspection_c.dir/rosidl_typesupport_introspection_c/geometry_msgs/msg/detail/polygon__type_support.c.o[0m
[ 55%] [32mBuilding CXX object CMakeFiles/geometry_msgs__rosidl_typesupport_c.dir/rosidl_typesupport_c/geometry_msgs/msg/wrench__type_support.cpp.o[0m
[ 56%] [32mBuilding C object CMakeFiles/geometry_msgs__rosidl_typesupport_introspection_c.dir/rosidl_typesupport_introspection_c/geometry_msgs/msg/detail/polygon_instance__type_support.c.o[0m
[ 57%] [32mBuilding CXX object CMakeFiles/geometry_msgs__rosidl_typesupport_fastrtps_cpp.dir/rosidl_typesupport_fastrtps_cpp/geometry_msgs/msg/detail/dds_fastrtps/polygon_instance__type_support.cpp.o[0m
[ 57%] [32mBuilding CXX object CMakeFiles/geometry_msgs__rosidl_typesupport_introspection_cpp.dir/rosidl_typesupport_introspection_cpp/geometry_msgs/msg/detail/twist__type_support.cpp.o[0m
[ 57%] [32mBuilding CXX object CMakeFiles/geometry_msgs__rosidl_typesupport_c.dir/rosidl_typesupport_c/geometry_msgs/msg/wrench_stamped__type_support.cpp.o[0m
[ 58%] [32mBuilding CXX object CMakeFiles/geometry_msgs__rosidl_typesupport_introspection_cpp.dir/rosidl_typesupport_introspection_cpp/geometry_msgs/msg/detail/twist_stamped__type_support.cpp.o[0m
[ 58%] [32mBuilding C object CMakeFiles/geometry_msgs__rosidl_typesupport_introspection_c.dir/rosidl_typesupport_introspection_c/geometry_msgs/msg/detail/polygon_instance_stamped__type_support.c.o[0m
[ 59%] [32m[1mLinking CXX shared library libgeometry_msgs__rosidl_typesupport_c.so[0m
[ 59%] [32mBuilding CXX object CMakeFiles/geometry_msgs__rosidl_typesupport_fastrtps_c.dir/rosidl_typesupport_fastrtps_c/geometry_msgs/msg/detail/inertia_stamped__type_support_c.cpp.o[0m
[ 59%] [32mBuilding CXX object CMakeFiles/geometry_msgs__rosidl_typesupport_fastrtps_cpp.dir/rosidl_typesupport_fastrtps_cpp/geometry_msgs/msg/detail/dds_fastrtps/polygon_instance_stamped__type_support.cpp.o[0m
[ 59%] [32mBuilding CXX object CMakeFiles/geometry_msgs__rosidl_typesupport_fastrtps_c.dir/rosidl_typesupport_fastrtps_c/geometry_msgs/msg/detail/point__type_support_c.cpp.o[0m
[ 59%] [32mBuilding C object CMakeFiles/geometry_msgs__rosidl_typesupport_introspection_c.dir/rosidl_typesupport_introspection_c/geometry_msgs/msg/detail/polygon_stamped__type_support.c.o[0m
[ 59%] Built target geometry_msgs__rosidl_typesupport_c
[ 59%] [32mBuilding CXX object CMakeFiles/geometry_msgs__rosidl_typesupport_introspection_cpp.dir/rosidl_typesupport_introspection_cpp/geometry_msgs/msg/detail/twist_with_covariance__type_support.cpp.o[0m
[ 60%] [32mBuilding C object CMakeFiles/geometry_msgs__rosidl_typesupport_introspection_c.dir/rosidl_typesupport_introspection_c/geometry_msgs/msg/detail/pose__type_support.c.o[0m
[ 60%] [32m[1mLinking CXX shared library libgeometry_msgs__rosidl_typesupport_cpp.so[0m
[ 60%] [32mBuilding C object CMakeFiles/geometry_msgs__rosidl_typesupport_introspection_c.dir/rosidl_typesupport_introspection_c/geometry_msgs/msg/detail/pose2_d__type_support.c.o[0m
[ 60%] [32mBuilding CXX object CMakeFiles/geometry_msgs__rosidl_typesupport_fastrtps_cpp.dir/rosidl_typesupport_fastrtps_cpp/geometry_msgs/msg/detail/dds_fastrtps/polygon_stamped__type_support.cpp.o[0m
[ 60%] [32mBuilding CXX object CMakeFiles/geometry_msgs__rosidl_typesupport_introspection_cpp.dir/rosidl_typesupport_introspection_cpp/geometry_msgs/msg/detail/twist_with_covariance_stamped__type_support.cpp.o[0m
[ 61%] [32mBuilding CXX object CMakeFiles/geometry_msgs__rosidl_typesupport_introspection_cpp.dir/rosidl_typesupport_introspection_cpp/geometry_msgs/msg/detail/vector3__type_support.cpp.o[0m
[ 61%] Built target geometry_msgs__rosidl_typesupport_cpp
[ 62%] [32mBuilding C object CMakeFiles/geometry_msgs__rosidl_typesupport_introspection_c.dir/rosidl_typesupport_introspection_c/geometry_msgs/msg/detail/pose_array__type_support.c.o[0m
[ 63%] [32mBuilding CXX object CMakeFiles/geometry_msgs__rosidl_typesupport_fastrtps_cpp.dir/rosidl_typesupport_fastrtps_cpp/geometry_msgs/msg/detail/dds_fastrtps/pose__type_support.cpp.o[0m
[ 64%] [32mBuilding CXX object CMakeFiles/geometry_msgs__rosidl_typesupport_fastrtps_c.dir/rosidl_typesupport_fastrtps_c/geometry_msgs/msg/detail/point32__type_support_c.cpp.o[0m
[ 64%] [32mBuilding C object CMakeFiles/geometry_msgs__rosidl_typesupport_introspection_c.dir/rosidl_typesupport_introspection_c/geometry_msgs/msg/detail/pose_stamped__type_support.c.o[0m
[ 64%] [32mBuilding CXX object CMakeFiles/geometry_msgs__rosidl_typesupport_fastrtps_cpp.dir/rosidl_typesupport_fastrtps_cpp/geometry_msgs/msg/detail/dds_fastrtps/pose2_d__type_support.cpp.o[0m
[ 64%] [32mBuilding C object CMakeFiles/geometry_msgs__rosidl_typesupport_introspection_c.dir/rosidl_typesupport_introspection_c/geometry_msgs/msg/detail/pose_with_covariance__type_support.c.o[0m
[ 64%] [32mBuilding CXX object CMakeFiles/geometry_msgs__rosidl_typesupport_fastrtps_c.dir/rosidl_typesupport_fastrtps_c/geometry_msgs/msg/detail/point_stamped__type_support_c.cpp.o[0m
[ 64%] [32mBuilding CXX object CMakeFiles/geometry_msgs__rosidl_typesupport_introspection_cpp.dir/rosidl_typesupport_introspection_cpp/geometry_msgs/msg/detail/vector3_stamped__type_support.cpp.o[0m
[ 64%] [32mBuilding CXX object CMakeFiles/geometry_msgs__rosidl_typesupport_introspection_cpp.dir/rosidl_typesupport_introspection_cpp/geometry_msgs/msg/detail/velocity_stamped__type_support.cpp.o[0m
[ 65%] [32mBuilding C object CMakeFiles/geometry_msgs__rosidl_typesupport_introspection_c.dir/rosidl_typesupport_introspection_c/geometry_msgs/msg/detail/pose_with_covariance_stamped__type_support.c.o[0m
[ 65%] [32mBuilding CXX object CMakeFiles/geometry_msgs__rosidl_typesupport_fastrtps_cpp.dir/rosidl_typesupport_fastrtps_cpp/geometry_msgs/msg/detail/dds_fastrtps/pose_array__type_support.cpp.o[0m
[ 65%] [32mBuilding CXX object CMakeFiles/geometry_msgs__rosidl_typesupport_fastrtps_c.dir/rosidl_typesupport_fastrtps_c/geometry_msgs/msg/detail/polygon__type_support_c.cpp.o[0m
[ 65%] [32mBuilding C object CMakeFiles/geometry_msgs__rosidl_typesupport_introspection_c.dir/rosidl_typesupport_introspection_c/geometry_msgs/msg/detail/quaternion__type_support.c.o[0m
[ 67%] [32mBuilding CXX object CMakeFiles/geometry_msgs__rosidl_typesupport_fastrtps_cpp.dir/rosidl_typesupport_fastrtps_cpp/geometry_msgs/msg/detail/dds_fastrtps/pose_stamped__type_support.cpp.o[0m
[ 67%] [32mBuilding CXX object CMakeFiles/geometry_msgs__rosidl_typesupport_fastrtps_c.dir/rosidl_typesupport_fastrtps_c/geometry_msgs/msg/detail/polygon_instance__type_support_c.cpp.o[0m
[ 67%] [32mBuilding C object CMakeFiles/geometry_msgs__rosidl_typesupport_introspection_c.dir/rosidl_typesupport_introspection_c/geometry_msgs/msg/detail/quaternion_stamped__type_support.c.o[0m
[ 68%] [32mBuilding C object CMakeFiles/geometry_msgs__rosidl_typesupport_introspection_c.dir/rosidl_typesupport_introspection_c/geometry_msgs/msg/detail/transform__type_support.c.o[0m
[ 68%] [32mBuilding CXX object CMakeFiles/geometry_msgs__rosidl_typesupport_fastrtps_cpp.dir/rosidl_typesupport_fastrtps_cpp/geometry_msgs/msg/detail/dds_fastrtps/pose_with_covariance__type_support.cpp.o[0m
[ 69%] [32mBuilding C object CMakeFiles/geometry_msgs__rosidl_typesupport_introspection_c.dir/rosidl_typesupport_introspection_c/geometry_msgs/msg/detail/transform_stamped__type_support.c.o[0m
[ 69%] [32mBuilding CXX object CMakeFiles/geometry_msgs__rosidl_typesupport_introspection_cpp.dir/rosidl_typesupport_introspection_cpp/geometry_msgs/msg/detail/wrench__type_support.cpp.o[0m
[ 69%] [32mBuilding CXX object CMakeFiles/geometry_msgs__rosidl_typesupport_introspection_cpp.dir/rosidl_typesupport_introspection_cpp/geometry_msgs/msg/detail/wrench_stamped__type_support.cpp.o[0m
[ 69%] [32mBuilding CXX object CMakeFiles/geometry_msgs__rosidl_typesupport_fastrtps_c.dir/rosidl_typesupport_fastrtps_c/geometry_msgs/msg/detail/polygon_instance_stamped__type_support_c.cpp.o[0m
[ 69%] [32mBuilding C object CMakeFiles/geometry_msgs__rosidl_typesupport_introspection_c.dir/rosidl_typesupport_introspection_c/geometry_msgs/msg/detail/twist__type_support.c.o[0m
[ 69%] [32mBuilding CXX object CMakeFiles/geometry_msgs__rosidl_typesupport_fastrtps_cpp.dir/rosidl_typesupport_fastrtps_cpp/geometry_msgs/msg/detail/dds_fastrtps/pose_with_covariance_stamped__type_support.cpp.o[0m
[ 70%] [32mBuilding C object CMakeFiles/geometry_msgs__rosidl_typesupport_introspection_c.dir/rosidl_typesupport_introspection_c/geometry_msgs/msg/detail/twist_stamped__type_support.c.o[0m
[ 71%] [32mBuilding CXX object CMakeFiles/geometry_msgs__rosidl_typesupport_fastrtps_cpp.dir/rosidl_typesupport_fastrtps_cpp/geometry_msgs/msg/detail/dds_fastrtps/quaternion__type_support.cpp.o[0m
[ 71%] [32mBuilding CXX object CMakeFiles/geometry_msgs__rosidl_typesupport_fastrtps_c.dir/rosidl_typesupport_fastrtps_c/geometry_msgs/msg/detail/polygon_stamped__type_support_c.cpp.o[0m
[ 71%] [32mBuilding C object CMakeFiles/geometry_msgs__rosidl_typesupport_introspection_c.dir/rosidl_typesupport_introspection_c/geometry_msgs/msg/detail/twist_with_covariance__type_support.c.o[0m
[ 71%] [32mBuilding CXX object CMakeFiles/geometry_msgs__rosidl_typesupport_fastrtps_cpp.dir/rosidl_typesupport_fastrtps_cpp/geometry_msgs/msg/detail/dds_fastrtps/quaternion_stamped__type_support.cpp.o[0m
[ 71%] [32mBuilding C object CMakeFiles/geometry_msgs__rosidl_typesupport_introspection_c.dir/rosidl_typesupport_introspection_c/geometry_msgs/msg/detail/twist_with_covariance_stamped__type_support.c.o[0m
[ 73%] [32mBuilding C object CMakeFiles/geometry_msgs__rosidl_typesupport_introspection_c.dir/rosidl_typesupport_introspection_c/geometry_msgs/msg/detail/vector3__type_support.c.o[0m
[ 73%] [32mBuilding CXX object CMakeFiles/geometry_msgs__rosidl_typesupport_fastrtps_c.dir/rosidl_typesupport_fastrtps_c/geometry_msgs/msg/detail/pose__type_support_c.cpp.o[0m
[ 74%] [32mBuilding C object CMakeFiles/geometry_msgs__rosidl_typesupport_introspection_c.dir/rosidl_typesupport_introspection_c/geometry_msgs/msg/detail/vector3_stamped__type_support.c.o[0m
[ 74%] [32mBuilding CXX object CMakeFiles/geometry_msgs__rosidl_typesupport_fastrtps_cpp.dir/rosidl_typesupport_fastrtps_cpp/geometry_msgs/msg/detail/dds_fastrtps/transform__type_support.cpp.o[0m
[ 74%] [32mBuilding CXX object CMakeFiles/geometry_msgs__rosidl_typesupport_fastrtps_c.dir/rosidl_typesupport_fastrtps_c/geometry_msgs/msg/detail/pose_array__type_support_c.cpp.o[0m
[ 74%] [32mBuilding CXX object CMakeFiles/geometry_msgs__rosidl_typesupport_fastrtps_c.dir/rosidl_typesupport_fastrtps_c/geometry_msgs/msg/detail/pose2_d__type_support_c.cpp.o[0m
[ 74%] [32m[1mLinking CXX shared library libgeometry_msgs__rosidl_typesupport_introspection_cpp.so[0m
[ 75%] [32mBuilding C object CMakeFiles/geometry_msgs__rosidl_typesupport_introspection_c.dir/rosidl_typesupport_introspection_c/geometry_msgs/msg/detail/velocity_stamped__type_support.c.o[0m
[ 75%] [32mBuilding C object CMakeFiles/geometry_msgs__rosidl_typesupport_introspection_c.dir/rosidl_typesupport_introspection_c/geometry_msgs/msg/detail/wrench__type_support.c.o[0m
[ 75%] [32mBuilding C object CMakeFiles/geometry_msgs__rosidl_typesupport_introspection_c.dir/rosidl_typesupport_introspection_c/geometry_msgs/msg/detail/wrench_stamped__type_support.c.o[0m
[ 76%] [32mBuilding CXX object CMakeFiles/geometry_msgs__rosidl_typesupport_fastrtps_cpp.dir/rosidl_typesupport_fastrtps_cpp/geometry_msgs/msg/detail/dds_fastrtps/transform_stamped__type_support.cpp.o[0m
[ 77%] [32mBuilding CXX object CMakeFiles/geometry_msgs__rosidl_typesupport_fastrtps_c.dir/rosidl_typesupport_fastrtps_c/geometry_msgs/msg/detail/pose_stamped__type_support_c.cpp.o[0m
[ 77%] [32mBuilding CXX object CMakeFiles/geometry_msgs__rosidl_typesupport_fastrtps_cpp.dir/rosidl_typesupport_fastrtps_cpp/geometry_msgs/msg/detail/dds_fastrtps/twist__type_support.cpp.o[0m
[ 77%] Built target geometry_msgs__rosidl_typesupport_introspection_cpp
[ 78%] [32m[1mLinking C shared library libgeometry_msgs__rosidl_typesupport_introspection_c.so[0m
[ 78%] [32mBuilding CXX object CMakeFiles/geometry_msgs__rosidl_typesupport_fastrtps_c.dir/rosidl_typesupport_fastrtps_c/geometry_msgs/msg/detail/pose_with_covariance__type_support_c.cpp.o[0m
[ 78%] [32mBuilding CXX object CMakeFiles/geometry_msgs__rosidl_typesupport_fastrtps_c.dir/rosidl_typesupport_fastrtps_c/geometry_msgs/msg/detail/pose_with_covariance_stamped__type_support_c.cpp.o[0m
[ 79%] [32mBuilding CXX object CMakeFiles/geometry_msgs__rosidl_typesupport_fastrtps_c.dir/rosidl_typesupport_fastrtps_c/geometry_msgs/msg/detail/quaternion__type_support_c.cpp.o[0m
[ 79%] Built target geometry_msgs__rosidl_typesupport_introspection_c
[ 80%] [32mBuilding CXX object CMakeFiles/geometry_msgs__rosidl_typesupport_fastrtps_cpp.dir/rosidl_typesupport_fastrtps_cpp/geometry_msgs/msg/detail/dds_fastrtps/twist_stamped__type_support.cpp.o[0m
[ 80%] [32mBuilding CXX object CMakeFiles/geometry_msgs__rosidl_typesupport_fastrtps_cpp.dir/rosidl_typesupport_fastrtps_cpp/geometry_msgs/msg/detail/dds_fastrtps/twist_with_covariance__type_support.cpp.o[0m
[ 80%] [32mBuilding CXX object CMakeFiles/geometry_msgs__rosidl_typesupport_fastrtps_c.dir/rosidl_typesupport_fastrtps_c/geometry_msgs/msg/detail/quaternion_stamped__type_support_c.cpp.o[0m
[ 80%] [32mBuilding CXX object CMakeFiles/geometry_msgs__rosidl_typesupport_fastrtps_cpp.dir/rosidl_typesupport_fastrtps_cpp/geometry_msgs/msg/detail/dds_fastrtps/twist_with_covariance_stamped__type_support.cpp.o[0m
[ 81%] [32mBuilding CXX object CMakeFiles/geometry_msgs__rosidl_typesupport_fastrtps_cpp.dir/rosidl_typesupport_fastrtps_cpp/geometry_msgs/msg/detail/dds_fastrtps/vector3__type_support.cpp.o[0m
[ 82%] [32mBuilding CXX object CMakeFiles/geometry_msgs__rosidl_typesupport_fastrtps_c.dir/rosidl_typesupport_fastrtps_c/geometry_msgs/msg/detail/transform__type_support_c.cpp.o[0m
[ 82%] [32mBuilding CXX object CMakeFiles/geometry_msgs__rosidl_typesupport_fastrtps_cpp.dir/rosidl_typesupport_fastrtps_cpp/geometry_msgs/msg/detail/dds_fastrtps/vector3_stamped__type_support.cpp.o[0m
[ 84%] [32mBuilding CXX object CMakeFiles/geometry_msgs__rosidl_typesupport_fastrtps_c.dir/rosidl_typesupport_fastrtps_c/geometry_msgs/msg/detail/transform_stamped__type_support_c.cpp.o[0m
[ 84%] [32mBuilding CXX object CMakeFiles/geometry_msgs__rosidl_typesupport_fastrtps_cpp.dir/rosidl_typesupport_fastrtps_cpp/geometry_msgs/msg/detail/dds_fastrtps/wrench__type_support.cpp.o[0m
[ 84%] [32mBuilding CXX object CMakeFiles/geometry_msgs__rosidl_typesupport_fastrtps_c.dir/rosidl_typesupport_fastrtps_c/geometry_msgs/msg/detail/twist__type_support_c.cpp.o[0m
[ 84%] [32mBuilding CXX object CMakeFiles/geometry_msgs__rosidl_typesupport_fastrtps_c.dir/rosidl_typesupport_fastrtps_c/geometry_msgs/msg/detail/twist_stamped__type_support_c.cpp.o[0m
[ 84%] [32mBuilding CXX object CMakeFiles/geometry_msgs__rosidl_typesupport_fastrtps_cpp.dir/rosidl_typesupport_fastrtps_cpp/geometry_msgs/msg/detail/dds_fastrtps/velocity_stamped__type_support.cpp.o[0m
[ 84%] [32mBuilding CXX object CMakeFiles/geometry_msgs__rosidl_typesupport_fastrtps_cpp.dir/rosidl_typesupport_fastrtps_cpp/geometry_msgs/msg/detail/dds_fastrtps/wrench_stamped__type_support.cpp.o[0m
[ 84%] [32mBuilding CXX object CMakeFiles/geometry_msgs__rosidl_typesupport_fastrtps_c.dir/rosidl_typesupport_fastrtps_c/geometry_msgs/msg/detail/twist_with_covariance__type_support_c.cpp.o[0m
[ 84%] [32mBuilding CXX object CMakeFiles/geometry_msgs__rosidl_typesupport_fastrtps_c.dir/rosidl_typesupport_fastrtps_c/geometry_msgs/msg/detail/twist_with_covariance_stamped__type_support_c.cpp.o[0m
[ 85%] [32mBuilding CXX object CMakeFiles/geometry_msgs__rosidl_typesupport_fastrtps_c.dir/rosidl_typesupport_fastrtps_c/geometry_msgs/msg/detail/vector3__type_support_c.cpp.o[0m
[ 85%] [32mBuilding CXX object CMakeFiles/geometry_msgs__rosidl_typesupport_fastrtps_c.dir/rosidl_typesupport_fastrtps_c/geometry_msgs/msg/detail/vector3_stamped__type_support_c.cpp.o[0m
[ 85%] [32mBuilding CXX object CMakeFiles/geometry_msgs__rosidl_typesupport_fastrtps_c.dir/rosidl_typesupport_fastrtps_c/geometry_msgs/msg/detail/velocity_stamped__type_support_c.cpp.o[0m
[ 86%] [32mBuilding CXX object CMakeFiles/geometry_msgs__rosidl_typesupport_fastrtps_c.dir/rosidl_typesupport_fastrtps_c/geometry_msgs/msg/detail/wrench__type_support_c.cpp.o[0m
[ 86%] [32mBuilding CXX object CMakeFiles/geometry_msgs__rosidl_typesupport_fastrtps_c.dir/rosidl_typesupport_fastrtps_c/geometry_msgs/msg/detail/wrench_stamped__type_support_c.cpp.o[0m
[ 86%] [32m[1mLinking CXX shared library libgeometry_msgs__rosidl_typesupport_fastrtps_cpp.so[0m
[ 86%] Built target geometry_msgs__rosidl_typesupport_fastrtps_cpp
[ 87%] [32m[1mLinking CXX shared library libgeometry_msgs__rosidl_typesupport_fastrtps_c.so[0m
[ 87%] Built target geometry_msgs__rosidl_typesupport_fastrtps_c
[ 87%] Built target geometry_msgs
[ 87%] [34m[1mGenerating Python code for ROS interfaces[0m
[ 87%] Built target geometry_msgs__py
[ 88%] [32mBuilding C object CMakeFiles/geometry_msgs__rosidl_generator_py.dir/rosidl_generator_py/geometry_msgs/msg/_accel_stamped_s.c.o[0m
[ 88%] [32mBuilding C object CMakeFiles/geometry_msgs__rosidl_generator_py.dir/rosidl_generator_py/geometry_msgs/msg/_accel_s.c.o[0m
[ 89%] [32mBuilding C object CMakeFiles/geometry_msgs__rosidl_generator_py.dir/rosidl_generator_py/geometry_msgs/msg/_accel_with_covariance_s.c.o[0m
[ 89%] [32mBuilding C object CMakeFiles/geometry_msgs__rosidl_generator_py.dir/rosidl_generator_py/geometry_msgs/msg/_accel_with_covariance_stamped_s.c.o[0m
[ 90%] [32mBuilding C object CMakeFiles/geometry_msgs__rosidl_generator_py.dir/rosidl_generator_py/geometry_msgs/msg/_inertia_s.c.o[0m
[ 90%] [32mBuilding C object CMakeFiles/geometry_msgs__rosidl_generator_py.dir/rosidl_generator_py/geometry_msgs/msg/_inertia_stamped_s.c.o[0m
[ 90%] [32mBuilding C object CMakeFiles/geometry_msgs__rosidl_generator_py.dir/rosidl_generator_py/geometry_msgs/msg/_point_s.c.o[0m
[ 90%] [32mBuilding C object CMakeFiles/geometry_msgs__rosidl_generator_py.dir/rosidl_generator_py/geometry_msgs/msg/_point32_s.c.o[0m
[ 91%] [32mBuilding C object CMakeFiles/geometry_msgs__rosidl_generator_py.dir/rosidl_generator_py/geometry_msgs/msg/_point_stamped_s.c.o[0m
[ 91%] [32mBuilding C object CMakeFiles/geometry_msgs__rosidl_generator_py.dir/rosidl_generator_py/geometry_msgs/msg/_polygon_s.c.o[0m
[ 91%] [32mBuilding C object CMakeFiles/geometry_msgs__rosidl_generator_py.dir/rosidl_generator_py/geometry_msgs/msg/_polygon_instance_s.c.o[0m
[ 92%] [32mBuilding C object CMakeFiles/geometry_msgs__rosidl_generator_py.dir/rosidl_generator_py/geometry_msgs/msg/_polygon_instance_stamped_s.c.o[0m
[ 94%] [32mBuilding C object CMakeFiles/geometry_msgs__rosidl_generator_py.dir/rosidl_generator_py/geometry_msgs/msg/_pose_array_s.c.o[0m
[ 94%] [32mBuilding C object CMakeFiles/geometry_msgs__rosidl_generator_py.dir/rosidl_generator_py/geometry_msgs/msg/_pose_with_covariance_s.c.o[0m
[ 94%] [32mBuilding C object CMakeFiles/geometry_msgs__rosidl_generator_py.dir/rosidl_generator_py/geometry_msgs/msg/_pose_s.c.o[0m
[ 94%] [32mBuilding C object CMakeFiles/geometry_msgs__rosidl_generator_py.dir/rosidl_generator_py/geometry_msgs/msg/_polygon_stamped_s.c.o[0m
[ 94%] [32mBuilding C object CMakeFiles/geometry_msgs__rosidl_generator_py.dir/rosidl_generator_py/geometry_msgs/msg/_pose_stamped_s.c.o[0m
[ 94%] [32mBuilding C object CMakeFiles/geometry_msgs__rosidl_generator_py.dir/rosidl_generator_py/geometry_msgs/msg/_pose_with_covariance_stamped_s.c.o[0m
[ 94%] [32mBuilding C object CMakeFiles/geometry_msgs__rosidl_generator_py.dir/rosidl_generator_py/geometry_msgs/msg/_quaternion_s.c.o[0m
[ 95%] [32mBuilding C object CMakeFiles/geometry_msgs__rosidl_generator_py.dir/rosidl_generator_py/geometry_msgs/msg/_pose2_d_s.c.o[0m
[ 95%] [32mBuilding C object CMakeFiles/geometry_msgs__rosidl_generator_py.dir/rosidl_generator_py/geometry_msgs/msg/_transform_s.c.o[0m
[ 95%] [32mBuilding C object CMakeFiles/geometry_msgs__rosidl_generator_py.dir/rosidl_generator_py/geometry_msgs/msg/_quaternion_stamped_s.c.o[0m
[ 96%] [32mBuilding C object CMakeFiles/geometry_msgs__rosidl_generator_py.dir/rosidl_generator_py/geometry_msgs/msg/_transform_stamped_s.c.o[0m
[ 96%] [32mBuilding C object CMakeFiles/geometry_msgs__rosidl_generator_py.dir/rosidl_generator_py/geometry_msgs/msg/_twist_s.c.o[0m
[ 97%] [32mBuilding C object CMakeFiles/geometry_msgs__rosidl_generator_py.dir/rosidl_generator_py/geometry_msgs/msg/_twist_with_covariance_stamped_s.c.o[0m
[ 97%] [32mBuilding C object CMakeFiles/geometry_msgs__rosidl_generator_py.dir/rosidl_generator_py/geometry_msgs/msg/_vector3_s.c.o[0m
[ 97%] [32mBuilding C object CMakeFiles/geometry_msgs__rosidl_generator_py.dir/rosidl_generator_py/geometry_msgs/msg/_velocity_stamped_s.c.o[0m
[ 97%] [32mBuilding C object CMakeFiles/geometry_msgs__rosidl_generator_py.dir/rosidl_generator_py/geometry_msgs/msg/_twist_stamped_s.c.o[0m
[ 97%] [32mBuilding C object CMakeFiles/geometry_msgs__rosidl_generator_py.dir/rosidl_generator_py/geometry_msgs/msg/_twist_with_covariance_s.c.o[0m
[ 98%] [32mBuilding C object CMakeFiles/geometry_msgs__rosidl_generator_py.dir/rosidl_generator_py/geometry_msgs/msg/_vector3_stamped_s.c.o[0m
[ 99%] [32mBuilding C object CMakeFiles/geometry_msgs__rosidl_generator_py.dir/rosidl_generator_py/geometry_msgs/msg/_wrench_s.c.o[0m
[ 99%] [32mBuilding C object CMakeFiles/geometry_msgs__rosidl_generator_py.dir/rosidl_generator_py/geometry_msgs/msg/_wrench_stamped_s.c.o[0m
[ 99%] [32m[1mLinking C shared library rosidl_generator_py/geometry_msgs/libgeometry_msgs__rosidl_generator_py.so[0m
[ 99%] Built target geometry_msgs__rosidl_generator_py
[ 99%] [32mBuilding C object CMakeFiles/geometry_msgs__rosidl_typesupport_fastrtps_c__pyext.dir/rosidl_generator_py/geometry_msgs/_geometry_msgs_s.ep.rosidl_typesupport_fastrtps_c.c.o[0m
[100%] [32mBuilding C object CMakeFiles/geometry_msgs__rosidl_typesupport_c__pyext.dir/rosidl_generator_py/geometry_msgs/_geometry_msgs_s.ep.rosidl_typesupport_c.c.o[0m
[100%] [32mBuilding C object CMakeFiles/geometry_msgs__rosidl_typesupport_introspection_c__pyext.dir/rosidl_generator_py/geometry_msgs/_geometry_msgs_s.ep.rosidl_typesupport_introspection_c.c.o[0m
[100%] [32m[1mLinking C shared library rosidl_generator_py/geometry_msgs/geometry_msgs_s__rosidl_typesupport_c.cpython-312-x86_64-linux-gnu.so[0m
[100%] [32m[1mLinking C shared library rosidl_generator_py/geometry_msgs/geometry_msgs_s__rosidl_typesupport_fastrtps_c.cpython-312-x86_64-linux-gnu.so[0m
[100%] [32m[1mLinking C shared library rosidl_generator_py/geometry_msgs/geometry_msgs_s__rosidl_typesupport_introspection_c.cpython-312-x86_64-linux-gnu.so[0m
[100%] Built target geometry_msgs__rosidl_typesupport_introspection_c__pyext
[100%] Built target geometry_msgs__rosidl_typesupport_fastrtps_c__pyext
[100%] Built target geometry_msgs__rosidl_typesupport_c__pyext
-- Install configuration: "Release"
-- Execute custom install script
-- Symlinking: /home/jiil/ur_ws/install/geometry_msgs/share/ament_index/resource_index/rosidl_interfaces/geometry_msgs
-- Symlinking: /home/jiil/ur_ws/install/geometry_msgs/include/geometry_msgs/geometry_msgs/msg/accel.h
-- Symlinking: /home/jiil/ur_ws/install/geometry_msgs/include/geometry_msgs/geometry_msgs/msg/accel_stamped.h
-- Symlinking: /home/jiil/ur_ws/install/geometry_msgs/include/geometry_msgs/geometry_msgs/msg/accel_with_covariance.h
-- Symlinking: /home/jiil/ur_ws/install/geometry_msgs/include/geometry_msgs/geometry_msgs/msg/accel_with_covariance_stamped.h
-- Symlinking: /home/jiil/ur_ws/install/geometry_msgs/include/geometry_msgs/geometry_msgs/msg/detail/accel__functions.h
-- Symlinking: /home/jiil/ur_ws/install/geometry_msgs/include/geometry_msgs/geometry_msgs/msg/detail/accel__struct.h
-- Symlinking: /home/jiil/ur_ws/install/geometry_msgs/include/geometry_msgs/geometry_msgs/msg/detail/accel__type_support.h
-- Symlinking: /home/jiil/ur_ws/install/geometry_msgs/include/geometry_msgs/geometry_msgs/msg/detail/accel_stamped__functions.h
-- Symlinking: /home/jiil/ur_ws/install/geometry_msgs/include/geometry_msgs/geometry_msgs/msg/detail/accel_stamped__struct.h
-- Symlinking: /home/jiil/ur_ws/install/geometry_msgs/include/geometry_msgs/geometry_msgs/msg/detail/accel_stamped__type_support.h
-- Symlinking: /home/jiil/ur_ws/install/geometry_msgs/include/geometry_msgs/geometry_msgs/msg/detail/accel_with_covariance__functions.h
-- Symlinking: /home/jiil/ur_ws/install/geometry_msgs/include/geometry_msgs/geometry_msgs/msg/detail/accel_with_covariance__struct.h
-- Symlinking: /home/jiil/ur_ws/install/geometry_msgs/include/geometry_msgs/geometry_msgs/msg/detail/accel_with_covariance__type_support.h
-- Symlinking: /home/jiil/ur_ws/install/geometry_msgs/include/geometry_msgs/geometry_msgs/msg/detail/accel_with_covariance_stamped__functions.h
-- Symlinking: /home/jiil/ur_ws/install/geometry_msgs/include/geometry_msgs/geometry_msgs/msg/detail/accel_with_covariance_stamped__struct.h
-- Symlinking: /home/jiil/ur_ws/install/geometry_msgs/include/geometry_msgs/geometry_msgs/msg/detail/accel_with_covariance_stamped__type_support.h
-- Symlinking: /home/jiil/ur_ws/install/geometry_msgs/include/geometry_msgs/geometry_msgs/msg/detail/inertia__functions.h
-- Symlinking: /home/jiil/ur_ws/install/geometry_msgs/include/geometry_msgs/geometry_msgs/msg/detail/inertia__struct.h
-- Symlinking: /home/jiil/ur_ws/install/geometry_msgs/include/geometry_msgs/geometry_msgs/msg/detail/inertia__type_support.h
-- Symlinking: /home/jiil/ur_ws/install/geometry_msgs/include/geometry_msgs/geometry_msgs/msg/detail/inertia_stamped__functions.h
-- Symlinking: /home/jiil/ur_ws/install/geometry_msgs/include/geometry_msgs/geometry_msgs/msg/detail/inertia_stamped__struct.h
-- Symlinking: /home/jiil/ur_ws/install/geometry_msgs/include/geometry_msgs/geometry_msgs/msg/detail/inertia_stamped__type_support.h
-- Symlinking: /home/jiil/ur_ws/install/geometry_msgs/include/geometry_msgs/geometry_msgs/msg/detail/point32__functions.h
-- Symlinking: /home/jiil/ur_ws/install/geometry_msgs/include/geometry_msgs/geometry_msgs/msg/detail/point32__struct.h
-- Symlinking: /home/jiil/ur_ws/install/geometry_msgs/include/geometry_msgs/geometry_msgs/msg/detail/point32__type_support.h
-- Symlinking: /home/jiil/ur_ws/install/geometry_msgs/include/geometry_msgs/geometry_msgs/msg/detail/point__functions.h
-- Symlinking: /home/jiil/ur_ws/install/geometry_msgs/include/geometry_msgs/geometry_msgs/msg/detail/point__struct.h
-- Symlinking: /home/jiil/ur_ws/install/geometry_msgs/include/geometry_msgs/geometry_msgs/msg/detail/point__type_support.h
-- Symlinking: /home/jiil/ur_ws/install/geometry_msgs/include/geometry_msgs/geometry_msgs/msg/detail/point_stamped__functions.h
-- Symlinking: /home/jiil/ur_ws/install/geometry_msgs/include/geometry_msgs/geometry_msgs/msg/detail/point_stamped__struct.h
-- Symlinking: /home/jiil/ur_ws/install/geometry_msgs/include/geometry_msgs/geometry_msgs/msg/detail/point_stamped__type_support.h
-- Symlinking: /home/jiil/ur_ws/install/geometry_msgs/include/geometry_msgs/geometry_msgs/msg/detail/polygon__functions.h
-- Symlinking: /home/jiil/ur_ws/install/geometry_msgs/include/geometry_msgs/geometry_msgs/msg/detail/polygon__struct.h
-- Symlinking: /home/jiil/ur_ws/install/geometry_msgs/include/geometry_msgs/geometry_msgs/msg/detail/polygon__type_support.h
-- Symlinking: /home/jiil/ur_ws/install/geometry_msgs/include/geometry_msgs/geometry_msgs/msg/detail/polygon_instance__functions.h
-- Symlinking: /home/jiil/ur_ws/install/geometry_msgs/include/geometry_msgs/geometry_msgs/msg/detail/polygon_instance__struct.h
-- Symlinking: /home/jiil/ur_ws/install/geometry_msgs/include/geometry_msgs/geometry_msgs/msg/detail/polygon_instance__type_support.h
-- Symlinking: /home/jiil/ur_ws/install/geometry_msgs/include/geometry_msgs/geometry_msgs/msg/detail/polygon_instance_stamped__functions.h
-- Symlinking: /home/jiil/ur_ws/install/geometry_msgs/include/geometry_msgs/geometry_msgs/msg/detail/polygon_instance_stamped__struct.h
-- Symlinking: /home/jiil/ur_ws/install/geometry_msgs/include/geometry_msgs/geometry_msgs/msg/detail/polygon_instance_stamped__type_support.h
-- Symlinking: /home/jiil/ur_ws/install/geometry_msgs/include/geometry_msgs/geometry_msgs/msg/detail/polygon_stamped__functions.h
-- Symlinking: /home/jiil/ur_ws/install/geometry_msgs/include/geometry_msgs/geometry_msgs/msg/detail/polygon_stamped__struct.h
-- Symlinking: /home/jiil/ur_ws/install/geometry_msgs/include/geometry_msgs/geometry_msgs/msg/detail/polygon_stamped__type_support.h
-- Symlinking: /home/jiil/ur_ws/install/geometry_msgs/include/geometry_msgs/geometry_msgs/msg/detail/pose2_d__functions.h
-- Symlinking: /home/jiil/ur_ws/install/geometry_msgs/include/geometry_msgs/geometry_msgs/msg/detail/pose2_d__struct.h
-- Symlinking: /home/jiil/ur_ws/install/geometry_msgs/include/geometry_msgs/geometry_msgs/msg/detail/pose2_d__type_support.h
-- Symlinking: /home/jiil/ur_ws/install/geometry_msgs/include/geometry_msgs/geometry_msgs/msg/detail/pose__functions.h
-- Symlinking: /home/jiil/ur_ws/install/geometry_msgs/include/geometry_msgs/geometry_msgs/msg/detail/pose__struct.h
-- Symlinking: /home/jiil/ur_ws/install/geometry_msgs/include/geometry_msgs/geometry_msgs/msg/detail/pose__type_support.h
-- Symlinking: /home/jiil/ur_ws/install/geometry_msgs/include/geometry_msgs/geometry_msgs/msg/detail/pose_array__functions.h
-- Symlinking: /home/jiil/ur_ws/install/geometry_msgs/include/geometry_msgs/geometry_msgs/msg/detail/pose_array__struct.h
-- Symlinking: /home/jiil/ur_ws/install/geometry_msgs/include/geometry_msgs/geometry_msgs/msg/detail/pose_array__type_support.h
-- Symlinking: /home/jiil/ur_ws/install/geometry_msgs/include/geometry_msgs/geometry_msgs/msg/detail/pose_stamped__functions.h
-- Symlinking: /home/jiil/ur_ws/install/geometry_msgs/include/geometry_msgs/geometry_msgs/msg/detail/pose_stamped__struct.h
-- Symlinking: /home/jiil/ur_ws/install/geometry_msgs/include/geometry_msgs/geometry_msgs/msg/detail/pose_stamped__type_support.h
-- Symlinking: /home/jiil/ur_ws/install/geometry_msgs/include/geometry_msgs/geometry_msgs/msg/detail/pose_with_covariance__functions.h
-- Symlinking: /home/jiil/ur_ws/install/geometry_msgs/include/geometry_msgs/geometry_msgs/msg/detail/pose_with_covariance__struct.h
-- Symlinking: /home/jiil/ur_ws/install/geometry_msgs/include/geometry_msgs/geometry_msgs/msg/detail/pose_with_covariance__type_support.h
-- Symlinking: /home/jiil/ur_ws/install/geometry_msgs/include/geometry_msgs/geometry_msgs/msg/detail/pose_with_covariance_stamped__functions.h
-- Symlinking: /home/jiil/ur_ws/install/geometry_msgs/include/geometry_msgs/geometry_msgs/msg/detail/pose_with_covariance_stamped__struct.h
-- Symlinking: /home/jiil/ur_ws/install/geometry_msgs/include/geometry_msgs/geometry_msgs/msg/detail/pose_with_covariance_stamped__type_support.h
-- Symlinking: /home/jiil/ur_ws/install/geometry_msgs/include/geometry_msgs/geometry_msgs/msg/detail/quaternion__functions.h
-- Symlinking: /home/jiil/ur_ws/install/geometry_msgs/include/geometry_msgs/geometry_msgs/msg/detail/quaternion__struct.h
-- Symlinking: /home/jiil/ur_ws/install/geometry_msgs/include/geometry_msgs/geometry_msgs/msg/detail/quaternion__type_support.h
-- Symlinking: /home/jiil/ur_ws/install/geometry_msgs/include/geometry_msgs/geometry_msgs/msg/detail/quaternion_stamped__functions.h
-- Symlinking: /home/jiil/ur_ws/install/geometry_msgs/include/geometry_msgs/geometry_msgs/msg/detail/quaternion_stamped__struct.h
-- Symlinking: /home/jiil/ur_ws/install/geometry_msgs/include/geometry_msgs/geometry_msgs/msg/detail/quaternion_stamped__type_support.h
-- Symlinking: /home/jiil/ur_ws/install/geometry_msgs/include/geometry_msgs/geometry_msgs/msg/detail/transform__functions.h
-- Symlinking: /home/jiil/ur_ws/install/geometry_msgs/include/geometry_msgs/geometry_msgs/msg/detail/transform__struct.h
-- Symlinking: /home/jiil/ur_ws/install/geometry_msgs/include/geometry_msgs/geometry_msgs/msg/detail/transform__type_support.h
-- Symlinking: /home/jiil/ur_ws/install/geometry_msgs/include/geometry_msgs/geometry_msgs/msg/detail/transform_stamped__functions.h
-- Symlinking: /home/jiil/ur_ws/install/geometry_msgs/include/geometry_msgs/geometry_msgs/msg/detail/transform_stamped__struct.h
-- Symlinking: /home/jiil/ur_ws/install/geometry_msgs/include/geometry_msgs/geometry_msgs/msg/detail/transform_stamped__type_support.h
-- Symlinking: /home/jiil/ur_ws/install/geometry_msgs/include/geometry_msgs/geometry_msgs/msg/detail/twist__functions.h
-- Symlinking: /home/jiil/ur_ws/install/geometry_msgs/include/geometry_msgs/geometry_msgs/msg/detail/twist__struct.h
-- Symlinking: /home/jiil/ur_ws/install/geometry_msgs/include/geometry_msgs/geometry_msgs/msg/detail/twist__type_support.h
-- Symlinking: /home/jiil/ur_ws/install/geometry_msgs/include/geometry_msgs/geometry_msgs/msg/detail/twist_stamped__functions.h
-- Symlinking: /home/jiil/ur_ws/install/geometry_msgs/include/geometry_msgs/geometry_msgs/msg/detail/twist_stamped__struct.h
-- Symlinking: /home/jiil/ur_ws/install/geometry_msgs/include/geometry_msgs/geometry_msgs/msg/detail/twist_stamped__type_support.h
-- Symlinking: /home/jiil/ur_ws/install/geometry_msgs/include/geometry_msgs/geometry_msgs/msg/detail/twist_with_covariance__functions.h
-- Symlinking: /home/jiil/ur_ws/install/geometry_msgs/include/geometry_msgs/geometry_msgs/msg/detail/twist_with_covariance__struct.h
-- Symlinking: /home/jiil/ur_ws/install/geometry_msgs/include/geometry_msgs/geometry_msgs/msg/detail/twist_with_covariance__type_support.h
-- Symlinking: /home/jiil/ur_ws/install/geometry_msgs/include/geometry_msgs/geometry_msgs/msg/detail/twist_with_covariance_stamped__functions.h
-- Symlinking: /home/jiil/ur_ws/install/geometry_msgs/include/geometry_msgs/geometry_msgs/msg/detail/twist_with_covariance_stamped__struct.h
-- Symlinking: /home/jiil/ur_ws/install/geometry_msgs/include/geometry_msgs/geometry_msgs/msg/detail/twist_with_covariance_stamped__type_support.h
-- Symlinking: /home/jiil/ur_ws/install/geometry_msgs/include/geometry_msgs/geometry_msgs/msg/detail/vector3__functions.h
-- Symlinking: /home/jiil/ur_ws/install/geometry_msgs/include/geometry_msgs/geometry_msgs/msg/detail/vector3__struct.h
-- Symlinking: /home/jiil/ur_ws/install/geometry_msgs/include/geometry_msgs/geometry_msgs/msg/detail/vector3__type_support.h
-- Symlinking: /home/jiil/ur_ws/install/geometry_msgs/include/geometry_msgs/geometry_msgs/msg/detail/vector3_stamped__functions.h
-- Symlinking: /home/jiil/ur_ws/install/geometry_msgs/include/geometry_msgs/geometry_msgs/msg/detail/vector3_stamped__struct.h
-- Symlinking: /home/jiil/ur_ws/install/geometry_msgs/include/geometry_msgs/geometry_msgs/msg/detail/vector3_stamped__type_support.h
-- Symlinking: /home/jiil/ur_ws/install/geometry_msgs/include/geometry_msgs/geometry_msgs/msg/detail/velocity_stamped__functions.h
-- Symlinking: /home/jiil/ur_ws/install/geometry_msgs/include/geometry_msgs/geometry_msgs/msg/detail/velocity_stamped__struct.h
-- Symlinking: /home/jiil/ur_ws/install/geometry_msgs/include/geometry_msgs/geometry_msgs/msg/detail/velocity_stamped__type_support.h
-- Symlinking: /home/jiil/ur_ws/install/geometry_msgs/include/geometry_msgs/geometry_msgs/msg/detail/wrench__functions.h
-- Symlinking: /home/jiil/ur_ws/install/geometry_msgs/include/geometry_msgs/geometry_msgs/msg/detail/wrench__struct.h
-- Symlinking: /home/jiil/ur_ws/install/geometry_msgs/include/geometry_msgs/geometry_msgs/msg/detail/wrench__type_support.h
-- Symlinking: /home/jiil/ur_ws/install/geometry_msgs/include/geometry_msgs/geometry_msgs/msg/detail/wrench_stamped__functions.h
-- Symlinking: /home/jiil/ur_ws/install/geometry_msgs/include/geometry_msgs/geometry_msgs/msg/detail/wrench_stamped__struct.h
-- Symlinking: /home/jiil/ur_ws/install/geometry_msgs/include/geometry_msgs/geometry_msgs/msg/detail/wrench_stamped__type_support.h
-- Symlinking: /home/jiil/ur_ws/install/geometry_msgs/include/geometry_msgs/geometry_msgs/msg/inertia.h
-- Symlinking: /home/jiil/ur_ws/install/geometry_msgs/include/geometry_msgs/geometry_msgs/msg/inertia_stamped.h
-- Symlinking: /home/jiil/ur_ws/install/geometry_msgs/include/geometry_msgs/geometry_msgs/msg/point.h
-- Symlinking: /home/jiil/ur_ws/install/geometry_msgs/include/geometry_msgs/geometry_msgs/msg/point32.h
-- Symlinking: /home/jiil/ur_ws/install/geometry_msgs/include/geometry_msgs/geometry_msgs/msg/point_stamped.h
-- Symlinking: /home/jiil/ur_ws/install/geometry_msgs/include/geometry_msgs/geometry_msgs/msg/polygon.h
-- Symlinking: /home/jiil/ur_ws/install/geometry_msgs/include/geometry_msgs/geometry_msgs/msg/polygon_instance.h
-- Symlinking: /home/jiil/ur_ws/install/geometry_msgs/include/geometry_msgs/geometry_msgs/msg/polygon_instance_stamped.h
-- Symlinking: /home/jiil/ur_ws/install/geometry_msgs/include/geometry_msgs/geometry_msgs/msg/polygon_stamped.h
-- Symlinking: /home/jiil/ur_ws/install/geometry_msgs/include/geometry_msgs/geometry_msgs/msg/pose.h
-- Symlinking: /home/jiil/ur_ws/install/geometry_msgs/include/geometry_msgs/geometry_msgs/msg/pose2_d.h
-- Symlinking: /home/jiil/ur_ws/install/geometry_msgs/include/geometry_msgs/geometry_msgs/msg/pose_array.h
-- Symlinking: /home/jiil/ur_ws/install/geometry_msgs/include/geometry_msgs/geometry_msgs/msg/pose_stamped.h
-- Symlinking: /home/jiil/ur_ws/install/geometry_msgs/include/geometry_msgs/geometry_msgs/msg/pose_with_covariance.h
-- Symlinking: /home/jiil/ur_ws/install/geometry_msgs/include/geometry_msgs/geometry_msgs/msg/pose_with_covariance_stamped.h
-- Symlinking: /home/jiil/ur_ws/install/geometry_msgs/include/geometry_msgs/geometry_msgs/msg/quaternion.h
-- Symlinking: /home/jiil/ur_ws/install/geometry_msgs/include/geometry_msgs/geometry_msgs/msg/quaternion_stamped.h
-- Symlinking: /home/jiil/ur_ws/install/geometry_msgs/include/geometry_msgs/geometry_msgs/msg/rosidl_generator_c__visibility_control.h
-- Symlinking: /home/jiil/ur_ws/install/geometry_msgs/include/geometry_msgs/geometry_msgs/msg/transform.h
-- Symlinking: /home/jiil/ur_ws/install/geometry_msgs/include/geometry_msgs/geometry_msgs/msg/transform_stamped.h
-- Symlinking: /home/jiil/ur_ws/install/geometry_msgs/include/geometry_msgs/geometry_msgs/msg/twist.h
-- Symlinking: /home/jiil/ur_ws/install/geometry_msgs/include/geometry_msgs/geometry_msgs/msg/twist_stamped.h
-- Symlinking: /home/jiil/ur_ws/install/geometry_msgs/include/geometry_msgs/geometry_msgs/msg/twist_with_covariance.h
-- Symlinking: /home/jiil/ur_ws/install/geometry_msgs/include/geometry_msgs/geometry_msgs/msg/twist_with_covariance_stamped.h
-- Symlinking: /home/jiil/ur_ws/install/geometry_msgs/include/geometry_msgs/geometry_msgs/msg/vector3.h
-- Symlinking: /home/jiil/ur_ws/install/geometry_msgs/include/geometry_msgs/geometry_msgs/msg/vector3_stamped.h
-- Symlinking: /home/jiil/ur_ws/install/geometry_msgs/include/geometry_msgs/geometry_msgs/msg/velocity_stamped.h
-- Symlinking: /home/jiil/ur_ws/install/geometry_msgs/include/geometry_msgs/geometry_msgs/msg/wrench.h
-- Symlinking: /home/jiil/ur_ws/install/geometry_msgs/include/geometry_msgs/geometry_msgs/msg/wrench_stamped.h
-- Symlinking: /home/jiil/ur_ws/install/geometry_msgs/share/geometry_msgs/environment/library_path.sh
-- Symlinking: /home/jiil/ur_ws/install/geometry_msgs/share/geometry_msgs/environment/library_path.dsv
-- Symlinking: /home/jiil/ur_ws/install/geometry_msgs/include/geometry_msgs/geometry_msgs/msg/detail/accel__rosidl_typesupport_introspection_c.h
-- Symlinking: /home/jiil/ur_ws/install/geometry_msgs/include/geometry_msgs/geometry_msgs/msg/detail/accel_stamped__rosidl_typesupport_introspection_c.h
-- Symlinking: /home/jiil/ur_ws/install/geometry_msgs/include/geometry_msgs/geometry_msgs/msg/detail/accel_with_covariance__rosidl_typesupport_introspection_c.h
-- Symlinking: /home/jiil/ur_ws/install/geometry_msgs/include/geometry_msgs/geometry_msgs/msg/detail/accel_with_covariance_stamped__rosidl_typesupport_introspection_c.h
-- Symlinking: /home/jiil/ur_ws/install/geometry_msgs/include/geometry_msgs/geometry_msgs/msg/detail/inertia__rosidl_typesupport_introspection_c.h
-- Symlinking: /home/jiil/ur_ws/install/geometry_msgs/include/geometry_msgs/geometry_msgs/msg/detail/inertia_stamped__rosidl_typesupport_introspection_c.h
-- Symlinking: /home/jiil/ur_ws/install/geometry_msgs/include/geometry_msgs/geometry_msgs/msg/detail/point32__rosidl_typesupport_introspection_c.h
-- Symlinking: /home/jiil/ur_ws/install/geometry_msgs/include/geometry_msgs/geometry_msgs/msg/detail/point__rosidl_typesupport_introspection_c.h
-- Symlinking: /home/jiil/ur_ws/install/geometry_msgs/include/geometry_msgs/geometry_msgs/msg/detail/point_stamped__rosidl_typesupport_introspection_c.h
-- Symlinking: /home/jiil/ur_ws/install/geometry_msgs/include/geometry_msgs/geometry_msgs/msg/detail/polygon__rosidl_typesupport_introspection_c.h
-- Symlinking: /home/jiil/ur_ws/install/geometry_msgs/include/geometry_msgs/geometry_msgs/msg/detail/polygon_instance__rosidl_typesupport_introspection_c.h
-- Symlinking: /home/jiil/ur_ws/install/geometry_msgs/include/geometry_msgs/geometry_msgs/msg/detail/polygon_instance_stamped__rosidl_typesupport_introspection_c.h
-- Symlinking: /home/jiil/ur_ws/install/geometry_msgs/include/geometry_msgs/geometry_msgs/msg/detail/polygon_stamped__rosidl_typesupport_introspection_c.h
-- Symlinking: /home/jiil/ur_ws/install/geometry_msgs/include/geometry_msgs/geometry_msgs/msg/detail/pose2_d__rosidl_typesupport_introspection_c.h
-- Symlinking: /home/jiil/ur_ws/install/geometry_msgs/include/geometry_msgs/geometry_msgs/msg/detail/pose__rosidl_typesupport_introspection_c.h
-- Symlinking: /home/jiil/ur_ws/install/geometry_msgs/include/geometry_msgs/geometry_msgs/msg/detail/pose_array__rosidl_typesupport_introspection_c.h
-- Symlinking: /home/jiil/ur_ws/install/geometry_msgs/include/geometry_msgs/geometry_msgs/msg/detail/pose_stamped__rosidl_typesupport_introspection_c.h
-- Symlinking: /home/jiil/ur_ws/install/geometry_msgs/include/geometry_msgs/geometry_msgs/msg/detail/pose_with_covariance__rosidl_typesupport_introspection_c.h
-- Symlinking: /home/jiil/ur_ws/install/geometry_msgs/include/geometry_msgs/geometry_msgs/msg/detail/pose_with_covariance_stamped__rosidl_typesupport_introspection_c.h
-- Symlinking: /home/jiil/ur_ws/install/geometry_msgs/include/geometry_msgs/geometry_msgs/msg/detail/quaternion__rosidl_typesupport_introspection_c.h
-- Symlinking: /home/jiil/ur_ws/install/geometry_msgs/include/geometry_msgs/geometry_msgs/msg/detail/quaternion_stamped__rosidl_typesupport_introspection_c.h
-- Symlinking: /home/jiil/ur_ws/install/geometry_msgs/include/geometry_msgs/geometry_msgs/msg/detail/transform__rosidl_typesupport_introspection_c.h
-- Symlinking: /home/jiil/ur_ws/install/geometry_msgs/include/geometry_msgs/geometry_msgs/msg/detail/transform_stamped__rosidl_typesupport_introspection_c.h
-- Symlinking: /home/jiil/ur_ws/install/geometry_msgs/include/geometry_msgs/geometry_msgs/msg/detail/twist__rosidl_typesupport_introspection_c.h
-- Symlinking: /home/jiil/ur_ws/install/geometry_msgs/include/geometry_msgs/geometry_msgs/msg/detail/twist_stamped__rosidl_typesupport_introspection_c.h
-- Symlinking: /home/jiil/ur_ws/install/geometry_msgs/include/geometry_msgs/geometry_msgs/msg/detail/twist_with_covariance__rosidl_typesupport_introspection_c.h
-- Symlinking: /home/jiil/ur_ws/install/geometry_msgs/include/geometry_msgs/geometry_msgs/msg/detail/twist_with_covariance_stamped__rosidl_typesupport_introspection_c.h
-- Symlinking: /home/jiil/ur_ws/install/geometry_msgs/include/geometry_msgs/geometry_msgs/msg/detail/vector3__rosidl_typesupport_introspection_c.h
-- Symlinking: /home/jiil/ur_ws/install/geometry_msgs/include/geometry_msgs/geometry_msgs/msg/detail/vector3_stamped__rosidl_typesupport_introspection_c.h
-- Symlinking: /home/jiil/ur_ws/install/geometry_msgs/include/geometry_msgs/geometry_msgs/msg/detail/velocity_stamped__rosidl_typesupport_introspection_c.h
-- Symlinking: /home/jiil/ur_ws/install/geometry_msgs/include/geometry_msgs/geometry_msgs/msg/detail/wrench__rosidl_typesupport_introspection_c.h
-- Symlinking: /home/jiil/ur_ws/install/geometry_msgs/include/geometry_msgs/geometry_msgs/msg/detail/wrench_stamped__rosidl_typesupport_introspection_c.h
-- Symlinking: /home/jiil/ur_ws/install/geometry_msgs/include/geometry_msgs/geometry_msgs/msg/rosidl_typesupport_introspection_c__visibility_control.h
-- Symlinking: /home/jiil/ur_ws/install/geometry_msgs/include/geometry_msgs/geometry_msgs/msg/detail/accel__rosidl_typesupport_fastrtps_c.h
-- Symlinking: /home/jiil/ur_ws/install/geometry_msgs/include/geometry_msgs/geometry_msgs/msg/detail/accel_stamped__rosidl_typesupport_fastrtps_c.h
-- Symlinking: /home/jiil/ur_ws/install/geometry_msgs/include/geometry_msgs/geometry_msgs/msg/detail/accel_with_covariance__rosidl_typesupport_fastrtps_c.h
-- Symlinking: /home/jiil/ur_ws/install/geometry_msgs/include/geometry_msgs/geometry_msgs/msg/detail/accel_with_covariance_stamped__rosidl_typesupport_fastrtps_c.h
-- Symlinking: /home/jiil/ur_ws/install/geometry_msgs/include/geometry_msgs/geometry_msgs/msg/detail/inertia__rosidl_typesupport_fastrtps_c.h
-- Symlinking: /home/jiil/ur_ws/install/geometry_msgs/include/geometry_msgs/geometry_msgs/msg/detail/inertia_stamped__rosidl_typesupport_fastrtps_c.h
-- Symlinking: /home/jiil/ur_ws/install/geometry_msgs/include/geometry_msgs/geometry_msgs/msg/detail/point32__rosidl_typesupport_fastrtps_c.h
-- Symlinking: /home/jiil/ur_ws/install/geometry_msgs/include/geometry_msgs/geometry_msgs/msg/detail/point__rosidl_typesupport_fastrtps_c.h
-- Symlinking: /home/jiil/ur_ws/install/geometry_msgs/include/geometry_msgs/geometry_msgs/msg/detail/point_stamped__rosidl_typesupport_fastrtps_c.h
-- Symlinking: /home/jiil/ur_ws/install/geometry_msgs/include/geometry_msgs/geometry_msgs/msg/detail/polygon__rosidl_typesupport_fastrtps_c.h
-- Symlinking: /home/jiil/ur_ws/install/geometry_msgs/include/geometry_msgs/geometry_msgs/msg/detail/polygon_instance__rosidl_typesupport_fastrtps_c.h
-- Symlinking: /home/jiil/ur_ws/install/geometry_msgs/include/geometry_msgs/geometry_msgs/msg/detail/polygon_instance_stamped__rosidl_typesupport_fastrtps_c.h
-- Symlinking: /home/jiil/ur_ws/install/geometry_msgs/include/geometry_msgs/geometry_msgs/msg/detail/polygon_stamped__rosidl_typesupport_fastrtps_c.h
-- Symlinking: /home/jiil/ur_ws/install/geometry_msgs/include/geometry_msgs/geometry_msgs/msg/detail/pose2_d__rosidl_typesupport_fastrtps_c.h
-- Symlinking: /home/jiil/ur_ws/install/geometry_msgs/include/geometry_msgs/geometry_msgs/msg/detail/pose__rosidl_typesupport_fastrtps_c.h
-- Symlinking: /home/jiil/ur_ws/install/geometry_msgs/include/geometry_msgs/geometry_msgs/msg/detail/pose_array__rosidl_typesupport_fastrtps_c.h
-- Symlinking: /home/jiil/ur_ws/install/geometry_msgs/include/geometry_msgs/geometry_msgs/msg/detail/pose_stamped__rosidl_typesupport_fastrtps_c.h
-- Symlinking: /home/jiil/ur_ws/install/geometry_msgs/include/geometry_msgs/geometry_msgs/msg/detail/pose_with_covariance__rosidl_typesupport_fastrtps_c.h
-- Symlinking: /home/jiil/ur_ws/install/geometry_msgs/include/geometry_msgs/geometry_msgs/msg/detail/pose_with_covariance_stamped__rosidl_typesupport_fastrtps_c.h
-- Symlinking: /home/jiil/ur_ws/install/geometry_msgs/include/geometry_msgs/geometry_msgs/msg/detail/quaternion__rosidl_typesupport_fastrtps_c.h
-- Symlinking: /home/jiil/ur_ws/install/geometry_msgs/include/geometry_msgs/geometry_msgs/msg/detail/quaternion_stamped__rosidl_typesupport_fastrtps_c.h
-- Symlinking: /home/jiil/ur_ws/install/geometry_msgs/include/geometry_msgs/geometry_msgs/msg/detail/transform__rosidl_typesupport_fastrtps_c.h
-- Symlinking: /home/jiil/ur_ws/install/geometry_msgs/include/geometry_msgs/geometry_msgs/msg/detail/transform_stamped__rosidl_typesupport_fastrtps_c.h
-- Symlinking: /home/jiil/ur_ws/install/geometry_msgs/include/geometry_msgs/geometry_msgs/msg/detail/twist__rosidl_typesupport_fastrtps_c.h
-- Symlinking: /home/jiil/ur_ws/install/geometry_msgs/include/geometry_msgs/geometry_msgs/msg/detail/twist_stamped__rosidl_typesupport_fastrtps_c.h
-- Symlinking: /home/jiil/ur_ws/install/geometry_msgs/include/geometry_msgs/geometry_msgs/msg/detail/twist_with_covariance__rosidl_typesupport_fastrtps_c.h
-- Symlinking: /home/jiil/ur_ws/install/geometry_msgs/include/geometry_msgs/geometry_msgs/msg/detail/twist_with_covariance_stamped__rosidl_typesupport_fastrtps_c.h
-- Symlinking: /home/jiil/ur_ws/install/geometry_msgs/include/geometry_msgs/geometry_msgs/msg/detail/vector3__rosidl_typesupport_fastrtps_c.h
-- Symlinking: /home/jiil/ur_ws/install/geometry_msgs/include/geometry_msgs/geometry_msgs/msg/detail/vector3_stamped__rosidl_typesupport_fastrtps_c.h
-- Symlinking: /home/jiil/ur_ws/install/geometry_msgs/include/geometry_msgs/geometry_msgs/msg/detail/velocity_stamped__rosidl_typesupport_fastrtps_c.h
-- Symlinking: /home/jiil/ur_ws/install/geometry_msgs/include/geometry_msgs/geometry_msgs/msg/detail/wrench__rosidl_typesupport_fastrtps_c.h
-- Symlinking: /home/jiil/ur_ws/install/geometry_msgs/include/geometry_msgs/geometry_msgs/msg/detail/wrench_stamped__rosidl_typesupport_fastrtps_c.h
-- Symlinking: /home/jiil/ur_ws/install/geometry_msgs/include/geometry_msgs/geometry_msgs/msg/rosidl_typesupport_fastrtps_c__visibility_control.h
-- Symlinking: /home/jiil/ur_ws/install/geometry_msgs/include/geometry_msgs/geometry_msgs/msg/accel.hpp
-- Symlinking: /home/jiil/ur_ws/install/geometry_msgs/include/geometry_msgs/geometry_msgs/msg/accel_stamped.hpp
-- Symlinking: /home/jiil/ur_ws/install/geometry_msgs/include/geometry_msgs/geometry_msgs/msg/accel_with_covariance.hpp
-- Symlinking: /home/jiil/ur_ws/install/geometry_msgs/include/geometry_msgs/geometry_msgs/msg/accel_with_covariance_stamped.hpp
-- Symlinking: /home/jiil/ur_ws/install/geometry_msgs/include/geometry_msgs/geometry_msgs/msg/detail/accel__builder.hpp
-- Symlinking: /home/jiil/ur_ws/install/geometry_msgs/include/geometry_msgs/geometry_msgs/msg/detail/accel__struct.hpp
-- Symlinking: /home/jiil/ur_ws/install/geometry_msgs/include/geometry_msgs/geometry_msgs/msg/detail/accel__traits.hpp
-- Symlinking: /home/jiil/ur_ws/install/geometry_msgs/include/geometry_msgs/geometry_msgs/msg/detail/accel__type_support.hpp
-- Symlinking: /home/jiil/ur_ws/install/geometry_msgs/include/geometry_msgs/geometry_msgs/msg/detail/accel_stamped__builder.hpp
-- Symlinking: /home/jiil/ur_ws/install/geometry_msgs/include/geometry_msgs/geometry_msgs/msg/detail/accel_stamped__struct.hpp
-- Symlinking: /home/jiil/ur_ws/install/geometry_msgs/include/geometry_msgs/geometry_msgs/msg/detail/accel_stamped__traits.hpp
-- Symlinking: /home/jiil/ur_ws/install/geometry_msgs/include/geometry_msgs/geometry_msgs/msg/detail/accel_stamped__type_support.hpp
-- Symlinking: /home/jiil/ur_ws/install/geometry_msgs/include/geometry_msgs/geometry_msgs/msg/detail/accel_with_covariance__builder.hpp
-- Symlinking: /home/jiil/ur_ws/install/geometry_msgs/include/geometry_msgs/geometry_msgs/msg/detail/accel_with_covariance__struct.hpp
-- Symlinking: /home/jiil/ur_ws/install/geometry_msgs/include/geometry_msgs/geometry_msgs/msg/detail/accel_with_covariance__traits.hpp
-- Symlinking: /home/jiil/ur_ws/install/geometry_msgs/include/geometry_msgs/geometry_msgs/msg/detail/accel_with_covariance__type_support.hpp
-- Symlinking: /home/jiil/ur_ws/install/geometry_msgs/include/geometry_msgs/geometry_msgs/msg/detail/accel_with_covariance_stamped__builder.hpp
-- Symlinking: /home/jiil/ur_ws/install/geometry_msgs/include/geometry_msgs/geometry_msgs/msg/detail/accel_with_covariance_stamped__struct.hpp
-- Symlinking: /home/jiil/ur_ws/install/geometry_msgs/include/geometry_msgs/geometry_msgs/msg/detail/accel_with_covariance_stamped__traits.hpp
-- Symlinking: /home/jiil/ur_ws/install/geometry_msgs/include/geometry_msgs/geometry_msgs/msg/detail/accel_with_covariance_stamped__type_support.hpp
-- Symlinking: /home/jiil/ur_ws/install/geometry_msgs/include/geometry_msgs/geometry_msgs/msg/detail/inertia__builder.hpp
-- Symlinking: /home/jiil/ur_ws/install/geometry_msgs/include/geometry_msgs/geometry_msgs/msg/detail/inertia__struct.hpp
-- Symlinking: /home/jiil/ur_ws/install/geometry_msgs/include/geometry_msgs/geometry_msgs/msg/detail/inertia__traits.hpp
-- Symlinking: /home/jiil/ur_ws/install/geometry_msgs/include/geometry_msgs/geometry_msgs/msg/detail/inertia__type_support.hpp
-- Symlinking: /home/jiil/ur_ws/install/geometry_msgs/include/geometry_msgs/geometry_msgs/msg/detail/inertia_stamped__builder.hpp
-- Symlinking: /home/jiil/ur_ws/install/geometry_msgs/include/geometry_msgs/geometry_msgs/msg/detail/inertia_stamped__struct.hpp
-- Symlinking: /home/jiil/ur_ws/install/geometry_msgs/include/geometry_msgs/geometry_msgs/msg/detail/inertia_stamped__traits.hpp
-- Symlinking: /home/jiil/ur_ws/install/geometry_msgs/include/geometry_msgs/geometry_msgs/msg/detail/inertia_stamped__type_support.hpp
-- Symlinking: /home/jiil/ur_ws/install/geometry_msgs/include/geometry_msgs/geometry_msgs/msg/detail/point32__builder.hpp
-- Symlinking: /home/jiil/ur_ws/install/geometry_msgs/include/geometry_msgs/geometry_msgs/msg/detail/point32__struct.hpp
-- Symlinking: /home/jiil/ur_ws/install/geometry_msgs/include/geometry_msgs/geometry_msgs/msg/detail/point32__traits.hpp
-- Symlinking: /home/jiil/ur_ws/install/geometry_msgs/include/geometry_msgs/geometry_msgs/msg/detail/point32__type_support.hpp
-- Symlinking: /home/jiil/ur_ws/install/geometry_msgs/include/geometry_msgs/geometry_msgs/msg/detail/point__builder.hpp
-- Symlinking: /home/jiil/ur_ws/install/geometry_msgs/include/geometry_msgs/geometry_msgs/msg/detail/point__struct.hpp
-- Symlinking: /home/jiil/ur_ws/install/geometry_msgs/include/geometry_msgs/geometry_msgs/msg/detail/point__traits.hpp
-- Symlinking: /home/jiil/ur_ws/install/geometry_msgs/include/geometry_msgs/geometry_msgs/msg/detail/point__type_support.hpp
-- Symlinking: /home/jiil/ur_ws/install/geometry_msgs/include/geometry_msgs/geometry_msgs/msg/detail/point_stamped__builder.hpp
-- Symlinking: /home/jiil/ur_ws/install/geometry_msgs/include/geometry_msgs/geometry_msgs/msg/detail/point_stamped__struct.hpp
-- Symlinking: /home/jiil/ur_ws/install/geometry_msgs/include/geometry_msgs/geometry_msgs/msg/detail/point_stamped__traits.hpp
-- Symlinking: /home/jiil/ur_ws/install/geometry_msgs/include/geometry_msgs/geometry_msgs/msg/detail/point_stamped__type_support.hpp
-- Symlinking: /home/jiil/ur_ws/install/geometry_msgs/include/geometry_msgs/geometry_msgs/msg/detail/polygon__builder.hpp
-- Symlinking: /home/jiil/ur_ws/install/geometry_msgs/include/geometry_msgs/geometry_msgs/msg/detail/polygon__struct.hpp
-- Symlinking: /home/jiil/ur_ws/install/geometry_msgs/include/geometry_msgs/geometry_msgs/msg/detail/polygon__traits.hpp
-- Symlinking: /home/jiil/ur_ws/install/geometry_msgs/include/geometry_msgs/geometry_msgs/msg/detail/polygon__type_support.hpp
-- Symlinking: /home/jiil/ur_ws/install/geometry_msgs/include/geometry_msgs/geometry_msgs/msg/detail/polygon_instance__builder.hpp
-- Symlinking: /home/jiil/ur_ws/install/geometry_msgs/include/geometry_msgs/geometry_msgs/msg/detail/polygon_instance__struct.hpp
-- Symlinking: /home/jiil/ur_ws/install/geometry_msgs/include/geometry_msgs/geometry_msgs/msg/detail/polygon_instance__traits.hpp
-- Symlinking: /home/jiil/ur_ws/install/geometry_msgs/include/geometry_msgs/geometry_msgs/msg/detail/polygon_instance__type_support.hpp
-- Symlinking: /home/jiil/ur_ws/install/geometry_msgs/include/geometry_msgs/geometry_msgs/msg/detail/polygon_instance_stamped__builder.hpp
-- Symlinking: /home/jiil/ur_ws/install/geometry_msgs/include/geometry_msgs/geometry_msgs/msg/detail/polygon_instance_stamped__struct.hpp
-- Symlinking: /home/jiil/ur_ws/install/geometry_msgs/include/geometry_msgs/geometry_msgs/msg/detail/polygon_instance_stamped__traits.hpp
-- Symlinking: /home/jiil/ur_ws/install/geometry_msgs/include/geometry_msgs/geometry_msgs/msg/detail/polygon_instance_stamped__type_support.hpp
-- Symlinking: /home/jiil/ur_ws/install/geometry_msgs/include/geometry_msgs/geometry_msgs/msg/detail/polygon_stamped__builder.hpp
-- Symlinking: /home/jiil/ur_ws/install/geometry_msgs/include/geometry_msgs/geometry_msgs/msg/detail/polygon_stamped__struct.hpp
-- Symlinking: /home/jiil/ur_ws/install/geometry_msgs/include/geometry_msgs/geometry_msgs/msg/detail/polygon_stamped__traits.hpp
-- Symlinking: /home/jiil/ur_ws/install/geometry_msgs/include/geometry_msgs/geometry_msgs/msg/detail/polygon_stamped__type_support.hpp
-- Symlinking: /home/jiil/ur_ws/install/geometry_msgs/include/geometry_msgs/geometry_msgs/msg/detail/pose2_d__builder.hpp
-- Symlinking: /home/jiil/ur_ws/install/geometry_msgs/include/geometry_msgs/geometry_msgs/msg/detail/pose2_d__struct.hpp
-- Symlinking: /home/jiil/ur_ws/install/geometry_msgs/include/geometry_msgs/geometry_msgs/msg/detail/pose2_d__traits.hpp
-- Symlinking: /home/jiil/ur_ws/install/geometry_msgs/include/geometry_msgs/geometry_msgs/msg/detail/pose2_d__type_support.hpp
-- Symlinking: /home/jiil/ur_ws/install/geometry_msgs/include/geometry_msgs/geometry_msgs/msg/detail/pose__builder.hpp
-- Symlinking: /home/jiil/ur_ws/install/geometry_msgs/include/geometry_msgs/geometry_msgs/msg/detail/pose__struct.hpp
-- Symlinking: /home/jiil/ur_ws/install/geometry_msgs/include/geometry_msgs/geometry_msgs/msg/detail/pose__traits.hpp
-- Symlinking: /home/jiil/ur_ws/install/geometry_msgs/include/geometry_msgs/geometry_msgs/msg/detail/pose__type_support.hpp
-- Symlinking: /home/jiil/ur_ws/install/geometry_msgs/include/geometry_msgs/geometry_msgs/msg/detail/pose_array__builder.hpp
-- Symlinking: /home/jiil/ur_ws/install/geometry_msgs/include/geometry_msgs/geometry_msgs/msg/detail/pose_array__struct.hpp
-- Symlinking: /home/jiil/ur_ws/install/geometry_msgs/include/geometry_msgs/geometry_msgs/msg/detail/pose_array__traits.hpp
-- Symlinking: /home/jiil/ur_ws/install/geometry_msgs/include/geometry_msgs/geometry_msgs/msg/detail/pose_array__type_support.hpp
-- Symlinking: /home/jiil/ur_ws/install/geometry_msgs/include/geometry_msgs/geometry_msgs/msg/detail/pose_stamped__builder.hpp
-- Symlinking: /home/jiil/ur_ws/install/geometry_msgs/include/geometry_msgs/geometry_msgs/msg/detail/pose_stamped__struct.hpp
-- Symlinking: /home/jiil/ur_ws/install/geometry_msgs/include/geometry_msgs/geometry_msgs/msg/detail/pose_stamped__traits.hpp
-- Symlinking: /home/jiil/ur_ws/install/geometry_msgs/include/geometry_msgs/geometry_msgs/msg/detail/pose_stamped__type_support.hpp
-- Symlinking: /home/jiil/ur_ws/install/geometry_msgs/include/geometry_msgs/geometry_msgs/msg/detail/pose_with_covariance__builder.hpp
-- Symlinking: /home/jiil/ur_ws/install/geometry_msgs/include/geometry_msgs/geometry_msgs/msg/detail/pose_with_covariance__struct.hpp
-- Symlinking: /home/jiil/ur_ws/install/geometry_msgs/include/geometry_msgs/geometry_msgs/msg/detail/pose_with_covariance__traits.hpp
-- Symlinking: /home/jiil/ur_ws/install/geometry_msgs/include/geometry_msgs/geometry_msgs/msg/detail/pose_with_covariance__type_support.hpp
-- Symlinking: /home/jiil/ur_ws/install/geometry_msgs/include/geometry_msgs/geometry_msgs/msg/detail/pose_with_covariance_stamped__builder.hpp
-- Symlinking: /home/jiil/ur_ws/install/geometry_msgs/include/geometry_msgs/geometry_msgs/msg/detail/pose_with_covariance_stamped__struct.hpp
-- Symlinking: /home/jiil/ur_ws/install/geometry_msgs/include/geometry_msgs/geometry_msgs/msg/detail/pose_with_covariance_stamped__traits.hpp
-- Symlinking: /home/jiil/ur_ws/install/geometry_msgs/include/geometry_msgs/geometry_msgs/msg/detail/pose_with_covariance_stamped__type_support.hpp
-- Symlinking: /home/jiil/ur_ws/install/geometry_msgs/include/geometry_msgs/geometry_msgs/msg/detail/quaternion__builder.hpp
-- Symlinking: /home/jiil/ur_ws/install/geometry_msgs/include/geometry_msgs/geometry_msgs/msg/detail/quaternion__struct.hpp
-- Symlinking: /home/jiil/ur_ws/install/geometry_msgs/include/geometry_msgs/geometry_msgs/msg/detail/quaternion__traits.hpp
-- Symlinking: /home/jiil/ur_ws/install/geometry_msgs/include/geometry_msgs/geometry_msgs/msg/detail/quaternion__type_support.hpp
-- Symlinking: /home/jiil/ur_ws/install/geometry_msgs/include/geometry_msgs/geometry_msgs/msg/detail/quaternion_stamped__builder.hpp
-- Symlinking: /home/jiil/ur_ws/install/geometry_msgs/include/geometry_msgs/geometry_msgs/msg/detail/quaternion_stamped__struct.hpp
-- Symlinking: /home/jiil/ur_ws/install/geometry_msgs/include/geometry_msgs/geometry_msgs/msg/detail/quaternion_stamped__traits.hpp
-- Symlinking: /home/jiil/ur_ws/install/geometry_msgs/include/geometry_msgs/geometry_msgs/msg/detail/quaternion_stamped__type_support.hpp
-- Symlinking: /home/jiil/ur_ws/install/geometry_msgs/include/geometry_msgs/geometry_msgs/msg/detail/transform__builder.hpp
-- Symlinking: /home/jiil/ur_ws/install/geometry_msgs/include/geometry_msgs/geometry_msgs/msg/detail/transform__struct.hpp
-- Symlinking: /home/jiil/ur_ws/install/geometry_msgs/include/geometry_msgs/geometry_msgs/msg/detail/transform__traits.hpp
-- Symlinking: /home/jiil/ur_ws/install/geometry_msgs/include/geometry_msgs/geometry_msgs/msg/detail/transform__type_support.hpp
-- Symlinking: /home/jiil/ur_ws/install/geometry_msgs/include/geometry_msgs/geometry_msgs/msg/detail/transform_stamped__builder.hpp
-- Symlinking: /home/jiil/ur_ws/install/geometry_msgs/include/geometry_msgs/geometry_msgs/msg/detail/transform_stamped__struct.hpp
-- Symlinking: /home/jiil/ur_ws/install/geometry_msgs/include/geometry_msgs/geometry_msgs/msg/detail/transform_stamped__traits.hpp
-- Symlinking: /home/jiil/ur_ws/install/geometry_msgs/include/geometry_msgs/geometry_msgs/msg/detail/transform_stamped__type_support.hpp
-- Symlinking: /home/jiil/ur_ws/install/geometry_msgs/include/geometry_msgs/geometry_msgs/msg/detail/twist__builder.hpp
-- Symlinking: /home/jiil/ur_ws/install/geometry_msgs/include/geometry_msgs/geometry_msgs/msg/detail/twist__struct.hpp
-- Symlinking: /home/jiil/ur_ws/install/geometry_msgs/include/geometry_msgs/geometry_msgs/msg/detail/twist__traits.hpp
-- Symlinking: /home/jiil/ur_ws/install/geometry_msgs/include/geometry_msgs/geometry_msgs/msg/detail/twist__type_support.hpp
-- Symlinking: /home/jiil/ur_ws/install/geometry_msgs/include/geometry_msgs/geometry_msgs/msg/detail/twist_stamped__builder.hpp
-- Symlinking: /home/jiil/ur_ws/install/geometry_msgs/include/geometry_msgs/geometry_msgs/msg/detail/twist_stamped__struct.hpp
-- Symlinking: /home/jiil/ur_ws/install/geometry_msgs/include/geometry_msgs/geometry_msgs/msg/detail/twist_stamped__traits.hpp
-- Symlinking: /home/jiil/ur_ws/install/geometry_msgs/include/geometry_msgs/geometry_msgs/msg/detail/twist_stamped__type_support.hpp
-- Symlinking: /home/jiil/ur_ws/install/geometry_msgs/include/geometry_msgs/geometry_msgs/msg/detail/twist_with_covariance__builder.hpp
-- Symlinking: /home/jiil/ur_ws/install/geometry_msgs/include/geometry_msgs/geometry_msgs/msg/detail/twist_with_covariance__struct.hpp
-- Symlinking: /home/jiil/ur_ws/install/geometry_msgs/include/geometry_msgs/geometry_msgs/msg/detail/twist_with_covariance__traits.hpp
-- Symlinking: /home/jiil/ur_ws/install/geometry_msgs/include/geometry_msgs/geometry_msgs/msg/detail/twist_with_covariance__type_support.hpp
-- Symlinking: /home/jiil/ur_ws/install/geometry_msgs/include/geometry_msgs/geometry_msgs/msg/detail/twist_with_covariance_stamped__builder.hpp
-- Symlinking: /home/jiil/ur_ws/install/geometry_msgs/include/geometry_msgs/geometry_msgs/msg/detail/twist_with_covariance_stamped__struct.hpp
-- Symlinking: /home/jiil/ur_ws/install/geometry_msgs/include/geometry_msgs/geometry_msgs/msg/detail/twist_with_covariance_stamped__traits.hpp
-- Symlinking: /home/jiil/ur_ws/install/geometry_msgs/include/geometry_msgs/geometry_msgs/msg/detail/twist_with_covariance_stamped__type_support.hpp
-- Symlinking: /home/jiil/ur_ws/install/geometry_msgs/include/geometry_msgs/geometry_msgs/msg/detail/vector3__builder.hpp
-- Symlinking: /home/jiil/ur_ws/install/geometry_msgs/include/geometry_msgs/geometry_msgs/msg/detail/vector3__struct.hpp
-- Symlinking: /home/jiil/ur_ws/install/geometry_msgs/include/geometry_msgs/geometry_msgs/msg/detail/vector3__traits.hpp
-- Symlinking: /home/jiil/ur_ws/install/geometry_msgs/include/geometry_msgs/geometry_msgs/msg/detail/vector3__type_support.hpp
-- Symlinking: /home/jiil/ur_ws/install/geometry_msgs/include/geometry_msgs/geometry_msgs/msg/detail/vector3_stamped__builder.hpp
-- Symlinking: /home/jiil/ur_ws/install/geometry_msgs/include/geometry_msgs/geometry_msgs/msg/detail/vector3_stamped__struct.hpp
-- Symlinking: /home/jiil/ur_ws/install/geometry_msgs/include/geometry_msgs/geometry_msgs/msg/detail/vector3_stamped__traits.hpp
-- Symlinking: /home/jiil/ur_ws/install/geometry_msgs/include/geometry_msgs/geometry_msgs/msg/detail/vector3_stamped__type_support.hpp
-- Symlinking: /home/jiil/ur_ws/install/geometry_msgs/include/geometry_msgs/geometry_msgs/msg/detail/velocity_stamped__builder.hpp
-- Symlinking: /home/jiil/ur_ws/install/geometry_msgs/include/geometry_msgs/geometry_msgs/msg/detail/velocity_stamped__struct.hpp
-- Symlinking: /home/jiil/ur_ws/install/geometry_msgs/include/geometry_msgs/geometry_msgs/msg/detail/velocity_stamped__traits.hpp
-- Symlinking: /home/jiil/ur_ws/install/geometry_msgs/include/geometry_msgs/geometry_msgs/msg/detail/velocity_stamped__type_support.hpp
-- Symlinking: /home/jiil/ur_ws/install/geometry_msgs/include/geometry_msgs/geometry_msgs/msg/detail/wrench__builder.hpp
-- Symlinking: /home/jiil/ur_ws/install/geometry_msgs/include/geometry_msgs/geometry_msgs/msg/detail/wrench__struct.hpp
-- Symlinking: /home/jiil/ur_ws/install/geometry_msgs/include/geometry_msgs/geometry_msgs/msg/detail/wrench__traits.hpp
-- Symlinking: /home/jiil/ur_ws/install/geometry_msgs/include/geometry_msgs/geometry_msgs/msg/detail/wrench__type_support.hpp
-- Symlinking: /home/jiil/ur_ws/install/geometry_msgs/include/geometry_msgs/geometry_msgs/msg/detail/wrench_stamped__builder.hpp
-- Symlinking: /home/jiil/ur_ws/install/geometry_msgs/include/geometry_msgs/geometry_msgs/msg/detail/wrench_stamped__struct.hpp
-- Symlinking: /home/jiil/ur_ws/install/geometry_msgs/include/geometry_msgs/geometry_msgs/msg/detail/wrench_stamped__traits.hpp
-- Symlinking: /home/jiil/ur_ws/install/geometry_msgs/include/geometry_msgs/geometry_msgs/msg/detail/wrench_stamped__type_support.hpp
-- Symlinking: /home/jiil/ur_ws/install/geometry_msgs/include/geometry_msgs/geometry_msgs/msg/inertia.hpp
-- Symlinking: /home/jiil/ur_ws/install/geometry_msgs/include/geometry_msgs/geometry_msgs/msg/inertia_stamped.hpp
-- Symlinking: /home/jiil/ur_ws/install/geometry_msgs/include/geometry_msgs/geometry_msgs/msg/point.hpp
-- Symlinking: /home/jiil/ur_ws/install/geometry_msgs/include/geometry_msgs/geometry_msgs/msg/point32.hpp
-- Symlinking: /home/jiil/ur_ws/install/geometry_msgs/include/geometry_msgs/geometry_msgs/msg/point_stamped.hpp
-- Symlinking: /home/jiil/ur_ws/install/geometry_msgs/include/geometry_msgs/geometry_msgs/msg/polygon.hpp
-- Symlinking: /home/jiil/ur_ws/install/geometry_msgs/include/geometry_msgs/geometry_msgs/msg/polygon_instance.hpp
-- Symlinking: /home/jiil/ur_ws/install/geometry_msgs/include/geometry_msgs/geometry_msgs/msg/polygon_instance_stamped.hpp
-- Symlinking: /home/jiil/ur_ws/install/geometry_msgs/include/geometry_msgs/geometry_msgs/msg/polygon_stamped.hpp
-- Symlinking: /home/jiil/ur_ws/install/geometry_msgs/include/geometry_msgs/geometry_msgs/msg/pose.hpp
-- Symlinking: /home/jiil/ur_ws/install/geometry_msgs/include/geometry_msgs/geometry_msgs/msg/pose2_d.hpp
-- Symlinking: /home/jiil/ur_ws/install/geometry_msgs/include/geometry_msgs/geometry_msgs/msg/pose_array.hpp
-- Symlinking: /home/jiil/ur_ws/install/geometry_msgs/include/geometry_msgs/geometry_msgs/msg/pose_stamped.hpp
-- Symlinking: /home/jiil/ur_ws/install/geometry_msgs/include/geometry_msgs/geometry_msgs/msg/pose_with_covariance.hpp
-- Symlinking: /home/jiil/ur_ws/install/geometry_msgs/include/geometry_msgs/geometry_msgs/msg/pose_with_covariance_stamped.hpp
-- Symlinking: /home/jiil/ur_ws/install/geometry_msgs/include/geometry_msgs/geometry_msgs/msg/quaternion.hpp
-- Symlinking: /home/jiil/ur_ws/install/geometry_msgs/include/geometry_msgs/geometry_msgs/msg/quaternion_stamped.hpp
-- Symlinking: /home/jiil/ur_ws/install/geometry_msgs/include/geometry_msgs/geometry_msgs/msg/rosidl_generator_cpp__visibility_control.hpp
-- Symlinking: /home/jiil/ur_ws/install/geometry_msgs/include/geometry_msgs/geometry_msgs/msg/transform.hpp
-- Symlinking: /home/jiil/ur_ws/install/geometry_msgs/include/geometry_msgs/geometry_msgs/msg/transform_stamped.hpp
-- Symlinking: /home/jiil/ur_ws/install/geometry_msgs/include/geometry_msgs/geometry_msgs/msg/twist.hpp
-- Symlinking: /home/jiil/ur_ws/install/geometry_msgs/include/geometry_msgs/geometry_msgs/msg/twist_stamped.hpp
-- Symlinking: /home/jiil/ur_ws/install/geometry_msgs/include/geometry_msgs/geometry_msgs/msg/twist_with_covariance.hpp
-- Symlinking: /home/jiil/ur_ws/install/geometry_msgs/include/geometry_msgs/geometry_msgs/msg/twist_with_covariance_stamped.hpp
-- Symlinking: /home/jiil/ur_ws/install/geometry_msgs/include/geometry_msgs/geometry_msgs/msg/vector3.hpp
-- Symlinking: /home/jiil/ur_ws/install/geometry_msgs/include/geometry_msgs/geometry_msgs/msg/vector3_stamped.hpp
-- Symlinking: /home/jiil/ur_ws/install/geometry_msgs/include/geometry_msgs/geometry_msgs/msg/velocity_stamped.hpp
-- Symlinking: /home/jiil/ur_ws/install/geometry_msgs/include/geometry_msgs/geometry_msgs/msg/wrench.hpp
-- Symlinking: /home/jiil/ur_ws/install/geometry_msgs/include/geometry_msgs/geometry_msgs/msg/wrench_stamped.hpp
-- Symlinking: /home/jiil/ur_ws/install/geometry_msgs/include/geometry_msgs/geometry_msgs/msg/detail/accel__rosidl_typesupport_introspection_cpp.hpp
-- Symlinking: /home/jiil/ur_ws/install/geometry_msgs/include/geometry_msgs/geometry_msgs/msg/detail/accel_stamped__rosidl_typesupport_introspection_cpp.hpp
-- Symlinking: /home/jiil/ur_ws/install/geometry_msgs/include/geometry_msgs/geometry_msgs/msg/detail/accel_with_covariance__rosidl_typesupport_introspection_cpp.hpp
-- Symlinking: /home/jiil/ur_ws/install/geometry_msgs/include/geometry_msgs/geometry_msgs/msg/detail/accel_with_covariance_stamped__rosidl_typesupport_introspection_cpp.hpp
-- Symlinking: /home/jiil/ur_ws/install/geometry_msgs/include/geometry_msgs/geometry_msgs/msg/detail/inertia__rosidl_typesupport_introspection_cpp.hpp
-- Symlinking: /home/jiil/ur_ws/install/geometry_msgs/include/geometry_msgs/geometry_msgs/msg/detail/inertia_stamped__rosidl_typesupport_introspection_cpp.hpp
-- Symlinking: /home/jiil/ur_ws/install/geometry_msgs/include/geometry_msgs/geometry_msgs/msg/detail/point32__rosidl_typesupport_introspection_cpp.hpp
-- Symlinking: /home/jiil/ur_ws/install/geometry_msgs/include/geometry_msgs/geometry_msgs/msg/detail/point__rosidl_typesupport_introspection_cpp.hpp
-- Symlinking: /home/jiil/ur_ws/install/geometry_msgs/include/geometry_msgs/geometry_msgs/msg/detail/point_stamped__rosidl_typesupport_introspection_cpp.hpp
-- Symlinking: /home/jiil/ur_ws/install/geometry_msgs/include/geometry_msgs/geometry_msgs/msg/detail/polygon__rosidl_typesupport_introspection_cpp.hpp
-- Symlinking: /home/jiil/ur_ws/install/geometry_msgs/include/geometry_msgs/geometry_msgs/msg/detail/polygon_instance__rosidl_typesupport_introspection_cpp.hpp
-- Symlinking: /home/jiil/ur_ws/install/geometry_msgs/include/geometry_msgs/geometry_msgs/msg/detail/polygon_instance_stamped__rosidl_typesupport_introspection_cpp.hpp
-- Symlinking: /home/jiil/ur_ws/install/geometry_msgs/include/geometry_msgs/geometry_msgs/msg/detail/polygon_stamped__rosidl_typesupport_introspection_cpp.hpp
-- Symlinking: /home/jiil/ur_ws/install/geometry_msgs/include/geometry_msgs/geometry_msgs/msg/detail/pose2_d__rosidl_typesupport_introspection_cpp.hpp
-- Symlinking: /home/jiil/ur_ws/install/geometry_msgs/include/geometry_msgs/geometry_msgs/msg/detail/pose__rosidl_typesupport_introspection_cpp.hpp
-- Symlinking: /home/jiil/ur_ws/install/geometry_msgs/include/geometry_msgs/geometry_msgs/msg/detail/pose_array__rosidl_typesupport_introspection_cpp.hpp
-- Symlinking: /home/jiil/ur_ws/install/geometry_msgs/include/geometry_msgs/geometry_msgs/msg/detail/pose_stamped__rosidl_typesupport_introspection_cpp.hpp
-- Symlinking: /home/jiil/ur_ws/install/geometry_msgs/include/geometry_msgs/geometry_msgs/msg/detail/pose_with_covariance__rosidl_typesupport_introspection_cpp.hpp
-- Symlinking: /home/jiil/ur_ws/install/geometry_msgs/include/geometry_msgs/geometry_msgs/msg/detail/pose_with_covariance_stamped__rosidl_typesupport_introspection_cpp.hpp
-- Symlinking: /home/jiil/ur_ws/install/geometry_msgs/include/geometry_msgs/geometry_msgs/msg/detail/quaternion__rosidl_typesupport_introspection_cpp.hpp
-- Symlinking: /home/jiil/ur_ws/install/geometry_msgs/include/geometry_msgs/geometry_msgs/msg/detail/quaternion_stamped__rosidl_typesupport_introspection_cpp.hpp
-- Symlinking: /home/jiil/ur_ws/install/geometry_msgs/include/geometry_msgs/geometry_msgs/msg/detail/transform__rosidl_typesupport_introspection_cpp.hpp
-- Symlinking: /home/jiil/ur_ws/install/geometry_msgs/include/geometry_msgs/geometry_msgs/msg/detail/transform_stamped__rosidl_typesupport_introspection_cpp.hpp
-- Symlinking: /home/jiil/ur_ws/install/geometry_msgs/include/geometry_msgs/geometry_msgs/msg/detail/twist__rosidl_typesupport_introspection_cpp.hpp
-- Symlinking: /home/jiil/ur_ws/install/geometry_msgs/include/geometry_msgs/geometry_msgs/msg/detail/twist_stamped__rosidl_typesupport_introspection_cpp.hpp
-- Symlinking: /home/jiil/ur_ws/install/geometry_msgs/include/geometry_msgs/geometry_msgs/msg/detail/twist_with_covariance__rosidl_typesupport_introspection_cpp.hpp
-- Symlinking: /home/jiil/ur_ws/install/geometry_msgs/include/geometry_msgs/geometry_msgs/msg/detail/twist_with_covariance_stamped__rosidl_typesupport_introspection_cpp.hpp
-- Symlinking: /home/jiil/ur_ws/install/geometry_msgs/include/geometry_msgs/geometry_msgs/msg/detail/vector3__rosidl_typesupport_introspection_cpp.hpp
-- Symlinking: /home/jiil/ur_ws/install/geometry_msgs/include/geometry_msgs/geometry_msgs/msg/detail/vector3_stamped__rosidl_typesupport_introspection_cpp.hpp
-- Symlinking: /home/jiil/ur_ws/install/geometry_msgs/include/geometry_msgs/geometry_msgs/msg/detail/velocity_stamped__rosidl_typesupport_introspection_cpp.hpp
-- Symlinking: /home/jiil/ur_ws/install/geometry_msgs/include/geometry_msgs/geometry_msgs/msg/detail/wrench__rosidl_typesupport_introspection_cpp.hpp
-- Symlinking: /home/jiil/ur_ws/install/geometry_msgs/include/geometry_msgs/geometry_msgs/msg/detail/wrench_stamped__rosidl_typesupport_introspection_cpp.hpp
-- Symlinking: /home/jiil/ur_ws/install/geometry_msgs/include/geometry_msgs/geometry_msgs/msg/detail/accel__rosidl_typesupport_fastrtps_cpp.hpp
-- Symlinking: /home/jiil/ur_ws/install/geometry_msgs/include/geometry_msgs/geometry_msgs/msg/detail/accel_stamped__rosidl_typesupport_fastrtps_cpp.hpp
-- Symlinking: /home/jiil/ur_ws/install/geometry_msgs/include/geometry_msgs/geometry_msgs/msg/detail/accel_with_covariance__rosidl_typesupport_fastrtps_cpp.hpp
-- Symlinking: /home/jiil/ur_ws/install/geometry_msgs/include/geometry_msgs/geometry_msgs/msg/detail/accel_with_covariance_stamped__rosidl_typesupport_fastrtps_cpp.hpp
-- Symlinking: /home/jiil/ur_ws/install/geometry_msgs/include/geometry_msgs/geometry_msgs/msg/detail/inertia__rosidl_typesupport_fastrtps_cpp.hpp
-- Symlinking: /home/jiil/ur_ws/install/geometry_msgs/include/geometry_msgs/geometry_msgs/msg/detail/inertia_stamped__rosidl_typesupport_fastrtps_cpp.hpp
-- Symlinking: /home/jiil/ur_ws/install/geometry_msgs/include/geometry_msgs/geometry_msgs/msg/detail/point32__rosidl_typesupport_fastrtps_cpp.hpp
-- Symlinking: /home/jiil/ur_ws/install/geometry_msgs/include/geometry_msgs/geometry_msgs/msg/detail/point__rosidl_typesupport_fastrtps_cpp.hpp
-- Symlinking: /home/jiil/ur_ws/install/geometry_msgs/include/geometry_msgs/geometry_msgs/msg/detail/point_stamped__rosidl_typesupport_fastrtps_cpp.hpp
-- Symlinking: /home/jiil/ur_ws/install/geometry_msgs/include/geometry_msgs/geometry_msgs/msg/detail/polygon__rosidl_typesupport_fastrtps_cpp.hpp
-- Symlinking: /home/jiil/ur_ws/install/geometry_msgs/include/geometry_msgs/geometry_msgs/msg/detail/polygon_instance__rosidl_typesupport_fastrtps_cpp.hpp
-- Symlinking: /home/jiil/ur_ws/install/geometry_msgs/include/geometry_msgs/geometry_msgs/msg/detail/polygon_instance_stamped__rosidl_typesupport_fastrtps_cpp.hpp
-- Symlinking: /home/jiil/ur_ws/install/geometry_msgs/include/geometry_msgs/geometry_msgs/msg/detail/polygon_stamped__rosidl_typesupport_fastrtps_cpp.hpp
-- Symlinking: /home/jiil/ur_ws/install/geometry_msgs/include/geometry_msgs/geometry_msgs/msg/detail/pose2_d__rosidl_typesupport_fastrtps_cpp.hpp
-- Symlinking: /home/jiil/ur_ws/install/geometry_msgs/include/geometry_msgs/geometry_msgs/msg/detail/pose__rosidl_typesupport_fastrtps_cpp.hpp
-- Symlinking: /home/jiil/ur_ws/install/geometry_msgs/include/geometry_msgs/geometry_msgs/msg/detail/pose_array__rosidl_typesupport_fastrtps_cpp.hpp
-- Symlinking: /home/jiil/ur_ws/install/geometry_msgs/include/geometry_msgs/geometry_msgs/msg/detail/pose_stamped__rosidl_typesupport_fastrtps_cpp.hpp
-- Symlinking: /home/jiil/ur_ws/install/geometry_msgs/include/geometry_msgs/geometry_msgs/msg/detail/pose_with_covariance__rosidl_typesupport_fastrtps_cpp.hpp
-- Symlinking: /home/jiil/ur_ws/install/geometry_msgs/include/geometry_msgs/geometry_msgs/msg/detail/pose_with_covariance_stamped__rosidl_typesupport_fastrtps_cpp.hpp
-- Symlinking: /home/jiil/ur_ws/install/geometry_msgs/include/geometry_msgs/geometry_msgs/msg/detail/quaternion__rosidl_typesupport_fastrtps_cpp.hpp
-- Symlinking: /home/jiil/ur_ws/install/geometry_msgs/include/geometry_msgs/geometry_msgs/msg/detail/quaternion_stamped__rosidl_typesupport_fastrtps_cpp.hpp
-- Symlinking: /home/jiil/ur_ws/install/geometry_msgs/include/geometry_msgs/geometry_msgs/msg/detail/transform__rosidl_typesupport_fastrtps_cpp.hpp
-- Symlinking: /home/jiil/ur_ws/install/geometry_msgs/include/geometry_msgs/geometry_msgs/msg/detail/transform_stamped__rosidl_typesupport_fastrtps_cpp.hpp
-- Symlinking: /home/jiil/ur_ws/install/geometry_msgs/include/geometry_msgs/geometry_msgs/msg/detail/twist__rosidl_typesupport_fastrtps_cpp.hpp
-- Symlinking: /home/jiil/ur_ws/install/geometry_msgs/include/geometry_msgs/geometry_msgs/msg/detail/twist_stamped__rosidl_typesupport_fastrtps_cpp.hpp
-- Symlinking: /home/jiil/ur_ws/install/geometry_msgs/include/geometry_msgs/geometry_msgs/msg/detail/twist_with_covariance__rosidl_typesupport_fastrtps_cpp.hpp
-- Symlinking: /home/jiil/ur_ws/install/geometry_msgs/include/geometry_msgs/geometry_msgs/msg/detail/twist_with_covariance_stamped__rosidl_typesupport_fastrtps_cpp.hpp
-- Symlinking: /home/jiil/ur_ws/install/geometry_msgs/include/geometry_msgs/geometry_msgs/msg/detail/vector3__rosidl_typesupport_fastrtps_cpp.hpp
-- Symlinking: /home/jiil/ur_ws/install/geometry_msgs/include/geometry_msgs/geometry_msgs/msg/detail/vector3_stamped__rosidl_typesupport_fastrtps_cpp.hpp
-- Symlinking: /home/jiil/ur_ws/install/geometry_msgs/include/geometry_msgs/geometry_msgs/msg/detail/velocity_stamped__rosidl_typesupport_fastrtps_cpp.hpp
-- Symlinking: /home/jiil/ur_ws/install/geometry_msgs/include/geometry_msgs/geometry_msgs/msg/detail/wrench__rosidl_typesupport_fastrtps_cpp.hpp
-- Symlinking: /home/jiil/ur_ws/install/geometry_msgs/include/geometry_msgs/geometry_msgs/msg/detail/wrench_stamped__rosidl_typesupport_fastrtps_cpp.hpp
-- Symlinking: /home/jiil/ur_ws/install/geometry_msgs/include/geometry_msgs/geometry_msgs/msg/rosidl_typesupport_fastrtps_cpp__visibility_control.h
-- Symlinking: /home/jiil/ur_ws/install/geometry_msgs/share/geometry_msgs/environment/pythonpath.sh
-- Symlinking: /home/jiil/ur_ws/install/geometry_msgs/share/geometry_msgs/environment/pythonpath.dsv
-- Symlinking: /home/jiil/ur_ws/install/geometry_msgs/local/lib/python3.12/dist-packages/geometry_msgs-4.9.0-py3.12.egg-info/PKG-INFO
-- Symlinking: /home/jiil/ur_ws/install/geometry_msgs/local/lib/python3.12/dist-packages/geometry_msgs-4.9.0-py3.12.egg-info/SOURCES.txt
-- Symlinking: /home/jiil/ur_ws/install/geometry_msgs/local/lib/python3.12/dist-packages/geometry_msgs-4.9.0-py3.12.egg-info/dependency_links.txt
-- Symlinking: /home/jiil/ur_ws/install/geometry_msgs/local/lib/python3.12/dist-packages/geometry_msgs-4.9.0-py3.12.egg-info/top_level.txt
-- Symlinking: /home/jiil/ur_ws/install/geometry_msgs/local/lib/python3.12/dist-packages/geometry_msgs/__init__.py
-- Symlinking: /home/jiil/ur_ws/install/geometry_msgs/local/lib/python3.12/dist-packages/geometry_msgs/_geometry_msgs_s.ep.rosidl_typesupport_c.c
-- Symlinking: /home/jiil/ur_ws/install/geometry_msgs/local/lib/python3.12/dist-packages/geometry_msgs/_geometry_msgs_s.ep.rosidl_typesupport_fastrtps_c.c
-- Symlinking: /home/jiil/ur_ws/install/geometry_msgs/local/lib/python3.12/dist-packages/geometry_msgs/_geometry_msgs_s.ep.rosidl_typesupport_introspection_c.c
-- Symlinking: /home/jiil/ur_ws/install/geometry_msgs/local/lib/python3.12/dist-packages/geometry_msgs/geometry_msgs_s__rosidl_typesupport_c.cpython-312-x86_64-linux-gnu.so
-- Symlinking: /home/jiil/ur_ws/install/geometry_msgs/local/lib/python3.12/dist-packages/geometry_msgs/geometry_msgs_s__rosidl_typesupport_fastrtps_c.cpython-312-x86_64-linux-gnu.so
-- Symlinking: /home/jiil/ur_ws/install/geometry_msgs/local/lib/python3.12/dist-packages/geometry_msgs/geometry_msgs_s__rosidl_typesupport_introspection_c.cpython-312-x86_64-linux-gnu.so
-- Symlinking: /home/jiil/ur_ws/install/geometry_msgs/local/lib/python3.12/dist-packages/geometry_msgs/libgeometry_msgs__rosidl_generator_py.so
-- Symlinking: /home/jiil/ur_ws/install/geometry_msgs/local/lib/python3.12/dist-packages/geometry_msgs/msg/__init__.py
-- Symlinking: /home/jiil/ur_ws/install/geometry_msgs/local/lib/python3.12/dist-packages/geometry_msgs/msg/_accel.py
-- Symlinking: /home/jiil/ur_ws/install/geometry_msgs/local/lib/python3.12/dist-packages/geometry_msgs/msg/_accel_s.c
-- Symlinking: /home/jiil/ur_ws/install/geometry_msgs/local/lib/python3.12/dist-packages/geometry_msgs/msg/_accel_stamped.py
-- Symlinking: /home/jiil/ur_ws/install/geometry_msgs/local/lib/python3.12/dist-packages/geometry_msgs/msg/_accel_stamped_s.c
-- Symlinking: /home/jiil/ur_ws/install/geometry_msgs/local/lib/python3.12/dist-packages/geometry_msgs/msg/_accel_with_covariance.py
-- Symlinking: /home/jiil/ur_ws/install/geometry_msgs/local/lib/python3.12/dist-packages/geometry_msgs/msg/_accel_with_covariance_s.c
-- Symlinking: /home/jiil/ur_ws/install/geometry_msgs/local/lib/python3.12/dist-packages/geometry_msgs/msg/_accel_with_covariance_stamped.py
-- Symlinking: /home/jiil/ur_ws/install/geometry_msgs/local/lib/python3.12/dist-packages/geometry_msgs/msg/_accel_with_covariance_stamped_s.c
-- Symlinking: /home/jiil/ur_ws/install/geometry_msgs/local/lib/python3.12/dist-packages/geometry_msgs/msg/_inertia.py
-- Symlinking: /home/jiil/ur_ws/install/geometry_msgs/local/lib/python3.12/dist-packages/geometry_msgs/msg/_inertia_s.c
-- Symlinking: /home/jiil/ur_ws/install/geometry_msgs/local/lib/python3.12/dist-packages/geometry_msgs/msg/_inertia_stamped.py
-- Symlinking: /home/jiil/ur_ws/install/geometry_msgs/local/lib/python3.12/dist-packages/geometry_msgs/msg/_inertia_stamped_s.c
-- Symlinking: /home/jiil/ur_ws/install/geometry_msgs/local/lib/python3.12/dist-packages/geometry_msgs/msg/_point.py
-- Symlinking: /home/jiil/ur_ws/install/geometry_msgs/local/lib/python3.12/dist-packages/geometry_msgs/msg/_point32.py
-- Symlinking: /home/jiil/ur_ws/install/geometry_msgs/local/lib/python3.12/dist-packages/geometry_msgs/msg/_point32_s.c
-- Symlinking: /home/jiil/ur_ws/install/geometry_msgs/local/lib/python3.12/dist-packages/geometry_msgs/msg/_point_s.c
-- Symlinking: /home/jiil/ur_ws/install/geometry_msgs/local/lib/python3.12/dist-packages/geometry_msgs/msg/_point_stamped.py
-- Symlinking: /home/jiil/ur_ws/install/geometry_msgs/local/lib/python3.12/dist-packages/geometry_msgs/msg/_point_stamped_s.c
-- Symlinking: /home/jiil/ur_ws/install/geometry_msgs/local/lib/python3.12/dist-packages/geometry_msgs/msg/_polygon.py
-- Symlinking: /home/jiil/ur_ws/install/geometry_msgs/local/lib/python3.12/dist-packages/geometry_msgs/msg/_polygon_instance.py
-- Symlinking: /home/jiil/ur_ws/install/geometry_msgs/local/lib/python3.12/dist-packages/geometry_msgs/msg/_polygon_instance_s.c
-- Symlinking: /home/jiil/ur_ws/install/geometry_msgs/local/lib/python3.12/dist-packages/geometry_msgs/msg/_polygon_instance_stamped.py
-- Symlinking: /home/jiil/ur_ws/install/geometry_msgs/local/lib/python3.12/dist-packages/geometry_msgs/msg/_polygon_instance_stamped_s.c
-- Symlinking: /home/jiil/ur_ws/install/geometry_msgs/local/lib/python3.12/dist-packages/geometry_msgs/msg/_polygon_s.c
-- Symlinking: /home/jiil/ur_ws/install/geometry_msgs/local/lib/python3.12/dist-packages/geometry_msgs/msg/_polygon_stamped.py
-- Symlinking: /home/jiil/ur_ws/install/geometry_msgs/local/lib/python3.12/dist-packages/geometry_msgs/msg/_polygon_stamped_s.c
-- Symlinking: /home/jiil/ur_ws/install/geometry_msgs/local/lib/python3.12/dist-packages/geometry_msgs/msg/_pose.py
-- Symlinking: /home/jiil/ur_ws/install/geometry_msgs/local/lib/python3.12/dist-packages/geometry_msgs/msg/_pose2_d.py
-- Symlinking: /home/jiil/ur_ws/install/geometry_msgs/local/lib/python3.12/dist-packages/geometry_msgs/msg/_pose2_d_s.c
-- Symlinking: /home/jiil/ur_ws/install/geometry_msgs/local/lib/python3.12/dist-packages/geometry_msgs/msg/_pose_array.py
-- Symlinking: /home/jiil/ur_ws/install/geometry_msgs/local/lib/python3.12/dist-packages/geometry_msgs/msg/_pose_array_s.c
-- Symlinking: /home/jiil/ur_ws/install/geometry_msgs/local/lib/python3.12/dist-packages/geometry_msgs/msg/_pose_s.c
-- Symlinking: /home/jiil/ur_ws/install/geometry_msgs/local/lib/python3.12/dist-packages/geometry_msgs/msg/_pose_stamped.py
-- Symlinking: /home/jiil/ur_ws/install/geometry_msgs/local/lib/python3.12/dist-packages/geometry_msgs/msg/_pose_stamped_s.c
-- Symlinking: /home/jiil/ur_ws/install/geometry_msgs/local/lib/python3.12/dist-packages/geometry_msgs/msg/_pose_with_covariance.py
-- Symlinking: /home/jiil/ur_ws/install/geometry_msgs/local/lib/python3.12/dist-packages/geometry_msgs/msg/_pose_with_covariance_s.c
-- Symlinking: /home/jiil/ur_ws/install/geometry_msgs/local/lib/python3.12/dist-packages/geometry_msgs/msg/_pose_with_covariance_stamped.py
-- Symlinking: /home/jiil/ur_ws/install/geometry_msgs/local/lib/python3.12/dist-packages/geometry_msgs/msg/_pose_with_covariance_stamped_s.c
-- Symlinking: /home/jiil/ur_ws/install/geometry_msgs/local/lib/python3.12/dist-packages/geometry_msgs/msg/_quaternion.py
-- Symlinking: /home/jiil/ur_ws/install/geometry_msgs/local/lib/python3.12/dist-packages/geometry_msgs/msg/_quaternion_s.c
-- Symlinking: /home/jiil/ur_ws/install/geometry_msgs/local/lib/python3.12/dist-packages/geometry_msgs/msg/_quaternion_stamped.py
-- Symlinking: /home/jiil/ur_ws/install/geometry_msgs/local/lib/python3.12/dist-packages/geometry_msgs/msg/_quaternion_stamped_s.c
-- Symlinking: /home/jiil/ur_ws/install/geometry_msgs/local/lib/python3.12/dist-packages/geometry_msgs/msg/_transform.py
-- Symlinking: /home/jiil/ur_ws/install/geometry_msgs/local/lib/python3.12/dist-packages/geometry_msgs/msg/_transform_s.c
-- Symlinking: /home/jiil/ur_ws/install/geometry_msgs/local/lib/python3.12/dist-packages/geometry_msgs/msg/_transform_stamped.py
-- Symlinking: /home/jiil/ur_ws/install/geometry_msgs/local/lib/python3.12/dist-packages/geometry_msgs/msg/_transform_stamped_s.c
-- Symlinking: /home/jiil/ur_ws/install/geometry_msgs/local/lib/python3.12/dist-packages/geometry_msgs/msg/_twist.py
-- Symlinking: /home/jiil/ur_ws/install/geometry_msgs/local/lib/python3.12/dist-packages/geometry_msgs/msg/_twist_s.c
-- Symlinking: /home/jiil/ur_ws/install/geometry_msgs/local/lib/python3.12/dist-packages/geometry_msgs/msg/_twist_stamped.py
-- Symlinking: /home/jiil/ur_ws/install/geometry_msgs/local/lib/python3.12/dist-packages/geometry_msgs/msg/_twist_stamped_s.c
-- Symlinking: /home/jiil/ur_ws/install/geometry_msgs/local/lib/python3.12/dist-packages/geometry_msgs/msg/_twist_with_covariance.py
-- Symlinking: /home/jiil/ur_ws/install/geometry_msgs/local/lib/python3.12/dist-packages/geometry_msgs/msg/_twist_with_covariance_s.c
-- Symlinking: /home/jiil/ur_ws/install/geometry_msgs/local/lib/python3.12/dist-packages/geometry_msgs/msg/_twist_with_covariance_stamped.py
-- Symlinking: /home/jiil/ur_ws/install/geometry_msgs/local/lib/python3.12/dist-packages/geometry_msgs/msg/_twist_with_covariance_stamped_s.c
-- Symlinking: /home/jiil/ur_ws/install/geometry_msgs/local/lib/python3.12/dist-packages/geometry_msgs/msg/_vector3.py
-- Symlinking: /home/jiil/ur_ws/install/geometry_msgs/local/lib/python3.12/dist-packages/geometry_msgs/msg/_vector3_s.c
-- Symlinking: /home/jiil/ur_ws/install/geometry_msgs/local/lib/python3.12/dist-packages/geometry_msgs/msg/_vector3_stamped.py
-- Symlinking: /home/jiil/ur_ws/install/geometry_msgs/local/lib/python3.12/dist-packages/geometry_msgs/msg/_vector3_stamped_s.c
-- Symlinking: /home/jiil/ur_ws/install/geometry_msgs/local/lib/python3.12/dist-packages/geometry_msgs/msg/_velocity_stamped.py
-- Symlinking: /home/jiil/ur_ws/install/geometry_msgs/local/lib/python3.12/dist-packages/geometry_msgs/msg/_velocity_stamped_s.c
-- Symlinking: /home/jiil/ur_ws/install/geometry_msgs/local/lib/python3.12/dist-packages/geometry_msgs/msg/_wrench.py
-- Symlinking: /home/jiil/ur_ws/install/geometry_msgs/local/lib/python3.12/dist-packages/geometry_msgs/msg/_wrench_s.c
-- Symlinking: /home/jiil/ur_ws/install/geometry_msgs/local/lib/python3.12/dist-packages/geometry_msgs/msg/_wrench_stamped.py
-- Symlinking: /home/jiil/ur_ws/install/geometry_msgs/local/lib/python3.12/dist-packages/geometry_msgs/msg/_wrench_stamped_s.c
-- Up-to-date symlink: /home/jiil/ur_ws/install/geometry_msgs/local/lib/python3.12/dist-packages/geometry_msgs/geometry_msgs_s__rosidl_typesupport_introspection_c.cpython-312-x86_64-linux-gnu.so
-- Up-to-date symlink: /home/jiil/ur_ws/install/geometry_msgs/local/lib/python3.12/dist-packages/geometry_msgs/geometry_msgs_s__rosidl_typesupport_fastrtps_c.cpython-312-x86_64-linux-gnu.so
-- Up-to-date symlink: /home/jiil/ur_ws/install/geometry_msgs/local/lib/python3.12/dist-packages/geometry_msgs/geometry_msgs_s__rosidl_typesupport_c.cpython-312-x86_64-linux-gnu.so
-- Symlinking: /home/jiil/ur_ws/install/geometry_msgs/share/geometry_msgs/msg/Accel.idl
-- Symlinking: /home/jiil/ur_ws/install/geometry_msgs/share/geometry_msgs/msg/AccelStamped.idl
-- Symlinking: /home/jiil/ur_ws/install/geometry_msgs/share/geometry_msgs/msg/AccelWithCovariance.idl
-- Symlinking: /home/jiil/ur_ws/install/geometry_msgs/share/geometry_msgs/msg/AccelWithCovarianceStamped.idl
-- Symlinking: /home/jiil/ur_ws/install/geometry_msgs/share/geometry_msgs/msg/Inertia.idl
-- Symlinking: /home/jiil/ur_ws/install/geometry_msgs/share/geometry_msgs/msg/InertiaStamped.idl
-- Symlinking: /home/jiil/ur_ws/install/geometry_msgs/share/geometry_msgs/msg/Point.idl
-- Symlinking: /home/jiil/ur_ws/install/geometry_msgs/share/geometry_msgs/msg/Point32.idl
-- Symlinking: /home/jiil/ur_ws/install/geometry_msgs/share/geometry_msgs/msg/PointStamped.idl
-- Symlinking: /home/jiil/ur_ws/install/geometry_msgs/share/geometry_msgs/msg/Polygon.idl
-- Symlinking: /home/jiil/ur_ws/install/geometry_msgs/share/geometry_msgs/msg/PolygonInstance.idl
-- Symlinking: /home/jiil/ur_ws/install/geometry_msgs/share/geometry_msgs/msg/PolygonInstanceStamped.idl
-- Symlinking: /home/jiil/ur_ws/install/geometry_msgs/share/geometry_msgs/msg/PolygonStamped.idl
-- Symlinking: /home/jiil/ur_ws/install/geometry_msgs/share/geometry_msgs/msg/Pose.idl
-- Symlinking: /home/jiil/ur_ws/install/geometry_msgs/share/geometry_msgs/msg/Pose2D.idl
-- Symlinking: /home/jiil/ur_ws/install/geometry_msgs/share/geometry_msgs/msg/PoseArray.idl
-- Symlinking: /home/jiil/ur_ws/install/geometry_msgs/share/geometry_msgs/msg/PoseStamped.idl
-- Symlinking: /home/jiil/ur_ws/install/geometry_msgs/share/geometry_msgs/msg/PoseWithCovariance.idl
-- Symlinking: /home/jiil/ur_ws/install/geometry_msgs/share/geometry_msgs/msg/PoseWithCovarianceStamped.idl
-- Symlinking: /home/jiil/ur_ws/install/geometry_msgs/share/geometry_msgs/msg/Quaternion.idl
-- Symlinking: /home/jiil/ur_ws/install/geometry_msgs/share/geometry_msgs/msg/QuaternionStamped.idl
-- Symlinking: /home/jiil/ur_ws/install/geometry_msgs/share/geometry_msgs/msg/Transform.idl
-- Symlinking: /home/jiil/ur_ws/install/geometry_msgs/share/geometry_msgs/msg/TransformStamped.idl
-- Symlinking: /home/jiil/ur_ws/install/geometry_msgs/share/geometry_msgs/msg/Twist.idl
-- Symlinking: /home/jiil/ur_ws/install/geometry_msgs/share/geometry_msgs/msg/TwistStamped.idl
-- Symlinking: /home/jiil/ur_ws/install/geometry_msgs/share/geometry_msgs/msg/TwistWithCovariance.idl
-- Symlinking: /home/jiil/ur_ws/install/geometry_msgs/share/geometry_msgs/msg/TwistWithCovarianceStamped.idl
-- Symlinking: /home/jiil/ur_ws/install/geometry_msgs/share/geometry_msgs/msg/Vector3.idl
-- Symlinking: /home/jiil/ur_ws/install/geometry_msgs/share/geometry_msgs/msg/Vector3Stamped.idl
-- Symlinking: /home/jiil/ur_ws/install/geometry_msgs/share/geometry_msgs/msg/VelocityStamped.idl
-- Symlinking: /home/jiil/ur_ws/install/geometry_msgs/share/geometry_msgs/msg/Wrench.idl
-- Symlinking: /home/jiil/ur_ws/install/geometry_msgs/share/geometry_msgs/msg/WrenchStamped.idl
-- Symlinking: /home/jiil/ur_ws/install/geometry_msgs/share/geometry_msgs/msg/Accel.msg
-- Symlinking: /home/jiil/ur_ws/install/geometry_msgs/share/geometry_msgs/msg/AccelStamped.msg
-- Symlinking: /home/jiil/ur_ws/install/geometry_msgs/share/geometry_msgs/msg/AccelWithCovariance.msg
-- Symlinking: /home/jiil/ur_ws/install/geometry_msgs/share/geometry_msgs/msg/AccelWithCovarianceStamped.msg
-- Symlinking: /home/jiil/ur_ws/install/geometry_msgs/share/geometry_msgs/msg/Inertia.msg
-- Symlinking: /home/jiil/ur_ws/install/geometry_msgs/share/geometry_msgs/msg/InertiaStamped.msg
-- Symlinking: /home/jiil/ur_ws/install/geometry_msgs/share/geometry_msgs/msg/Point.msg
-- Symlinking: /home/jiil/ur_ws/install/geometry_msgs/share/geometry_msgs/msg/Point32.msg
-- Symlinking: /home/jiil/ur_ws/install/geometry_msgs/share/geometry_msgs/msg/PointStamped.msg
-- Symlinking: /home/jiil/ur_ws/install/geometry_msgs/share/geometry_msgs/msg/Polygon.msg
-- Symlinking: /home/jiil/ur_ws/install/geometry_msgs/share/geometry_msgs/msg/PolygonInstance.msg
-- Symlinking: /home/jiil/ur_ws/install/geometry_msgs/share/geometry_msgs/msg/PolygonInstanceStamped.msg
-- Symlinking: /home/jiil/ur_ws/install/geometry_msgs/share/geometry_msgs/msg/PolygonStamped.msg
-- Symlinking: /home/jiil/ur_ws/install/geometry_msgs/share/geometry_msgs/msg/Pose.msg
-- Symlinking: /home/jiil/ur_ws/install/geometry_msgs/share/geometry_msgs/msg/Pose2D.msg
-- Symlinking: /home/jiil/ur_ws/install/geometry_msgs/share/geometry_msgs/msg/PoseArray.msg
-- Symlinking: /home/jiil/ur_ws/install/geometry_msgs/share/geometry_msgs/msg/PoseStamped.msg
-- Symlinking: /home/jiil/ur_ws/install/geometry_msgs/share/geometry_msgs/msg/PoseWithCovariance.msg
-- Symlinking: /home/jiil/ur_ws/install/geometry_msgs/share/geometry_msgs/msg/PoseWithCovarianceStamped.msg
-- Symlinking: /home/jiil/ur_ws/install/geometry_msgs/share/geometry_msgs/msg/Quaternion.msg
-- Symlinking: /home/jiil/ur_ws/install/geometry_msgs/share/geometry_msgs/msg/QuaternionStamped.msg
-- Symlinking: /home/jiil/ur_ws/install/geometry_msgs/share/geometry_msgs/msg/Transform.msg
-- Symlinking: /home/jiil/ur_ws/install/geometry_msgs/share/geometry_msgs/msg/TransformStamped.msg
-- Symlinking: /home/jiil/ur_ws/install/geometry_msgs/share/geometry_msgs/msg/Twist.msg
-- Symlinking: /home/jiil/ur_ws/install/geometry_msgs/share/geometry_msgs/msg/TwistStamped.msg
-- Symlinking: /home/jiil/ur_ws/install/geometry_msgs/share/geometry_msgs/msg/TwistWithCovariance.msg
-- Symlinking: /home/jiil/ur_ws/install/geometry_msgs/share/geometry_msgs/msg/TwistWithCovarianceStamped.msg
-- Symlinking: /home/jiil/ur_ws/install/geometry_msgs/share/geometry_msgs/msg/Vector3.msg
-- Symlinking: /home/jiil/ur_ws/install/geometry_msgs/share/geometry_msgs/msg/Vector3Stamped.msg
-- Symlinking: /home/jiil/ur_ws/install/geometry_msgs/share/geometry_msgs/msg/VelocityStamped.msg
-- Symlinking: /home/jiil/ur_ws/install/geometry_msgs/share/geometry_msgs/msg/Wrench.msg
-- Symlinking: /home/jiil/ur_ws/install/geometry_msgs/share/geometry_msgs/msg/WrenchStamped.msg
-- Symlinking: /home/jiil/ur_ws/install/geometry_msgs/share/ament_index/resource_index/package_run_dependencies/geometry_msgs
-- Symlinking: /home/jiil/ur_ws/install/geometry_msgs/share/ament_index/resource_index/parent_prefix_path/geometry_msgs
-- Symlinking: /home/jiil/ur_ws/install/geometry_msgs/share/geometry_msgs/environment/ament_prefix_path.sh
-- Symlinking: /home/jiil/ur_ws/install/geometry_msgs/share/geometry_msgs/environment/ament_prefix_path.dsv
-- Symlinking: /home/jiil/ur_ws/install/geometry_msgs/share/geometry_msgs/environment/path.sh
-- Symlinking: /home/jiil/ur_ws/install/geometry_msgs/share/geometry_msgs/environment/path.dsv
-- Symlinking: /home/jiil/ur_ws/install/geometry_msgs/share/geometry_msgs/local_setup.bash
-- Symlinking: /home/jiil/ur_ws/install/geometry_msgs/share/geometry_msgs/local_setup.sh
-- Symlinking: /home/jiil/ur_ws/install/geometry_msgs/share/geometry_msgs/local_setup.zsh
-- Symlinking: /home/jiil/ur_ws/install/geometry_msgs/share/geometry_msgs/local_setup.dsv
-- Symlinking: /home/jiil/ur_ws/install/geometry_msgs/share/geometry_msgs/package.dsv
-- Symlinking: /home/jiil/ur_ws/install/geometry_msgs/share/ament_index/resource_index/packages/geometry_msgs
-- Symlinking: /home/jiil/ur_ws/install/geometry_msgs/share/geometry_msgs/cmake/rosidl_cmake-extras.cmake
-- Symlinking: /home/jiil/ur_ws/install/geometry_msgs/share/geometry_msgs/cmake/ament_cmake_export_dependencies-extras.cmake
-- Symlinking: /home/jiil/ur_ws/install/geometry_msgs/share/geometry_msgs/cmake/ament_cmake_export_include_directories-extras.cmake
-- Symlinking: /home/jiil/ur_ws/install/geometry_msgs/share/geometry_msgs/cmake/ament_cmake_export_libraries-extras.cmake
-- Symlinking: /home/jiil/ur_ws/install/geometry_msgs/share/geometry_msgs/cmake/ament_cmake_export_targets-extras.cmake
-- Symlinking: /home/jiil/ur_ws/install/geometry_msgs/share/geometry_msgs/cmake/rosidl_cmake_export_typesupport_targets-extras.cmake
-- Symlinking: /home/jiil/ur_ws/install/geometry_msgs/share/geometry_msgs/cmake/rosidl_cmake_export_typesupport_libraries-extras.cmake
-- Symlinking: /home/jiil/ur_ws/install/geometry_msgs/share/geometry_msgs/cmake/geometry_msgsConfig.cmake
-- Symlinking: /home/jiil/ur_ws/install/geometry_msgs/share/geometry_msgs/cmake/geometry_msgsConfig-version.cmake
-- Symlinking: /home/jiil/ur_ws/install/geometry_msgs/share/geometry_msgs/package.xml
-- Installing: /home/jiil/ur_ws/install/geometry_msgs/lib/libgeometry_msgs__rosidl_generator_c.so
-- Set non-toolchain portion of runtime path of "/home/jiil/ur_ws/install/geometry_msgs/lib/libgeometry_msgs__rosidl_generator_c.so" to ""
-- Installing: /home/jiil/ur_ws/install/geometry_msgs/lib/libgeometry_msgs__rosidl_typesupport_introspection_c.so
-- Set non-toolchain portion of runtime path of "/home/jiil/ur_ws/install/geometry_msgs/lib/libgeometry_msgs__rosidl_typesupport_introspection_c.so" to ""
-- Installing: /home/jiil/ur_ws/install/geometry_msgs/lib/libgeometry_msgs__rosidl_typesupport_fastrtps_c.so
-- Set non-toolchain portion of runtime path of "/home/jiil/ur_ws/install/geometry_msgs/lib/libgeometry_msgs__rosidl_typesupport_fastrtps_c.so" to ""
-- Installing: /home/jiil/ur_ws/install/geometry_msgs/lib/libgeometry_msgs__rosidl_typesupport_c.so
-- Set non-toolchain portion of runtime path of "/home/jiil/ur_ws/install/geometry_msgs/lib/libgeometry_msgs__rosidl_typesupport_c.so" to ""
-- Installing: /home/jiil/ur_ws/install/geometry_msgs/lib/libgeometry_msgs__rosidl_typesupport_introspection_cpp.so
-- Set non-toolchain portion of runtime path of "/home/jiil/ur_ws/install/geometry_msgs/lib/libgeometry_msgs__rosidl_typesupport_introspection_cpp.so" to ""
-- Installing: /home/jiil/ur_ws/install/geometry_msgs/lib/libgeometry_msgs__rosidl_typesupport_fastrtps_cpp.so
-- Set non-toolchain portion of runtime path of "/home/jiil/ur_ws/install/geometry_msgs/lib/libgeometry_msgs__rosidl_typesupport_fastrtps_cpp.so" to ""
-- Installing: /home/jiil/ur_ws/install/geometry_msgs/lib/libgeometry_msgs__rosidl_typesupport_cpp.so
-- Set non-toolchain portion of runtime path of "/home/jiil/ur_ws/install/geometry_msgs/lib/libgeometry_msgs__rosidl_typesupport_cpp.so" to ""
Listing '/home/jiil/ur_ws/install/geometry_msgs/local/lib/python3.12/dist-packages/geometry_msgs'...
Compiling '/home/jiil/ur_ws/install/geometry_msgs/local/lib/python3.12/dist-packages/geometry_msgs/__init__.py'...
Listing '/home/jiil/ur_ws/install/geometry_msgs/local/lib/python3.12/dist-packages/geometry_msgs/msg'...
Compiling '/home/jiil/ur_ws/install/geometry_msgs/local/lib/python3.12/dist-packages/geometry_msgs/msg/__init__.py'...
Compiling '/home/jiil/ur_ws/install/geometry_msgs/local/lib/python3.12/dist-packages/geometry_msgs/msg/_accel.py'...
Compiling '/home/jiil/ur_ws/install/geometry_msgs/local/lib/python3.12/dist-packages/geometry_msgs/msg/_accel_stamped.py'...
Compiling '/home/jiil/ur_ws/install/geometry_msgs/local/lib/python3.12/dist-packages/geometry_msgs/msg/_accel_with_covariance.py'...
Compiling '/home/jiil/ur_ws/install/geometry_msgs/local/lib/python3.12/dist-packages/geometry_msgs/msg/_accel_with_covariance_stamped.py'...
Compiling '/home/jiil/ur_ws/install/geometry_msgs/local/lib/python3.12/dist-packages/geometry_msgs/msg/_inertia.py'...
Compiling '/home/jiil/ur_ws/install/geometry_msgs/local/lib/python3.12/dist-packages/geometry_msgs/msg/_inertia_stamped.py'...
Compiling '/home/jiil/ur_ws/install/geometry_msgs/local/lib/python3.12/dist-packages/geometry_msgs/msg/_point.py'...
Compiling '/home/jiil/ur_ws/install/geometry_msgs/local/lib/python3.12/dist-packages/geometry_msgs/msg/_point32.py'...
Compiling '/home/jiil/ur_ws/install/geometry_msgs/local/lib/python3.12/dist-packages/geometry_msgs/msg/_point_stamped.py'...
Compiling '/home/jiil/ur_ws/install/geometry_msgs/local/lib/python3.12/dist-packages/geometry_msgs/msg/_polygon.py'...
Compiling '/home/jiil/ur_ws/install/geometry_msgs/local/lib/python3.12/dist-packages/geometry_msgs/msg/_polygon_instance.py'...
Compiling '/home/jiil/ur_ws/install/geometry_msgs/local/lib/python3.12/dist-packages/geometry_msgs/msg/_polygon_instance_stamped.py'...
Compiling '/home/jiil/ur_ws/install/geometry_msgs/local/lib/python3.12/dist-packages/geometry_msgs/msg/_polygon_stamped.py'...
Compiling '/home/jiil/ur_ws/install/geometry_msgs/local/lib/python3.12/dist-packages/geometry_msgs/msg/_pose.py'...
Compiling '/home/jiil/ur_ws/install/geometry_msgs/local/lib/python3.12/dist-packages/geometry_msgs/msg/_pose2_d.py'...
Compiling '/home/jiil/ur_ws/install/geometry_msgs/local/lib/python3.12/dist-packages/geometry_msgs/msg/_pose_array.py'...
Compiling '/home/jiil/ur_ws/install/geometry_msgs/local/lib/python3.12/dist-packages/geometry_msgs/msg/_pose_stamped.py'...
Compiling '/home/jiil/ur_ws/install/geometry_msgs/local/lib/python3.12/dist-packages/geometry_msgs/msg/_pose_with_covariance.py'...
Compiling '/home/jiil/ur_ws/install/geometry_msgs/local/lib/python3.12/dist-packages/geometry_msgs/msg/_pose_with_covariance_stamped.py'...
Compiling '/home/jiil/ur_ws/install/geometry_msgs/local/lib/python3.12/dist-packages/geometry_msgs/msg/_quaternion.py'...
Compiling '/home/jiil/ur_ws/install/geometry_msgs/local/lib/python3.12/dist-packages/geometry_msgs/msg/_quaternion_stamped.py'...
Compiling '/home/jiil/ur_ws/install/geometry_msgs/local/lib/python3.12/dist-packages/geometry_msgs/msg/_transform.py'...
Compiling '/home/jiil/ur_ws/install/geometry_msgs/local/lib/python3.12/dist-packages/geometry_msgs/msg/_transform_stamped.py'...
Compiling '/home/jiil/ur_ws/install/geometry_msgs/local/lib/python3.12/dist-packages/geometry_msgs/msg/_twist.py'...
Compiling '/home/jiil/ur_ws/install/geometry_msgs/local/lib/python3.12/dist-packages/geometry_msgs/msg/_twist_stamped.py'...
Compiling '/home/jiil/ur_ws/install/geometry_msgs/local/lib/python3.12/dist-packages/geometry_msgs/msg/_twist_with_covariance.py'...
Compiling '/home/jiil/ur_ws/install/geometry_msgs/local/lib/python3.12/dist-packages/geometry_msgs/msg/_twist_with_covariance_stamped.py'...
Compiling '/home/jiil/ur_ws/install/geometry_msgs/local/lib/python3.12/dist-packages/geometry_msgs/msg/_vector3.py'...
Compiling '/home/jiil/ur_ws/install/geometry_msgs/local/lib/python3.12/dist-packages/geometry_msgs/msg/_vector3_stamped.py'...
Compiling '/home/jiil/ur_ws/install/geometry_msgs/local/lib/python3.12/dist-packages/geometry_msgs/msg/_velocity_stamped.py'...
Compiling '/home/jiil/ur_ws/install/geometry_msgs/local/lib/python3.12/dist-packages/geometry_msgs/msg/_wrench.py'...
Compiling '/home/jiil/ur_ws/install/geometry_msgs/local/lib/python3.12/dist-packages/geometry_msgs/msg/_wrench_stamped.py'...
-- Installing: /home/jiil/ur_ws/install/geometry_msgs/lib/libgeometry_msgs__rosidl_generator_py.so
-- Set non-toolchain portion of runtime path of "/home/jiil/ur_ws/install/geometry_msgs/lib/libgeometry_msgs__rosidl_generator_py.so" to ""
-- Installing: /home/jiil/ur_ws/install/geometry_msgs/share/geometry_msgs/cmake/export_geometry_msgs__rosidl_generator_cExport.cmake
-- Installing: /home/jiil/ur_ws/install/geometry_msgs/share/geometry_msgs/cmake/export_geometry_msgs__rosidl_generator_cExport-release.cmake
-- Installing: /home/jiil/ur_ws/install/geometry_msgs/share/geometry_msgs/cmake/geometry_msgs__rosidl_typesupport_introspection_cExport.cmake
-- Installing: /home/jiil/ur_ws/install/geometry_msgs/share/geometry_msgs/cmake/geometry_msgs__rosidl_typesupport_introspection_cExport-release.cmake
-- Installing: /home/jiil/ur_ws/install/geometry_msgs/share/geometry_msgs/cmake/export_geometry_msgs__rosidl_typesupport_fastrtps_cExport.cmake
-- Installing: /home/jiil/ur_ws/install/geometry_msgs/share/geometry_msgs/cmake/export_geometry_msgs__rosidl_typesupport_fastrtps_cExport-release.cmake
-- Installing: /home/jiil/ur_ws/install/geometry_msgs/share/geometry_msgs/cmake/geometry_msgs__rosidl_typesupport_cExport.cmake
-- Installing: /home/jiil/ur_ws/install/geometry_msgs/share/geometry_msgs/cmake/geometry_msgs__rosidl_typesupport_cExport-release.cmake
-- Installing: /home/jiil/ur_ws/install/geometry_msgs/share/geometry_msgs/cmake/export_geometry_msgs__rosidl_generator_cppExport.cmake
-- Installing: /home/jiil/ur_ws/install/geometry_msgs/share/geometry_msgs/cmake/geometry_msgs__rosidl_typesupport_introspection_cppExport.cmake
-- Installing: /home/jiil/ur_ws/install/geometry_msgs/share/geometry_msgs/cmake/geometry_msgs__rosidl_typesupport_introspection_cppExport-release.cmake
-- Installing: /home/jiil/ur_ws/install/geometry_msgs/share/geometry_msgs/cmake/export_geometry_msgs__rosidl_typesupport_fastrtps_cppExport.cmake
-- Installing: /home/jiil/ur_ws/install/geometry_msgs/share/geometry_msgs/cmake/export_geometry_msgs__rosidl_typesupport_fastrtps_cppExport-release.cmake
-- Installing: /home/jiil/ur_ws/install/geometry_msgs/share/geometry_msgs/cmake/geometry_msgs__rosidl_typesupport_cppExport.cmake
-- Installing: /home/jiil/ur_ws/install/geometry_msgs/share/geometry_msgs/cmake/geometry_msgs__rosidl_typesupport_cppExport-release.cmake
-- Installing: /home/jiil/ur_ws/install/geometry_msgs/share/geometry_msgs/cmake/export_geometry_msgs__rosidl_generator_pyExport.cmake
-- Installing: /home/jiil/ur_ws/install/geometry_msgs/share/geometry_msgs/cmake/export_geometry_msgs__rosidl_generator_pyExport-release.cmake
