-- The C compiler identification is GNU 13.3.0
-- The CXX compiler identification is GNU 13.3.0
-- Detecting C compiler ABI info
-- Detecting C compiler ABI info - done
-- Check for working C compiler: /usr/bin/cc - skipped
-- Detecting C compile features
-- Detecting C compile features - done
-- Detecting CXX compiler ABI info
-- Detecting CXX compiler ABI info - done
-- Check for working CXX compiler: /usr/bin/c++ - skipped
-- Detecting CXX compile features
-- Detecting CXX compile features - done
-- Found ament_cmake: 1.3.12 (/home/jiil/ros2_humble/install/ament_cmake/share/ament_cmake/cmake)
-- Found Python3: /usr/bin/python3 (found version "3.12.3") found components: Interpreter 
-- Override CMake install command with custom implementation using symlinks instead of copying resources
-- Found builtin_interfaces: 1.2.2 (/home/jiil/ros2_humble/install/builtin_interfaces/share/builtin_interfaces/cmake)
-- Found rosidl_generator_c: 3.1.7 (/home/jiil/ros2_humble/install/rosidl_generator_c/share/rosidl_generator_c/cmake)
-- Found rosidl_adapter: 3.1.7 (/home/jiil/ros2_humble/install/rosidl_adapter/share/rosidl_adapter/cmake)
-- Found rosidl_generator_cpp: 3.1.7 (/home/jiil/ros2_humble/install/rosidl_generator_cpp/share/rosidl_generator_cpp/cmake)
-- Using all available rosidl_typesupport_c: rosidl_typesupport_introspection_c;rosidl_typesupport_fastrtps_c
-- Using all available rosidl_typesupport_cpp: rosidl_typesupport_introspection_cpp;rosidl_typesupport_fastrtps_cpp
-- Found rosidl_default_generators: 1.2.0 (/home/jiil/ros2_humble/install/rosidl_default_generators/share/rosidl_default_generators/cmake)
-- Found ament_cmake_cppcheck: 0.12.14 (/home/jiil/ros2_humble/install/ament_cmake_cppcheck/share/ament_cmake_cppcheck/cmake)
-- Found ament_cmake_cpplint: 0.12.14 (/home/jiil/ros2_humble/install/ament_cmake_cpplint/share/ament_cmake_cpplint/cmake)
-- Found ament_cmake_uncrustify: 0.12.14 (/home/jiil/ros2_humble/install/ament_cmake_uncrustify/share/ament_cmake_uncrustify/cmake)
-- Found ament_cmake_ros: 0.10.0 (/home/jiil/ros2_humble/install/ament_cmake_ros/share/ament_cmake_ros/cmake)
-- Using all available rosidl_typesupport_c: rosidl_typesupport_introspection_c;rosidl_typesupport_fastrtps_c
-- Using all available rosidl_typesupport_cpp: rosidl_typesupport_introspection_cpp;rosidl_typesupport_fastrtps_cpp
[33mCMake Warning (dev) at /home/jiil/ros2_humble/install/rosidl_generator_py/share/rosidl_generator_py/cmake/rosidl_generator_py_generate_interfaces.cmake:20 (find_package):
  Policy CMP0148 is not set: The FindPythonInterp and FindPythonLibs modules
  are removed.  Run "cmake --help-policy CMP0148" for policy details.  Use
  the cmake_policy command to set the policy and suppress this warning.

Call Stack (most recent call first):
  /home/jiil/ros2_humble/install/ament_cmake_core/share/ament_cmake_core/cmake/core/ament_execute_extensions.cmake:48 (include)
  /home/jiil/ros2_humble/install/rosidl_cmake/share/rosidl_cmake/cmake/rosidl_generate_interfaces.cmake:286 (ament_execute_extensions)
  CMakeLists.txt:49 (rosidl_generate_interfaces)
This warning is for project developers.  Use -Wno-dev to suppress it.
[0m
-- Found PythonInterp: /usr/bin/python3 (found suitable version "3.12.3", minimum required is "3.6") 
-- Found python_cmake_module: 0.10.0 (/home/jiil/ros2_humble/install/python_cmake_module/share/python_cmake_module/cmake)
[33mCMake Warning (dev) at /home/jiil/ros2_humble/install/python_cmake_module/share/python_cmake_module/cmake/Modules/FindPythonExtra.cmake:52 (find_package):
  Policy CMP0148 is not set: The FindPythonInterp and FindPythonLibs modules
  are removed.  Run "cmake --help-policy CMP0148" for policy details.  Use
  the cmake_policy command to set the policy and suppress this warning.

Call Stack (most recent call first):
  /home/jiil/ros2_humble/install/rosidl_generator_py/share/rosidl_generator_py/cmake/rosidl_generator_py_generate_interfaces.cmake:23 (find_package)
  /home/jiil/ros2_humble/install/ament_cmake_core/share/ament_cmake_core/cmake/core/ament_execute_extensions.cmake:48 (include)
  /home/jiil/ros2_humble/install/rosidl_cmake/share/rosidl_cmake/cmake/rosidl_generate_interfaces.cmake:286 (ament_execute_extensions)
  CMakeLists.txt:49 (rosidl_generate_interfaces)
This warning is for project developers.  Use -Wno-dev to suppress it.
[0m
[33mCMake Warning (dev) at /home/jiil/ros2_humble/install/python_cmake_module/share/python_cmake_module/cmake/Modules/FindPythonExtra.cmake:140 (find_package):
  Policy CMP0148 is not set: The FindPythonInterp and FindPythonLibs modules
  are removed.  Run "cmake --help-policy CMP0148" for policy details.  Use
  the cmake_policy command to set the policy and suppress this warning.

Call Stack (most recent call first):
  /home/jiil/ros2_humble/install/rosidl_generator_py/share/rosidl_generator_py/cmake/rosidl_generator_py_generate_interfaces.cmake:23 (find_package)
  /home/jiil/ros2_humble/install/ament_cmake_core/share/ament_cmake_core/cmake/core/ament_execute_extensions.cmake:48 (include)
  /home/jiil/ros2_humble/install/rosidl_cmake/share/rosidl_cmake/cmake/rosidl_generate_interfaces.cmake:286 (ament_execute_extensions)
  CMakeLists.txt:49 (rosidl_generate_interfaces)
This warning is for project developers.  Use -Wno-dev to suppress it.
[0m
-- Found PythonLibs: /usr/lib/x86_64-linux-gnu/libpython3.12.so (found suitable version "3.12.3", minimum required is "3.5") 
-- Using PYTHON_EXECUTABLE: /usr/bin/python3
-- Using PYTHON_INCLUDE_DIRS: /usr/include/python3.12
-- Using PYTHON_LIBRARIES: /usr/lib/x86_64-linux-gnu/libpython3.12.so
-- Found PythonExtra: .so  
-- Using numpy include directory: /usr/lib/python3/dist-packages/numpy/core/include
-- Found ament_cmake_flake8: 0.12.14 (/home/jiil/ros2_humble/install/ament_cmake_flake8/share/ament_cmake_flake8/cmake)
-- Found ament_cmake_pep257: 0.12.14 (/home/jiil/ros2_humble/install/ament_cmake_pep257/share/ament_cmake_pep257/cmake)
-- Configuring done (2.5s)
-- Generating done (0.0s)
-- Build files have been written to: /home/jiil/ur_ws/build/std_msgs
[  1%] [34m[1mGenerating C code for ROS interfaces[0m
[  1%] [34m[1mGenerating C++ code for ROS interfaces[0m
[  1%] Built target ament_cmake_python_symlink_std_msgs
running egg_info
creating std_msgs.egg-info
writing std_msgs.egg-info/PKG-INFO
writing dependency_links to std_msgs.egg-info/dependency_links.txt
writing top-level names to std_msgs.egg-info/top_level.txt
writing manifest file 'std_msgs.egg-info/SOURCES.txt'
reading manifest file 'std_msgs.egg-info/SOURCES.txt'
writing manifest file 'std_msgs.egg-info/SOURCES.txt'
[  1%] Built target ament_cmake_python_build_std_msgs_egg
[  1%] Built target std_msgs__cpp
[  2%] [34m[1mGenerating C++ introspection for ROS interfaces[0m
[  3%] [34m[1mGenerating C++ type support for eProsima Fast-RTPS[0m
[  4%] [34m[1mGenerating C++ type support dispatch for ROS interfaces[0m
[  4%] [32mBuilding C object CMakeFiles/std_msgs__rosidl_generator_c.dir/rosidl_generator_c/std_msgs/msg/detail/byte__functions.c.o[0m
[  6%] [32mBuilding C object CMakeFiles/std_msgs__rosidl_generator_c.dir/rosidl_generator_c/std_msgs/msg/detail/empty__functions.c.o[0m
[  6%] [32mBuilding C object CMakeFiles/std_msgs__rosidl_generator_c.dir/rosidl_generator_c/std_msgs/msg/detail/byte_multi_array__functions.c.o[0m
[  6%] [32mBuilding C object CMakeFiles/std_msgs__rosidl_generator_c.dir/rosidl_generator_c/std_msgs/msg/detail/color_rgba__functions.c.o[0m
[  6%] [32mBuilding C object CMakeFiles/std_msgs__rosidl_generator_c.dir/rosidl_generator_c/std_msgs/msg/detail/float32__functions.c.o[0m
[  6%] [32mBuilding C object CMakeFiles/std_msgs__rosidl_generator_c.dir/rosidl_generator_c/std_msgs/msg/detail/char__functions.c.o[0m
[  7%] [32mBuilding C object CMakeFiles/std_msgs__rosidl_generator_c.dir/rosidl_generator_c/std_msgs/msg/detail/float32_multi_array__functions.c.o[0m
[  7%] [32mBuilding C object CMakeFiles/std_msgs__rosidl_generator_c.dir/rosidl_generator_c/std_msgs/msg/detail/float64__functions.c.o[0m
[  7%] [32mBuilding C object CMakeFiles/std_msgs__rosidl_generator_c.dir/rosidl_generator_c/std_msgs/msg/detail/bool__functions.c.o[0m
[  7%] [32mBuilding C object CMakeFiles/std_msgs__rosidl_generator_c.dir/rosidl_generator_c/std_msgs/msg/detail/int16__functions.c.o[0m
[  7%] [32mBuilding C object CMakeFiles/std_msgs__rosidl_generator_c.dir/rosidl_generator_c/std_msgs/msg/detail/float64_multi_array__functions.c.o[0m
[  8%] [32mBuilding C object CMakeFiles/std_msgs__rosidl_generator_c.dir/rosidl_generator_c/std_msgs/msg/detail/int16_multi_array__functions.c.o[0m
[  8%] [32mBuilding C object CMakeFiles/std_msgs__rosidl_generator_c.dir/rosidl_generator_c/std_msgs/msg/detail/int32__functions.c.o[0m
[  9%] [32mBuilding C object CMakeFiles/std_msgs__rosidl_generator_c.dir/rosidl_generator_c/std_msgs/msg/detail/header__functions.c.o[0m
[  9%] [32mBuilding C object CMakeFiles/std_msgs__rosidl_generator_c.dir/rosidl_generator_c/std_msgs/msg/detail/int32_multi_array__functions.c.o[0m
[ 10%] [32mBuilding C object CMakeFiles/std_msgs__rosidl_generator_c.dir/rosidl_generator_c/std_msgs/msg/detail/int64__functions.c.o[0m
[ 10%] [32mBuilding C object CMakeFiles/std_msgs__rosidl_generator_c.dir/rosidl_generator_c/std_msgs/msg/detail/int64_multi_array__functions.c.o[0m
[ 10%] [32mBuilding C object CMakeFiles/std_msgs__rosidl_generator_c.dir/rosidl_generator_c/std_msgs/msg/detail/int8__functions.c.o[0m
[ 11%] [32mBuilding C object CMakeFiles/std_msgs__rosidl_generator_c.dir/rosidl_generator_c/std_msgs/msg/detail/int8_multi_array__functions.c.o[0m
[ 12%] [32mBuilding C object CMakeFiles/std_msgs__rosidl_generator_c.dir/rosidl_generator_c/std_msgs/msg/detail/multi_array_layout__functions.c.o[0m
[ 12%] [32mBuilding C object CMakeFiles/std_msgs__rosidl_generator_c.dir/rosidl_generator_c/std_msgs/msg/detail/string__functions.c.o[0m
[ 12%] [32mBuilding C object CMakeFiles/std_msgs__rosidl_generator_c.dir/rosidl_generator_c/std_msgs/msg/detail/multi_array_dimension__functions.c.o[0m
[ 12%] [32mBuilding C object CMakeFiles/std_msgs__rosidl_generator_c.dir/rosidl_generator_c/std_msgs/msg/detail/u_int16__functions.c.o[0m
[ 13%] [32mBuilding C object CMakeFiles/std_msgs__rosidl_generator_c.dir/rosidl_generator_c/std_msgs/msg/detail/u_int16_multi_array__functions.c.o[0m
[ 13%] [32mBuilding C object CMakeFiles/std_msgs__rosidl_generator_c.dir/rosidl_generator_c/std_msgs/msg/detail/u_int32__functions.c.o[0m
[ 14%] [32mBuilding C object CMakeFiles/std_msgs__rosidl_generator_c.dir/rosidl_generator_c/std_msgs/msg/detail/u_int32_multi_array__functions.c.o[0m
[ 14%] [32mBuilding C object CMakeFiles/std_msgs__rosidl_generator_c.dir/rosidl_generator_c/std_msgs/msg/detail/u_int64__functions.c.o[0m
[ 14%] [32mBuilding C object CMakeFiles/std_msgs__rosidl_generator_c.dir/rosidl_generator_c/std_msgs/msg/detail/u_int8_multi_array__functions.c.o[0m
[ 15%] [32mBuilding C object CMakeFiles/std_msgs__rosidl_generator_c.dir/rosidl_generator_c/std_msgs/msg/detail/u_int8__functions.c.o[0m
[ 15%] [32mBuilding C object CMakeFiles/std_msgs__rosidl_generator_c.dir/rosidl_generator_c/std_msgs/msg/detail/u_int64_multi_array__functions.c.o[0m
[ 15%] [32m[1mLinking C shared library libstd_msgs__rosidl_generator_c.so[0m
[ 15%] Built target std_msgs__rosidl_generator_c
[ 17%] [34m[1mGenerating C type support dispatch for ROS interfaces[0m
[ 17%] [34m[1mGenerating C introspection for ROS interfaces[0m
[ 18%] [34m[1mGenerating C type support for eProsima Fast-RTPS[0m
[ 19%] [32mBuilding CXX object CMakeFiles/std_msgs__rosidl_typesupport_cpp.dir/rosidl_typesupport_cpp/std_msgs/msg/bool__type_support.cpp.o[0m
[ 19%] [32mBuilding CXX object CMakeFiles/std_msgs__rosidl_typesupport_cpp.dir/rosidl_typesupport_cpp/std_msgs/msg/byte_multi_array__type_support.cpp.o[0m
[ 19%] [32mBuilding CXX object CMakeFiles/std_msgs__rosidl_typesupport_cpp.dir/rosidl_typesupport_cpp/std_msgs/msg/color_rgba__type_support.cpp.o[0m
[ 19%] [32mBuilding CXX object CMakeFiles/std_msgs__rosidl_typesupport_cpp.dir/rosidl_typesupport_cpp/std_msgs/msg/char__type_support.cpp.o[0m
[ 19%] [32mBuilding CXX object CMakeFiles/std_msgs__rosidl_typesupport_cpp.dir/rosidl_typesupport_cpp/std_msgs/msg/byte__type_support.cpp.o[0m
[ 20%] [32mBuilding CXX object CMakeFiles/std_msgs__rosidl_typesupport_cpp.dir/rosidl_typesupport_cpp/std_msgs/msg/empty__type_support.cpp.o[0m
[ 20%] [32mBuilding CXX object CMakeFiles/std_msgs__rosidl_typesupport_cpp.dir/rosidl_typesupport_cpp/std_msgs/msg/float32__type_support.cpp.o[0m
[ 21%] [32mBuilding CXX object CMakeFiles/std_msgs__rosidl_typesupport_cpp.dir/rosidl_typesupport_cpp/std_msgs/msg/float32_multi_array__type_support.cpp.o[0m
[ 21%] [32mBuilding CXX object CMakeFiles/std_msgs__rosidl_typesupport_cpp.dir/rosidl_typesupport_cpp/std_msgs/msg/float64__type_support.cpp.o[0m
[ 21%] [32mBuilding CXX object CMakeFiles/std_msgs__rosidl_typesupport_cpp.dir/rosidl_typesupport_cpp/std_msgs/msg/float64_multi_array__type_support.cpp.o[0m
[ 22%] [32mBuilding CXX object CMakeFiles/std_msgs__rosidl_typesupport_cpp.dir/rosidl_typesupport_cpp/std_msgs/msg/header__type_support.cpp.o[0m
[ 22%] [32mBuilding CXX object CMakeFiles/std_msgs__rosidl_typesupport_cpp.dir/rosidl_typesupport_cpp/std_msgs/msg/int16__type_support.cpp.o[0m
[ 22%] [32mBuilding CXX object CMakeFiles/std_msgs__rosidl_typesupport_cpp.dir/rosidl_typesupport_cpp/std_msgs/msg/int16_multi_array__type_support.cpp.o[0m
[ 23%] [32mBuilding CXX object CMakeFiles/std_msgs__rosidl_typesupport_cpp.dir/rosidl_typesupport_cpp/std_msgs/msg/int32__type_support.cpp.o[0m
[ 23%] [32mBuilding CXX object CMakeFiles/std_msgs__rosidl_typesupport_cpp.dir/rosidl_typesupport_cpp/std_msgs/msg/int32_multi_array__type_support.cpp.o[0m
[ 24%] [32mBuilding CXX object CMakeFiles/std_msgs__rosidl_typesupport_cpp.dir/rosidl_typesupport_cpp/std_msgs/msg/int64__type_support.cpp.o[0m
[ 24%] [32mBuilding CXX object CMakeFiles/std_msgs__rosidl_typesupport_cpp.dir/rosidl_typesupport_cpp/std_msgs/msg/int64_multi_array__type_support.cpp.o[0m
[ 24%] [32mBuilding CXX object CMakeFiles/std_msgs__rosidl_typesupport_cpp.dir/rosidl_typesupport_cpp/std_msgs/msg/int8__type_support.cpp.o[0m
[ 25%] [32mBuilding CXX object CMakeFiles/std_msgs__rosidl_typesupport_cpp.dir/rosidl_typesupport_cpp/std_msgs/msg/int8_multi_array__type_support.cpp.o[0m
[ 25%] [32mBuilding CXX object CMakeFiles/std_msgs__rosidl_typesupport_cpp.dir/rosidl_typesupport_cpp/std_msgs/msg/multi_array_dimension__type_support.cpp.o[0m
[ 26%] [32mBuilding CXX object CMakeFiles/std_msgs__rosidl_typesupport_cpp.dir/rosidl_typesupport_cpp/std_msgs/msg/multi_array_layout__type_support.cpp.o[0m
[ 26%] [32mBuilding CXX object CMakeFiles/std_msgs__rosidl_typesupport_cpp.dir/rosidl_typesupport_cpp/std_msgs/msg/string__type_support.cpp.o[0m
[ 26%] [32mBuilding CXX object CMakeFiles/std_msgs__rosidl_typesupport_cpp.dir/rosidl_typesupport_cpp/std_msgs/msg/u_int16__type_support.cpp.o[0m
[ 27%] [32mBuilding CXX object CMakeFiles/std_msgs__rosidl_typesupport_cpp.dir/rosidl_typesupport_cpp/std_msgs/msg/u_int16_multi_array__type_support.cpp.o[0m
[ 27%] [32mBuilding CXX object CMakeFiles/std_msgs__rosidl_typesupport_introspection_cpp.dir/rosidl_typesupport_introspection_cpp/std_msgs/msg/detail/bool__type_support.cpp.o[0m
[ 27%] [32mBuilding CXX object CMakeFiles/std_msgs__rosidl_typesupport_cpp.dir/rosidl_typesupport_cpp/std_msgs/msg/u_int32__type_support.cpp.o[0m
[ 27%] [32mBuilding CXX object CMakeFiles/std_msgs__rosidl_typesupport_introspection_cpp.dir/rosidl_typesupport_introspection_cpp/std_msgs/msg/detail/byte__type_support.cpp.o[0m
[ 27%] [32mBuilding CXX object CMakeFiles/std_msgs__rosidl_typesupport_cpp.dir/rosidl_typesupport_cpp/std_msgs/msg/u_int32_multi_array__type_support.cpp.o[0m
[ 27%] [32mBuilding CXX object CMakeFiles/std_msgs__rosidl_typesupport_fastrtps_cpp.dir/rosidl_typesupport_fastrtps_cpp/std_msgs/msg/detail/dds_fastrtps/bool__type_support.cpp.o[0m
[ 28%] [32mBuilding CXX object CMakeFiles/std_msgs__rosidl_typesupport_introspection_cpp.dir/rosidl_typesupport_introspection_cpp/std_msgs/msg/detail/byte_multi_array__type_support.cpp.o[0m
[ 28%] [32mBuilding CXX object CMakeFiles/std_msgs__rosidl_typesupport_fastrtps_cpp.dir/rosidl_typesupport_fastrtps_cpp/std_msgs/msg/detail/dds_fastrtps/byte__type_support.cpp.o[0m
[ 29%] [32mBuilding CXX object CMakeFiles/std_msgs__rosidl_typesupport_cpp.dir/rosidl_typesupport_cpp/std_msgs/msg/u_int64__type_support.cpp.o[0m
[ 30%] [32mBuilding CXX object CMakeFiles/std_msgs__rosidl_typesupport_fastrtps_cpp.dir/rosidl_typesupport_fastrtps_cpp/std_msgs/msg/detail/dds_fastrtps/byte_multi_array__type_support.cpp.o[0m
[ 30%] [32mBuilding CXX object CMakeFiles/std_msgs__rosidl_typesupport_c.dir/rosidl_typesupport_c/std_msgs/msg/bool__type_support.cpp.o[0m
[ 30%] [32mBuilding CXX object CMakeFiles/std_msgs__rosidl_typesupport_introspection_cpp.dir/rosidl_typesupport_introspection_cpp/std_msgs/msg/detail/char__type_support.cpp.o[0m
[ 31%] [32mBuilding CXX object CMakeFiles/std_msgs__rosidl_typesupport_c.dir/rosidl_typesupport_c/std_msgs/msg/byte_multi_array__type_support.cpp.o[0m
[ 31%] [32mBuilding CXX object CMakeFiles/std_msgs__rosidl_typesupport_c.dir/rosidl_typesupport_c/std_msgs/msg/byte__type_support.cpp.o[0m
[ 31%] [32mBuilding CXX object CMakeFiles/std_msgs__rosidl_typesupport_fastrtps_cpp.dir/rosidl_typesupport_fastrtps_cpp/std_msgs/msg/detail/dds_fastrtps/char__type_support.cpp.o[0m
[ 32%] [32mBuilding CXX object CMakeFiles/std_msgs__rosidl_typesupport_introspection_cpp.dir/rosidl_typesupport_introspection_cpp/std_msgs/msg/detail/color_rgba__type_support.cpp.o[0m
[ 33%] [32mBuilding CXX object CMakeFiles/std_msgs__rosidl_typesupport_fastrtps_cpp.dir/rosidl_typesupport_fastrtps_cpp/std_msgs/msg/detail/dds_fastrtps/color_rgba__type_support.cpp.o[0m
[ 33%] [32mBuilding CXX object CMakeFiles/std_msgs__rosidl_typesupport_c.dir/rosidl_typesupport_c/std_msgs/msg/char__type_support.cpp.o[0m
[ 33%] [32mBuilding CXX object CMakeFiles/std_msgs__rosidl_typesupport_c.dir/rosidl_typesupport_c/std_msgs/msg/color_rgba__type_support.cpp.o[0m
[ 33%] [32mBuilding CXX object CMakeFiles/std_msgs__rosidl_typesupport_cpp.dir/rosidl_typesupport_cpp/std_msgs/msg/u_int64_multi_array__type_support.cpp.o[0m
[ 34%] [32mBuilding CXX object CMakeFiles/std_msgs__rosidl_typesupport_c.dir/rosidl_typesupport_c/std_msgs/msg/empty__type_support.cpp.o[0m
[ 34%] [32mBuilding CXX object CMakeFiles/std_msgs__rosidl_typesupport_c.dir/rosidl_typesupport_c/std_msgs/msg/float32__type_support.cpp.o[0m
[ 35%] [32mBuilding CXX object CMakeFiles/std_msgs__rosidl_typesupport_c.dir/rosidl_typesupport_c/std_msgs/msg/float32_multi_array__type_support.cpp.o[0m
[ 35%] [32mBuilding CXX object CMakeFiles/std_msgs__rosidl_typesupport_fastrtps_cpp.dir/rosidl_typesupport_fastrtps_cpp/std_msgs/msg/detail/dds_fastrtps/empty__type_support.cpp.o[0m
[ 35%] [32mBuilding CXX object CMakeFiles/std_msgs__rosidl_typesupport_fastrtps_cpp.dir/rosidl_typesupport_fastrtps_cpp/std_msgs/msg/detail/dds_fastrtps/float32__type_support.cpp.o[0m
[ 36%] [32mBuilding CXX object CMakeFiles/std_msgs__rosidl_typesupport_fastrtps_cpp.dir/rosidl_typesupport_fastrtps_cpp/std_msgs/msg/detail/dds_fastrtps/float32_multi_array__type_support.cpp.o[0m
[ 36%] [32mBuilding CXX object CMakeFiles/std_msgs__rosidl_typesupport_c.dir/rosidl_typesupport_c/std_msgs/msg/float64__type_support.cpp.o[0m
[ 37%] [32mBuilding CXX object CMakeFiles/std_msgs__rosidl_typesupport_cpp.dir/rosidl_typesupport_cpp/std_msgs/msg/u_int8__type_support.cpp.o[0m
[ 37%] [32mBuilding CXX object CMakeFiles/std_msgs__rosidl_typesupport_c.dir/rosidl_typesupport_c/std_msgs/msg/float64_multi_array__type_support.cpp.o[0m
[ 37%] [32mBuilding CXX object CMakeFiles/std_msgs__rosidl_typesupport_introspection_cpp.dir/rosidl_typesupport_introspection_cpp/std_msgs/msg/detail/empty__type_support.cpp.o[0m
[ 38%] [32mBuilding CXX object CMakeFiles/std_msgs__rosidl_typesupport_c.dir/rosidl_typesupport_c/std_msgs/msg/header__type_support.cpp.o[0m
[ 38%] [32mBuilding CXX object CMakeFiles/std_msgs__rosidl_typesupport_c.dir/rosidl_typesupport_c/std_msgs/msg/int16__type_support.cpp.o[0m
[ 38%] [32mBuilding CXX object CMakeFiles/std_msgs__rosidl_typesupport_introspection_cpp.dir/rosidl_typesupport_introspection_cpp/std_msgs/msg/detail/float32__type_support.cpp.o[0m
[ 39%] [32mBuilding CXX object CMakeFiles/std_msgs__rosidl_typesupport_c.dir/rosidl_typesupport_c/std_msgs/msg/int16_multi_array__type_support.cpp.o[0m
[ 39%] [32mBuilding CXX object CMakeFiles/std_msgs__rosidl_typesupport_fastrtps_cpp.dir/rosidl_typesupport_fastrtps_cpp/std_msgs/msg/detail/dds_fastrtps/float64__type_support.cpp.o[0m
[ 39%] [32mBuilding CXX object CMakeFiles/std_msgs__rosidl_typesupport_c.dir/rosidl_typesupport_c/std_msgs/msg/int32__type_support.cpp.o[0m
[ 39%] [32mBuilding CXX object CMakeFiles/std_msgs__rosidl_typesupport_cpp.dir/rosidl_typesupport_cpp/std_msgs/msg/u_int8_multi_array__type_support.cpp.o[0m
[ 40%] [32mBuilding CXX object CMakeFiles/std_msgs__rosidl_typesupport_introspection_cpp.dir/rosidl_typesupport_introspection_cpp/std_msgs/msg/detail/float32_multi_array__type_support.cpp.o[0m
[ 40%] [32mBuilding CXX object CMakeFiles/std_msgs__rosidl_typesupport_c.dir/rosidl_typesupport_c/std_msgs/msg/int32_multi_array__type_support.cpp.o[0m
[ 41%] [32mBuilding CXX object CMakeFiles/std_msgs__rosidl_typesupport_c.dir/rosidl_typesupport_c/std_msgs/msg/int64__type_support.cpp.o[0m
[ 41%] [32mBuilding CXX object CMakeFiles/std_msgs__rosidl_typesupport_c.dir/rosidl_typesupport_c/std_msgs/msg/int64_multi_array__type_support.cpp.o[0m
[ 41%] [32mBuilding CXX object CMakeFiles/std_msgs__rosidl_typesupport_fastrtps_cpp.dir/rosidl_typesupport_fastrtps_cpp/std_msgs/msg/detail/dds_fastrtps/float64_multi_array__type_support.cpp.o[0m
[ 41%] [32mBuilding C object CMakeFiles/std_msgs__rosidl_typesupport_introspection_c.dir/rosidl_typesupport_introspection_c/std_msgs/msg/detail/bool__type_support.c.o[0m
[ 41%] [32mBuilding CXX object CMakeFiles/std_msgs__rosidl_typesupport_c.dir/rosidl_typesupport_c/std_msgs/msg/int8__type_support.cpp.o[0m
[ 42%] [32mBuilding CXX object CMakeFiles/std_msgs__rosidl_typesupport_fastrtps_cpp.dir/rosidl_typesupport_fastrtps_cpp/std_msgs/msg/detail/dds_fastrtps/header__type_support.cpp.o[0m
[ 43%] [32mBuilding C object CMakeFiles/std_msgs__rosidl_typesupport_introspection_c.dir/rosidl_typesupport_introspection_c/std_msgs/msg/detail/byte__type_support.c.o[0m
[ 44%] [32mBuilding CXX object CMakeFiles/std_msgs__rosidl_typesupport_c.dir/rosidl_typesupport_c/std_msgs/msg/int8_multi_array__type_support.cpp.o[0m
[ 44%] [32mBuilding CXX object CMakeFiles/std_msgs__rosidl_typesupport_fastrtps_cpp.dir/rosidl_typesupport_fastrtps_cpp/std_msgs/msg/detail/dds_fastrtps/int16__type_support.cpp.o[0m
[ 44%] [32mBuilding CXX object CMakeFiles/std_msgs__rosidl_typesupport_introspection_cpp.dir/rosidl_typesupport_introspection_cpp/std_msgs/msg/detail/float64__type_support.cpp.o[0m
[ 44%] [32mBuilding C object CMakeFiles/std_msgs__rosidl_typesupport_introspection_c.dir/rosidl_typesupport_introspection_c/std_msgs/msg/detail/byte_multi_array__type_support.c.o[0m
[ 44%] [32mBuilding CXX object CMakeFiles/std_msgs__rosidl_typesupport_c.dir/rosidl_typesupport_c/std_msgs/msg/multi_array_dimension__type_support.cpp.o[0m
[ 45%] [32mBuilding CXX object CMakeFiles/std_msgs__rosidl_typesupport_fastrtps_cpp.dir/rosidl_typesupport_fastrtps_cpp/std_msgs/msg/detail/dds_fastrtps/int16_multi_array__type_support.cpp.o[0m
[ 45%] [32mBuilding C object CMakeFiles/std_msgs__rosidl_typesupport_introspection_c.dir/rosidl_typesupport_introspection_c/std_msgs/msg/detail/char__type_support.c.o[0m
[ 45%] [32m[1mLinking CXX shared library libstd_msgs__rosidl_typesupport_cpp.so[0m
[ 46%] [32mBuilding CXX object CMakeFiles/std_msgs__rosidl_typesupport_c.dir/rosidl_typesupport_c/std_msgs/msg/multi_array_layout__type_support.cpp.o[0m
[ 47%] [32mBuilding CXX object CMakeFiles/std_msgs__rosidl_typesupport_introspection_cpp.dir/rosidl_typesupport_introspection_cpp/std_msgs/msg/detail/float64_multi_array__type_support.cpp.o[0m
[ 48%] [32mBuilding C object CMakeFiles/std_msgs__rosidl_typesupport_introspection_c.dir/rosidl_typesupport_introspection_c/std_msgs/msg/detail/color_rgba__type_support.c.o[0m
[ 48%] [32mBuilding CXX object CMakeFiles/std_msgs__rosidl_typesupport_c.dir/rosidl_typesupport_c/std_msgs/msg/string__type_support.cpp.o[0m
[ 48%] Built target std_msgs__rosidl_typesupport_cpp
[ 48%] [32mBuilding CXX object CMakeFiles/std_msgs__rosidl_typesupport_fastrtps_cpp.dir/rosidl_typesupport_fastrtps_cpp/std_msgs/msg/detail/dds_fastrtps/int32_multi_array__type_support.cpp.o[0m
[ 48%] [32mBuilding CXX object CMakeFiles/std_msgs__rosidl_typesupport_fastrtps_cpp.dir/rosidl_typesupport_fastrtps_cpp/std_msgs/msg/detail/dds_fastrtps/int32__type_support.cpp.o[0m
[ 48%] [32mBuilding CXX object CMakeFiles/std_msgs__rosidl_typesupport_c.dir/rosidl_typesupport_c/std_msgs/msg/u_int16__type_support.cpp.o[0m
[ 48%] [32mBuilding C object CMakeFiles/std_msgs__rosidl_typesupport_introspection_c.dir/rosidl_typesupport_introspection_c/std_msgs/msg/detail/empty__type_support.c.o[0m
[ 49%] [32mBuilding CXX object CMakeFiles/std_msgs__rosidl_typesupport_c.dir/rosidl_typesupport_c/std_msgs/msg/u_int16_multi_array__type_support.cpp.o[0m
[ 49%] [32mBuilding CXX object CMakeFiles/std_msgs__rosidl_typesupport_fastrtps_c.dir/rosidl_typesupport_fastrtps_c/std_msgs/msg/detail/bool__type_support_c.cpp.o[0m
[ 49%] [32mBuilding CXX object CMakeFiles/std_msgs__rosidl_typesupport_introspection_cpp.dir/rosidl_typesupport_introspection_cpp/std_msgs/msg/detail/header__type_support.cpp.o[0m
[ 49%] [32mBuilding C object CMakeFiles/std_msgs__rosidl_typesupport_introspection_c.dir/rosidl_typesupport_introspection_c/std_msgs/msg/detail/float32__type_support.c.o[0m
[ 49%] [32mBuilding CXX object CMakeFiles/std_msgs__rosidl_typesupport_c.dir/rosidl_typesupport_c/std_msgs/msg/u_int32__type_support.cpp.o[0m
[ 50%] [32mBuilding C object CMakeFiles/std_msgs__rosidl_typesupport_introspection_c.dir/rosidl_typesupport_introspection_c/std_msgs/msg/detail/float32_multi_array__type_support.c.o[0m
[ 50%] [32mBuilding CXX object CMakeFiles/std_msgs__rosidl_typesupport_c.dir/rosidl_typesupport_c/std_msgs/msg/u_int32_multi_array__type_support.cpp.o[0m
[ 50%] [32mBuilding C object CMakeFiles/std_msgs__rosidl_typesupport_introspection_c.dir/rosidl_typesupport_introspection_c/std_msgs/msg/detail/float64__type_support.c.o[0m
[ 50%] [32mBuilding CXX object CMakeFiles/std_msgs__rosidl_typesupport_fastrtps_c.dir/rosidl_typesupport_fastrtps_c/std_msgs/msg/detail/byte__type_support_c.cpp.o[0m
[ 50%] [32mBuilding CXX object CMakeFiles/std_msgs__rosidl_typesupport_introspection_cpp.dir/rosidl_typesupport_introspection_cpp/std_msgs/msg/detail/int16__type_support.cpp.o[0m
[ 51%] [32mBuilding CXX object CMakeFiles/std_msgs__rosidl_typesupport_c.dir/rosidl_typesupport_c/std_msgs/msg/u_int64__type_support.cpp.o[0m
[ 52%] [32mBuilding C object CMakeFiles/std_msgs__rosidl_typesupport_introspection_c.dir/rosidl_typesupport_introspection_c/std_msgs/msg/detail/float64_multi_array__type_support.c.o[0m
[ 53%] [32mBuilding CXX object CMakeFiles/std_msgs__rosidl_typesupport_fastrtps_c.dir/rosidl_typesupport_fastrtps_c/std_msgs/msg/detail/byte_multi_array__type_support_c.cpp.o[0m
[ 53%] [32mBuilding CXX object CMakeFiles/std_msgs__rosidl_typesupport_c.dir/rosidl_typesupport_c/std_msgs/msg/u_int64_multi_array__type_support.cpp.o[0m
[ 54%] [32mBuilding CXX object CMakeFiles/std_msgs__rosidl_typesupport_c.dir/rosidl_typesupport_c/std_msgs/msg/u_int8__type_support.cpp.o[0m
[ 55%] [32mBuilding CXX object CMakeFiles/std_msgs__rosidl_typesupport_introspection_cpp.dir/rosidl_typesupport_introspection_cpp/std_msgs/msg/detail/int16_multi_array__type_support.cpp.o[0m
[ 55%] [32mBuilding CXX object CMakeFiles/std_msgs__rosidl_typesupport_fastrtps_c.dir/rosidl_typesupport_fastrtps_c/std_msgs/msg/detail/char__type_support_c.cpp.o[0m
[ 55%] [32mBuilding C object CMakeFiles/std_msgs__rosidl_typesupport_introspection_c.dir/rosidl_typesupport_introspection_c/std_msgs/msg/detail/header__type_support.c.o[0m
[ 55%] [32mBuilding CXX object CMakeFiles/std_msgs__rosidl_typesupport_c.dir/rosidl_typesupport_c/std_msgs/msg/u_int8_multi_array__type_support.cpp.o[0m
[ 56%] [32mBuilding CXX object CMakeFiles/std_msgs__rosidl_typesupport_fastrtps_cpp.dir/rosidl_typesupport_fastrtps_cpp/std_msgs/msg/detail/dds_fastrtps/int64__type_support.cpp.o[0m
[ 57%] [32mBuilding C object CMakeFiles/std_msgs__rosidl_typesupport_introspection_c.dir/rosidl_typesupport_introspection_c/std_msgs/msg/detail/int16__type_support.c.o[0m
[ 57%] [32mBuilding CXX object CMakeFiles/std_msgs__rosidl_typesupport_fastrtps_c.dir/rosidl_typesupport_fastrtps_c/std_msgs/msg/detail/color_rgba__type_support_c.cpp.o[0m
[ 57%] [32m[1mLinking CXX shared library libstd_msgs__rosidl_typesupport_c.so[0m
[ 57%] [32mBuilding CXX object CMakeFiles/std_msgs__rosidl_typesupport_introspection_cpp.dir/rosidl_typesupport_introspection_cpp/std_msgs/msg/detail/int32__type_support.cpp.o[0m
[ 58%] [32mBuilding C object CMakeFiles/std_msgs__rosidl_typesupport_introspection_c.dir/rosidl_typesupport_introspection_c/std_msgs/msg/detail/int16_multi_array__type_support.c.o[0m
[ 58%] Built target std_msgs__rosidl_typesupport_c
[ 58%] [32mBuilding CXX object CMakeFiles/std_msgs__rosidl_typesupport_fastrtps_c.dir/rosidl_typesupport_fastrtps_c/std_msgs/msg/detail/empty__type_support_c.cpp.o[0m
[ 58%] [32mBuilding CXX object CMakeFiles/std_msgs__rosidl_typesupport_fastrtps_c.dir/rosidl_typesupport_fastrtps_c/std_msgs/msg/detail/float32__type_support_c.cpp.o[0m
[ 58%] [32mBuilding C object CMakeFiles/std_msgs__rosidl_typesupport_introspection_c.dir/rosidl_typesupport_introspection_c/std_msgs/msg/detail/int32__type_support.c.o[0m
[ 58%] [32mBuilding CXX object CMakeFiles/std_msgs__rosidl_typesupport_introspection_cpp.dir/rosidl_typesupport_introspection_cpp/std_msgs/msg/detail/int32_multi_array__type_support.cpp.o[0m
[ 60%] [32mBuilding C object CMakeFiles/std_msgs__rosidl_typesupport_introspection_c.dir/rosidl_typesupport_introspection_c/std_msgs/msg/detail/int32_multi_array__type_support.c.o[0m
[ 60%] [32mBuilding CXX object CMakeFiles/std_msgs__rosidl_typesupport_introspection_cpp.dir/rosidl_typesupport_introspection_cpp/std_msgs/msg/detail/int64__type_support.cpp.o[0m
[ 60%] [32mBuilding CXX object CMakeFiles/std_msgs__rosidl_typesupport_fastrtps_c.dir/rosidl_typesupport_fastrtps_c/std_msgs/msg/detail/float32_multi_array__type_support_c.cpp.o[0m
[ 60%] [32mBuilding CXX object CMakeFiles/std_msgs__rosidl_typesupport_fastrtps_cpp.dir/rosidl_typesupport_fastrtps_cpp/std_msgs/msg/detail/dds_fastrtps/int64_multi_array__type_support.cpp.o[0m
[ 61%] [32mBuilding C object CMakeFiles/std_msgs__rosidl_typesupport_introspection_c.dir/rosidl_typesupport_introspection_c/std_msgs/msg/detail/int64__type_support.c.o[0m
[ 61%] [32mBuilding CXX object CMakeFiles/std_msgs__rosidl_typesupport_fastrtps_cpp.dir/rosidl_typesupport_fastrtps_cpp/std_msgs/msg/detail/dds_fastrtps/int8__type_support.cpp.o[0m
[ 61%] [32mBuilding CXX object CMakeFiles/std_msgs__rosidl_typesupport_fastrtps_c.dir/rosidl_typesupport_fastrtps_c/std_msgs/msg/detail/float64__type_support_c.cpp.o[0m
[ 61%] [32mBuilding C object CMakeFiles/std_msgs__rosidl_typesupport_introspection_c.dir/rosidl_typesupport_introspection_c/std_msgs/msg/detail/int64_multi_array__type_support.c.o[0m
[ 62%] [32mBuilding CXX object CMakeFiles/std_msgs__rosidl_typesupport_introspection_cpp.dir/rosidl_typesupport_introspection_cpp/std_msgs/msg/detail/int64_multi_array__type_support.cpp.o[0m
[ 62%] [32mBuilding CXX object CMakeFiles/std_msgs__rosidl_typesupport_introspection_cpp.dir/rosidl_typesupport_introspection_cpp/std_msgs/msg/detail/int8__type_support.cpp.o[0m
[ 63%] [32mBuilding C object CMakeFiles/std_msgs__rosidl_typesupport_introspection_c.dir/rosidl_typesupport_introspection_c/std_msgs/msg/detail/int8_multi_array__type_support.c.o[0m
[ 63%] [32mBuilding C object CMakeFiles/std_msgs__rosidl_typesupport_introspection_c.dir/rosidl_typesupport_introspection_c/std_msgs/msg/detail/int8__type_support.c.o[0m
[ 64%] [32mBuilding CXX object CMakeFiles/std_msgs__rosidl_typesupport_fastrtps_cpp.dir/rosidl_typesupport_fastrtps_cpp/std_msgs/msg/detail/dds_fastrtps/int8_multi_array__type_support.cpp.o[0m
[ 64%] [32mBuilding CXX object CMakeFiles/std_msgs__rosidl_typesupport_fastrtps_cpp.dir/rosidl_typesupport_fastrtps_cpp/std_msgs/msg/detail/dds_fastrtps/multi_array_dimension__type_support.cpp.o[0m
[ 64%] [32mBuilding C object CMakeFiles/std_msgs__rosidl_typesupport_introspection_c.dir/rosidl_typesupport_introspection_c/std_msgs/msg/detail/multi_array_dimension__type_support.c.o[0m
[ 65%] [32mBuilding C object CMakeFiles/std_msgs__rosidl_typesupport_introspection_c.dir/rosidl_typesupport_introspection_c/std_msgs/msg/detail/multi_array_layout__type_support.c.o[0m
[ 66%] [32mBuilding CXX object CMakeFiles/std_msgs__rosidl_typesupport_fastrtps_cpp.dir/rosidl_typesupport_fastrtps_cpp/std_msgs/msg/detail/dds_fastrtps/multi_array_layout__type_support.cpp.o[0m
[ 66%] [32mBuilding CXX object CMakeFiles/std_msgs__rosidl_typesupport_fastrtps_c.dir/rosidl_typesupport_fastrtps_c/std_msgs/msg/detail/float64_multi_array__type_support_c.cpp.o[0m
[ 66%] [32mBuilding C object CMakeFiles/std_msgs__rosidl_typesupport_introspection_c.dir/rosidl_typesupport_introspection_c/std_msgs/msg/detail/string__type_support.c.o[0m
[ 67%] [32mBuilding C object CMakeFiles/std_msgs__rosidl_typesupport_introspection_c.dir/rosidl_typesupport_introspection_c/std_msgs/msg/detail/u_int16__type_support.c.o[0m
[ 67%] [32mBuilding CXX object CMakeFiles/std_msgs__rosidl_typesupport_fastrtps_cpp.dir/rosidl_typesupport_fastrtps_cpp/std_msgs/msg/detail/dds_fastrtps/string__type_support.cpp.o[0m
[ 67%] [32mBuilding C object CMakeFiles/std_msgs__rosidl_typesupport_introspection_c.dir/rosidl_typesupport_introspection_c/std_msgs/msg/detail/u_int16_multi_array__type_support.c.o[0m
[ 67%] [32mBuilding CXX object CMakeFiles/std_msgs__rosidl_typesupport_introspection_cpp.dir/rosidl_typesupport_introspection_cpp/std_msgs/msg/detail/int8_multi_array__type_support.cpp.o[0m
[ 67%] [32mBuilding CXX object CMakeFiles/std_msgs__rosidl_typesupport_fastrtps_cpp.dir/rosidl_typesupport_fastrtps_cpp/std_msgs/msg/detail/dds_fastrtps/u_int16__type_support.cpp.o[0m
[ 68%] [32mBuilding CXX object CMakeFiles/std_msgs__rosidl_typesupport_fastrtps_cpp.dir/rosidl_typesupport_fastrtps_cpp/std_msgs/msg/detail/dds_fastrtps/u_int16_multi_array__type_support.cpp.o[0m
[ 68%] [32mBuilding C object CMakeFiles/std_msgs__rosidl_typesupport_introspection_c.dir/rosidl_typesupport_introspection_c/std_msgs/msg/detail/u_int32__type_support.c.o[0m
[ 70%] [32mBuilding CXX object CMakeFiles/std_msgs__rosidl_typesupport_fastrtps_c.dir/rosidl_typesupport_fastrtps_c/std_msgs/msg/detail/header__type_support_c.cpp.o[0m
[ 70%] [32mBuilding CXX object CMakeFiles/std_msgs__rosidl_typesupport_fastrtps_cpp.dir/rosidl_typesupport_fastrtps_cpp/std_msgs/msg/detail/dds_fastrtps/u_int32__type_support.cpp.o[0m
[ 70%] [32mBuilding CXX object CMakeFiles/std_msgs__rosidl_typesupport_introspection_cpp.dir/rosidl_typesupport_introspection_cpp/std_msgs/msg/detail/multi_array_dimension__type_support.cpp.o[0m
[ 70%] [32mBuilding C object CMakeFiles/std_msgs__rosidl_typesupport_introspection_c.dir/rosidl_typesupport_introspection_c/std_msgs/msg/detail/u_int32_multi_array__type_support.c.o[0m
[ 71%] [32mBuilding CXX object CMakeFiles/std_msgs__rosidl_typesupport_introspection_cpp.dir/rosidl_typesupport_introspection_cpp/std_msgs/msg/detail/multi_array_layout__type_support.cpp.o[0m
[ 71%] [32mBuilding C object CMakeFiles/std_msgs__rosidl_typesupport_introspection_c.dir/rosidl_typesupport_introspection_c/std_msgs/msg/detail/u_int64__type_support.c.o[0m
[ 71%] [32mBuilding CXX object CMakeFiles/std_msgs__rosidl_typesupport_fastrtps_c.dir/rosidl_typesupport_fastrtps_c/std_msgs/msg/detail/int16__type_support_c.cpp.o[0m
[ 72%] [32mBuilding CXX object CMakeFiles/std_msgs__rosidl_typesupport_fastrtps_c.dir/rosidl_typesupport_fastrtps_c/std_msgs/msg/detail/int16_multi_array__type_support_c.cpp.o[0m
[ 72%] [32mBuilding C object CMakeFiles/std_msgs__rosidl_typesupport_introspection_c.dir/rosidl_typesupport_introspection_c/std_msgs/msg/detail/u_int64_multi_array__type_support.c.o[0m
[ 73%] [32mBuilding CXX object CMakeFiles/std_msgs__rosidl_typesupport_fastrtps_c.dir/rosidl_typesupport_fastrtps_c/std_msgs/msg/detail/int32__type_support_c.cpp.o[0m
[ 73%] [32mBuilding CXX object CMakeFiles/std_msgs__rosidl_typesupport_fastrtps_cpp.dir/rosidl_typesupport_fastrtps_cpp/std_msgs/msg/detail/dds_fastrtps/u_int32_multi_array__type_support.cpp.o[0m
[ 74%] [32mBuilding C object CMakeFiles/std_msgs__rosidl_typesupport_introspection_c.dir/rosidl_typesupport_introspection_c/std_msgs/msg/detail/u_int8__type_support.c.o[0m
[ 74%] [32mBuilding CXX object CMakeFiles/std_msgs__rosidl_typesupport_introspection_cpp.dir/rosidl_typesupport_introspection_cpp/std_msgs/msg/detail/string__type_support.cpp.o[0m
[ 74%] [32mBuilding CXX object CMakeFiles/std_msgs__rosidl_typesupport_fastrtps_c.dir/rosidl_typesupport_fastrtps_c/std_msgs/msg/detail/int32_multi_array__type_support_c.cpp.o[0m
[ 74%] [32mBuilding C object CMakeFiles/std_msgs__rosidl_typesupport_introspection_c.dir/rosidl_typesupport_introspection_c/std_msgs/msg/detail/u_int8_multi_array__type_support.c.o[0m
[ 74%] [32mBuilding CXX object CMakeFiles/std_msgs__rosidl_typesupport_introspection_cpp.dir/rosidl_typesupport_introspection_cpp/std_msgs/msg/detail/u_int16__type_support.cpp.o[0m
[ 75%] [32m[1mLinking C shared library libstd_msgs__rosidl_typesupport_introspection_c.so[0m
[ 76%] [32mBuilding CXX object CMakeFiles/std_msgs__rosidl_typesupport_fastrtps_c.dir/rosidl_typesupport_fastrtps_c/std_msgs/msg/detail/int64__type_support_c.cpp.o[0m
[ 76%] Built target std_msgs__rosidl_typesupport_introspection_c
[ 76%] [32mBuilding CXX object CMakeFiles/std_msgs__rosidl_typesupport_fastrtps_cpp.dir/rosidl_typesupport_fastrtps_cpp/std_msgs/msg/detail/dds_fastrtps/u_int64__type_support.cpp.o[0m
[ 77%] [32mBuilding CXX object CMakeFiles/std_msgs__rosidl_typesupport_introspection_cpp.dir/rosidl_typesupport_introspection_cpp/std_msgs/msg/detail/u_int16_multi_array__type_support.cpp.o[0m
[ 77%] [32mBuilding CXX object CMakeFiles/std_msgs__rosidl_typesupport_introspection_cpp.dir/rosidl_typesupport_introspection_cpp/std_msgs/msg/detail/u_int32__type_support.cpp.o[0m
[ 78%] [32mBuilding CXX object CMakeFiles/std_msgs__rosidl_typesupport_introspection_cpp.dir/rosidl_typesupport_introspection_cpp/std_msgs/msg/detail/u_int32_multi_array__type_support.cpp.o[0m
[ 78%] [32mBuilding CXX object CMakeFiles/std_msgs__rosidl_typesupport_fastrtps_c.dir/rosidl_typesupport_fastrtps_c/std_msgs/msg/detail/int64_multi_array__type_support_c.cpp.o[0m
[ 78%] [32mBuilding CXX object CMakeFiles/std_msgs__rosidl_typesupport_introspection_cpp.dir/rosidl_typesupport_introspection_cpp/std_msgs/msg/detail/u_int64__type_support.cpp.o[0m
[ 79%] [32mBuilding CXX object CMakeFiles/std_msgs__rosidl_typesupport_fastrtps_cpp.dir/rosidl_typesupport_fastrtps_cpp/std_msgs/msg/detail/dds_fastrtps/u_int64_multi_array__type_support.cpp.o[0m
[ 79%] [32mBuilding CXX object CMakeFiles/std_msgs__rosidl_typesupport_fastrtps_c.dir/rosidl_typesupport_fastrtps_c/std_msgs/msg/detail/int8__type_support_c.cpp.o[0m
[ 79%] [32mBuilding CXX object CMakeFiles/std_msgs__rosidl_typesupport_fastrtps_c.dir/rosidl_typesupport_fastrtps_c/std_msgs/msg/detail/int8_multi_array__type_support_c.cpp.o[0m
[ 79%] [32mBuilding CXX object CMakeFiles/std_msgs__rosidl_typesupport_introspection_cpp.dir/rosidl_typesupport_introspection_cpp/std_msgs/msg/detail/u_int64_multi_array__type_support.cpp.o[0m
[ 80%] [32mBuilding CXX object CMakeFiles/std_msgs__rosidl_typesupport_introspection_cpp.dir/rosidl_typesupport_introspection_cpp/std_msgs/msg/detail/u_int8__type_support.cpp.o[0m
[ 81%] [32mBuilding CXX object CMakeFiles/std_msgs__rosidl_typesupport_fastrtps_cpp.dir/rosidl_typesupport_fastrtps_cpp/std_msgs/msg/detail/dds_fastrtps/u_int8__type_support.cpp.o[0m
[ 81%] [32mBuilding CXX object CMakeFiles/std_msgs__rosidl_typesupport_fastrtps_c.dir/rosidl_typesupport_fastrtps_c/std_msgs/msg/detail/multi_array_dimension__type_support_c.cpp.o[0m
[ 81%] [32mBuilding CXX object CMakeFiles/std_msgs__rosidl_typesupport_fastrtps_cpp.dir/rosidl_typesupport_fastrtps_cpp/std_msgs/msg/detail/dds_fastrtps/u_int8_multi_array__type_support.cpp.o[0m
[ 82%] [32mBuilding CXX object CMakeFiles/std_msgs__rosidl_typesupport_introspection_cpp.dir/rosidl_typesupport_introspection_cpp/std_msgs/msg/detail/u_int8_multi_array__type_support.cpp.o[0m
[ 82%] [32mBuilding CXX object CMakeFiles/std_msgs__rosidl_typesupport_fastrtps_c.dir/rosidl_typesupport_fastrtps_c/std_msgs/msg/detail/multi_array_layout__type_support_c.cpp.o[0m
[ 82%] [32mBuilding CXX object CMakeFiles/std_msgs__rosidl_typesupport_fastrtps_c.dir/rosidl_typesupport_fastrtps_c/std_msgs/msg/detail/u_int16__type_support_c.cpp.o[0m
[ 82%] [32mBuilding CXX object CMakeFiles/std_msgs__rosidl_typesupport_fastrtps_c.dir/rosidl_typesupport_fastrtps_c/std_msgs/msg/detail/string__type_support_c.cpp.o[0m
[ 83%] [32mBuilding CXX object CMakeFiles/std_msgs__rosidl_typesupport_fastrtps_c.dir/rosidl_typesupport_fastrtps_c/std_msgs/msg/detail/u_int16_multi_array__type_support_c.cpp.o[0m
[ 83%] [32mBuilding CXX object CMakeFiles/std_msgs__rosidl_typesupport_fastrtps_c.dir/rosidl_typesupport_fastrtps_c/std_msgs/msg/detail/u_int32__type_support_c.cpp.o[0m
[ 84%] [32mBuilding CXX object CMakeFiles/std_msgs__rosidl_typesupport_fastrtps_c.dir/rosidl_typesupport_fastrtps_c/std_msgs/msg/detail/u_int32_multi_array__type_support_c.cpp.o[0m
[ 84%] [32mBuilding CXX object CMakeFiles/std_msgs__rosidl_typesupport_fastrtps_c.dir/rosidl_typesupport_fastrtps_c/std_msgs/msg/detail/u_int64__type_support_c.cpp.o[0m
[ 84%] [32mBuilding CXX object CMakeFiles/std_msgs__rosidl_typesupport_fastrtps_c.dir/rosidl_typesupport_fastrtps_c/std_msgs/msg/detail/u_int64_multi_array__type_support_c.cpp.o[0m
[ 86%] [32mBuilding CXX object CMakeFiles/std_msgs__rosidl_typesupport_fastrtps_c.dir/rosidl_typesupport_fastrtps_c/std_msgs/msg/detail/u_int8__type_support_c.cpp.o[0m
[ 86%] [32mBuilding CXX object CMakeFiles/std_msgs__rosidl_typesupport_fastrtps_c.dir/rosidl_typesupport_fastrtps_c/std_msgs/msg/detail/u_int8_multi_array__type_support_c.cpp.o[0m
[ 86%] [32m[1mLinking CXX shared library libstd_msgs__rosidl_typesupport_introspection_cpp.so[0m
[ 86%] [32m[1mLinking CXX shared library libstd_msgs__rosidl_typesupport_fastrtps_cpp.so[0m
[ 86%] Built target std_msgs__rosidl_typesupport_introspection_cpp
[ 86%] Built target std_msgs__rosidl_typesupport_fastrtps_cpp
[ 86%] [32m[1mLinking CXX shared library libstd_msgs__rosidl_typesupport_fastrtps_c.so[0m
[ 86%] Built target std_msgs__rosidl_typesupport_fastrtps_c
[ 86%] Built target std_msgs
[ 86%] [34m[1mGenerating Python code for ROS interfaces[0m
[ 86%] Built target std_msgs__py
[ 87%] [32mBuilding C object CMakeFiles/std_msgs__rosidl_generator_py.dir/rosidl_generator_py/std_msgs/msg/_bool_s.c.o[0m
[ 88%] [32mBuilding C object CMakeFiles/std_msgs__rosidl_generator_py.dir/rosidl_generator_py/std_msgs/msg/_byte_s.c.o[0m
[ 88%] [32mBuilding C object CMakeFiles/std_msgs__rosidl_generator_py.dir/rosidl_generator_py/std_msgs/msg/_byte_multi_array_s.c.o[0m
[ 88%] [32mBuilding C object CMakeFiles/std_msgs__rosidl_generator_py.dir/rosidl_generator_py/std_msgs/msg/_color_rgba_s.c.o[0m
[ 88%] [32mBuilding C object CMakeFiles/std_msgs__rosidl_generator_py.dir/rosidl_generator_py/std_msgs/msg/_char_s.c.o[0m
[ 88%] [32mBuilding C object CMakeFiles/std_msgs__rosidl_generator_py.dir/rosidl_generator_py/std_msgs/msg/_float32_s.c.o[0m
[ 89%] [32mBuilding C object CMakeFiles/std_msgs__rosidl_generator_py.dir/rosidl_generator_py/std_msgs/msg/_empty_s.c.o[0m
[ 89%] [32mBuilding C object CMakeFiles/std_msgs__rosidl_generator_py.dir/rosidl_generator_py/std_msgs/msg/_float32_multi_array_s.c.o[0m
[ 90%] [32mBuilding C object CMakeFiles/std_msgs__rosidl_generator_py.dir/rosidl_generator_py/std_msgs/msg/_float64_s.c.o[0m
[ 90%] [32mBuilding C object CMakeFiles/std_msgs__rosidl_generator_py.dir/rosidl_generator_py/std_msgs/msg/_float64_multi_array_s.c.o[0m
[ 91%] [32mBuilding C object CMakeFiles/std_msgs__rosidl_generator_py.dir/rosidl_generator_py/std_msgs/msg/_header_s.c.o[0m
[ 91%] [32mBuilding C object CMakeFiles/std_msgs__rosidl_generator_py.dir/rosidl_generator_py/std_msgs/msg/_int16_s.c.o[0m
[ 92%] [32mBuilding C object CMakeFiles/std_msgs__rosidl_generator_py.dir/rosidl_generator_py/std_msgs/msg/_int8_s.c.o[0m
[ 92%] [32mBuilding C object CMakeFiles/std_msgs__rosidl_generator_py.dir/rosidl_generator_py/std_msgs/msg/_int32_multi_array_s.c.o[0m
[ 92%] [32mBuilding C object CMakeFiles/std_msgs__rosidl_generator_py.dir/rosidl_generator_py/std_msgs/msg/_int64_s.c.o[0m
[ 92%] [32mBuilding C object CMakeFiles/std_msgs__rosidl_generator_py.dir/rosidl_generator_py/std_msgs/msg/_int16_multi_array_s.c.o[0m
[ 93%] [32mBuilding C object CMakeFiles/std_msgs__rosidl_generator_py.dir/rosidl_generator_py/std_msgs/msg/_int32_s.c.o[0m
[ 93%] [32mBuilding C object CMakeFiles/std_msgs__rosidl_generator_py.dir/rosidl_generator_py/std_msgs/msg/_int64_multi_array_s.c.o[0m
[ 93%] [32mBuilding C object CMakeFiles/std_msgs__rosidl_generator_py.dir/rosidl_generator_py/std_msgs/msg/_multi_array_dimension_s.c.o[0m
[ 93%] [32mBuilding C object CMakeFiles/std_msgs__rosidl_generator_py.dir/rosidl_generator_py/std_msgs/msg/_multi_array_layout_s.c.o[0m
[ 94%] [32mBuilding C object CMakeFiles/std_msgs__rosidl_generator_py.dir/rosidl_generator_py/std_msgs/msg/_int8_multi_array_s.c.o[0m
[ 95%] [32mBuilding C object CMakeFiles/std_msgs__rosidl_generator_py.dir/rosidl_generator_py/std_msgs/msg/_string_s.c.o[0m
[ 96%] [32mBuilding C object CMakeFiles/std_msgs__rosidl_generator_py.dir/rosidl_generator_py/std_msgs/msg/_u_int16_s.c.o[0m
[ 96%] [32mBuilding C object CMakeFiles/std_msgs__rosidl_generator_py.dir/rosidl_generator_py/std_msgs/msg/_u_int16_multi_array_s.c.o[0m
[ 96%] [32mBuilding C object CMakeFiles/std_msgs__rosidl_generator_py.dir/rosidl_generator_py/std_msgs/msg/_u_int32_multi_array_s.c.o[0m
[ 97%] [32mBuilding C object CMakeFiles/std_msgs__rosidl_generator_py.dir/rosidl_generator_py/std_msgs/msg/_u_int32_s.c.o[0m
[ 97%] [32mBuilding C object CMakeFiles/std_msgs__rosidl_generator_py.dir/rosidl_generator_py/std_msgs/msg/_u_int64_s.c.o[0m
[ 97%] [32mBuilding C object CMakeFiles/std_msgs__rosidl_generator_py.dir/rosidl_generator_py/std_msgs/msg/_u_int64_multi_array_s.c.o[0m
[ 97%] [32mBuilding C object CMakeFiles/std_msgs__rosidl_generator_py.dir/rosidl_generator_py/std_msgs/msg/_u_int8_s.c.o[0m
[ 98%] [32mBuilding C object CMakeFiles/std_msgs__rosidl_generator_py.dir/rosidl_generator_py/std_msgs/msg/_u_int8_multi_array_s.c.o[0m
[ 98%] [32m[1mLinking C shared library rosidl_generator_py/std_msgs/libstd_msgs__rosidl_generator_py.so[0m
[ 98%] Built target std_msgs__rosidl_generator_py
[ 98%] [32mBuilding C object CMakeFiles/std_msgs__rosidl_typesupport_introspection_c__pyext.dir/rosidl_generator_py/std_msgs/_std_msgs_s.ep.rosidl_typesupport_introspection_c.c.o[0m
[ 99%] [32mBuilding C object CMakeFiles/std_msgs__rosidl_typesupport_fastrtps_c__pyext.dir/rosidl_generator_py/std_msgs/_std_msgs_s.ep.rosidl_typesupport_fastrtps_c.c.o[0m
[100%] [32mBuilding C object CMakeFiles/std_msgs__rosidl_typesupport_c__pyext.dir/rosidl_generator_py/std_msgs/_std_msgs_s.ep.rosidl_typesupport_c.c.o[0m
[100%] [32m[1mLinking C shared library rosidl_generator_py/std_msgs/std_msgs_s__rosidl_typesupport_introspection_c.cpython-312-x86_64-linux-gnu.so[0m
[100%] [32m[1mLinking C shared library rosidl_generator_py/std_msgs/std_msgs_s__rosidl_typesupport_fastrtps_c.cpython-312-x86_64-linux-gnu.so[0m
[100%] [32m[1mLinking C shared library rosidl_generator_py/std_msgs/std_msgs_s__rosidl_typesupport_c.cpython-312-x86_64-linux-gnu.so[0m
[100%] Built target std_msgs__rosidl_typesupport_introspection_c__pyext
[100%] Built target std_msgs__rosidl_typesupport_fastrtps_c__pyext
[100%] Built target std_msgs__rosidl_typesupport_c__pyext
-- Install configuration: "Release"
-- Execute custom install script
-- Symlinking: /home/jiil/ur_ws/install/std_msgs/share/ament_index/resource_index/rosidl_interfaces/std_msgs
-- Symlinking: /home/jiil/ur_ws/install/std_msgs/include/std_msgs/std_msgs/msg/bool.h
-- Symlinking: /home/jiil/ur_ws/install/std_msgs/include/std_msgs/std_msgs/msg/byte.h
-- Symlinking: /home/jiil/ur_ws/install/std_msgs/include/std_msgs/std_msgs/msg/byte_multi_array.h
-- Symlinking: /home/jiil/ur_ws/install/std_msgs/include/std_msgs/std_msgs/msg/char.h
-- Symlinking: /home/jiil/ur_ws/install/std_msgs/include/std_msgs/std_msgs/msg/color_rgba.h
-- Symlinking: /home/jiil/ur_ws/install/std_msgs/include/std_msgs/std_msgs/msg/detail/bool__functions.h
-- Symlinking: /home/jiil/ur_ws/install/std_msgs/include/std_msgs/std_msgs/msg/detail/bool__struct.h
-- Symlinking: /home/jiil/ur_ws/install/std_msgs/include/std_msgs/std_msgs/msg/detail/bool__type_support.h
-- Symlinking: /home/jiil/ur_ws/install/std_msgs/include/std_msgs/std_msgs/msg/detail/byte__functions.h
-- Symlinking: /home/jiil/ur_ws/install/std_msgs/include/std_msgs/std_msgs/msg/detail/byte__struct.h
-- Symlinking: /home/jiil/ur_ws/install/std_msgs/include/std_msgs/std_msgs/msg/detail/byte__type_support.h
-- Symlinking: /home/jiil/ur_ws/install/std_msgs/include/std_msgs/std_msgs/msg/detail/byte_multi_array__functions.h
-- Symlinking: /home/jiil/ur_ws/install/std_msgs/include/std_msgs/std_msgs/msg/detail/byte_multi_array__struct.h
-- Symlinking: /home/jiil/ur_ws/install/std_msgs/include/std_msgs/std_msgs/msg/detail/byte_multi_array__type_support.h
-- Symlinking: /home/jiil/ur_ws/install/std_msgs/include/std_msgs/std_msgs/msg/detail/char__functions.h
-- Symlinking: /home/jiil/ur_ws/install/std_msgs/include/std_msgs/std_msgs/msg/detail/char__struct.h
-- Symlinking: /home/jiil/ur_ws/install/std_msgs/include/std_msgs/std_msgs/msg/detail/char__type_support.h
-- Symlinking: /home/jiil/ur_ws/install/std_msgs/include/std_msgs/std_msgs/msg/detail/color_rgba__functions.h
-- Symlinking: /home/jiil/ur_ws/install/std_msgs/include/std_msgs/std_msgs/msg/detail/color_rgba__struct.h
-- Symlinking: /home/jiil/ur_ws/install/std_msgs/include/std_msgs/std_msgs/msg/detail/color_rgba__type_support.h
-- Symlinking: /home/jiil/ur_ws/install/std_msgs/include/std_msgs/std_msgs/msg/detail/empty__functions.h
-- Symlinking: /home/jiil/ur_ws/install/std_msgs/include/std_msgs/std_msgs/msg/detail/empty__struct.h
-- Symlinking: /home/jiil/ur_ws/install/std_msgs/include/std_msgs/std_msgs/msg/detail/empty__type_support.h
-- Symlinking: /home/jiil/ur_ws/install/std_msgs/include/std_msgs/std_msgs/msg/detail/float32__functions.h
-- Symlinking: /home/jiil/ur_ws/install/std_msgs/include/std_msgs/std_msgs/msg/detail/float32__struct.h
-- Symlinking: /home/jiil/ur_ws/install/std_msgs/include/std_msgs/std_msgs/msg/detail/float32__type_support.h
-- Symlinking: /home/jiil/ur_ws/install/std_msgs/include/std_msgs/std_msgs/msg/detail/float32_multi_array__functions.h
-- Symlinking: /home/jiil/ur_ws/install/std_msgs/include/std_msgs/std_msgs/msg/detail/float32_multi_array__struct.h
-- Symlinking: /home/jiil/ur_ws/install/std_msgs/include/std_msgs/std_msgs/msg/detail/float32_multi_array__type_support.h
-- Symlinking: /home/jiil/ur_ws/install/std_msgs/include/std_msgs/std_msgs/msg/detail/float64__functions.h
-- Symlinking: /home/jiil/ur_ws/install/std_msgs/include/std_msgs/std_msgs/msg/detail/float64__struct.h
-- Symlinking: /home/jiil/ur_ws/install/std_msgs/include/std_msgs/std_msgs/msg/detail/float64__type_support.h
-- Symlinking: /home/jiil/ur_ws/install/std_msgs/include/std_msgs/std_msgs/msg/detail/float64_multi_array__functions.h
-- Symlinking: /home/jiil/ur_ws/install/std_msgs/include/std_msgs/std_msgs/msg/detail/float64_multi_array__struct.h
-- Symlinking: /home/jiil/ur_ws/install/std_msgs/include/std_msgs/std_msgs/msg/detail/float64_multi_array__type_support.h
-- Symlinking: /home/jiil/ur_ws/install/std_msgs/include/std_msgs/std_msgs/msg/detail/header__functions.h
-- Symlinking: /home/jiil/ur_ws/install/std_msgs/include/std_msgs/std_msgs/msg/detail/header__struct.h
-- Symlinking: /home/jiil/ur_ws/install/std_msgs/include/std_msgs/std_msgs/msg/detail/header__type_support.h
-- Symlinking: /home/jiil/ur_ws/install/std_msgs/include/std_msgs/std_msgs/msg/detail/int16__functions.h
-- Symlinking: /home/jiil/ur_ws/install/std_msgs/include/std_msgs/std_msgs/msg/detail/int16__struct.h
-- Symlinking: /home/jiil/ur_ws/install/std_msgs/include/std_msgs/std_msgs/msg/detail/int16__type_support.h
-- Symlinking: /home/jiil/ur_ws/install/std_msgs/include/std_msgs/std_msgs/msg/detail/int16_multi_array__functions.h
-- Symlinking: /home/jiil/ur_ws/install/std_msgs/include/std_msgs/std_msgs/msg/detail/int16_multi_array__struct.h
-- Symlinking: /home/jiil/ur_ws/install/std_msgs/include/std_msgs/std_msgs/msg/detail/int16_multi_array__type_support.h
-- Symlinking: /home/jiil/ur_ws/install/std_msgs/include/std_msgs/std_msgs/msg/detail/int32__functions.h
-- Symlinking: /home/jiil/ur_ws/install/std_msgs/include/std_msgs/std_msgs/msg/detail/int32__struct.h
-- Symlinking: /home/jiil/ur_ws/install/std_msgs/include/std_msgs/std_msgs/msg/detail/int32__type_support.h
-- Symlinking: /home/jiil/ur_ws/install/std_msgs/include/std_msgs/std_msgs/msg/detail/int32_multi_array__functions.h
-- Symlinking: /home/jiil/ur_ws/install/std_msgs/include/std_msgs/std_msgs/msg/detail/int32_multi_array__struct.h
-- Symlinking: /home/jiil/ur_ws/install/std_msgs/include/std_msgs/std_msgs/msg/detail/int32_multi_array__type_support.h
-- Symlinking: /home/jiil/ur_ws/install/std_msgs/include/std_msgs/std_msgs/msg/detail/int64__functions.h
-- Symlinking: /home/jiil/ur_ws/install/std_msgs/include/std_msgs/std_msgs/msg/detail/int64__struct.h
-- Symlinking: /home/jiil/ur_ws/install/std_msgs/include/std_msgs/std_msgs/msg/detail/int64__type_support.h
-- Symlinking: /home/jiil/ur_ws/install/std_msgs/include/std_msgs/std_msgs/msg/detail/int64_multi_array__functions.h
-- Symlinking: /home/jiil/ur_ws/install/std_msgs/include/std_msgs/std_msgs/msg/detail/int64_multi_array__struct.h
-- Symlinking: /home/jiil/ur_ws/install/std_msgs/include/std_msgs/std_msgs/msg/detail/int64_multi_array__type_support.h
-- Symlinking: /home/jiil/ur_ws/install/std_msgs/include/std_msgs/std_msgs/msg/detail/int8__functions.h
-- Symlinking: /home/jiil/ur_ws/install/std_msgs/include/std_msgs/std_msgs/msg/detail/int8__struct.h
-- Symlinking: /home/jiil/ur_ws/install/std_msgs/include/std_msgs/std_msgs/msg/detail/int8__type_support.h
-- Symlinking: /home/jiil/ur_ws/install/std_msgs/include/std_msgs/std_msgs/msg/detail/int8_multi_array__functions.h
-- Symlinking: /home/jiil/ur_ws/install/std_msgs/include/std_msgs/std_msgs/msg/detail/int8_multi_array__struct.h
-- Symlinking: /home/jiil/ur_ws/install/std_msgs/include/std_msgs/std_msgs/msg/detail/int8_multi_array__type_support.h
-- Symlinking: /home/jiil/ur_ws/install/std_msgs/include/std_msgs/std_msgs/msg/detail/multi_array_dimension__functions.h
-- Symlinking: /home/jiil/ur_ws/install/std_msgs/include/std_msgs/std_msgs/msg/detail/multi_array_dimension__struct.h
-- Symlinking: /home/jiil/ur_ws/install/std_msgs/include/std_msgs/std_msgs/msg/detail/multi_array_dimension__type_support.h
-- Symlinking: /home/jiil/ur_ws/install/std_msgs/include/std_msgs/std_msgs/msg/detail/multi_array_layout__functions.h
-- Symlinking: /home/jiil/ur_ws/install/std_msgs/include/std_msgs/std_msgs/msg/detail/multi_array_layout__struct.h
-- Symlinking: /home/jiil/ur_ws/install/std_msgs/include/std_msgs/std_msgs/msg/detail/multi_array_layout__type_support.h
-- Symlinking: /home/jiil/ur_ws/install/std_msgs/include/std_msgs/std_msgs/msg/detail/string__functions.h
-- Symlinking: /home/jiil/ur_ws/install/std_msgs/include/std_msgs/std_msgs/msg/detail/string__struct.h
-- Symlinking: /home/jiil/ur_ws/install/std_msgs/include/std_msgs/std_msgs/msg/detail/string__type_support.h
-- Symlinking: /home/jiil/ur_ws/install/std_msgs/include/std_msgs/std_msgs/msg/detail/u_int16__functions.h
-- Symlinking: /home/jiil/ur_ws/install/std_msgs/include/std_msgs/std_msgs/msg/detail/u_int16__struct.h
-- Symlinking: /home/jiil/ur_ws/install/std_msgs/include/std_msgs/std_msgs/msg/detail/u_int16__type_support.h
-- Symlinking: /home/jiil/ur_ws/install/std_msgs/include/std_msgs/std_msgs/msg/detail/u_int16_multi_array__functions.h
-- Symlinking: /home/jiil/ur_ws/install/std_msgs/include/std_msgs/std_msgs/msg/detail/u_int16_multi_array__struct.h
-- Symlinking: /home/jiil/ur_ws/install/std_msgs/include/std_msgs/std_msgs/msg/detail/u_int16_multi_array__type_support.h
-- Symlinking: /home/jiil/ur_ws/install/std_msgs/include/std_msgs/std_msgs/msg/detail/u_int32__functions.h
-- Symlinking: /home/jiil/ur_ws/install/std_msgs/include/std_msgs/std_msgs/msg/detail/u_int32__struct.h
-- Symlinking: /home/jiil/ur_ws/install/std_msgs/include/std_msgs/std_msgs/msg/detail/u_int32__type_support.h
-- Symlinking: /home/jiil/ur_ws/install/std_msgs/include/std_msgs/std_msgs/msg/detail/u_int32_multi_array__functions.h
-- Symlinking: /home/jiil/ur_ws/install/std_msgs/include/std_msgs/std_msgs/msg/detail/u_int32_multi_array__struct.h
-- Symlinking: /home/jiil/ur_ws/install/std_msgs/include/std_msgs/std_msgs/msg/detail/u_int32_multi_array__type_support.h
-- Symlinking: /home/jiil/ur_ws/install/std_msgs/include/std_msgs/std_msgs/msg/detail/u_int64__functions.h
-- Symlinking: /home/jiil/ur_ws/install/std_msgs/include/std_msgs/std_msgs/msg/detail/u_int64__struct.h
-- Symlinking: /home/jiil/ur_ws/install/std_msgs/include/std_msgs/std_msgs/msg/detail/u_int64__type_support.h
-- Symlinking: /home/jiil/ur_ws/install/std_msgs/include/std_msgs/std_msgs/msg/detail/u_int64_multi_array__functions.h
-- Symlinking: /home/jiil/ur_ws/install/std_msgs/include/std_msgs/std_msgs/msg/detail/u_int64_multi_array__struct.h
-- Symlinking: /home/jiil/ur_ws/install/std_msgs/include/std_msgs/std_msgs/msg/detail/u_int64_multi_array__type_support.h
-- Symlinking: /home/jiil/ur_ws/install/std_msgs/include/std_msgs/std_msgs/msg/detail/u_int8__functions.h
-- Symlinking: /home/jiil/ur_ws/install/std_msgs/include/std_msgs/std_msgs/msg/detail/u_int8__struct.h
-- Symlinking: /home/jiil/ur_ws/install/std_msgs/include/std_msgs/std_msgs/msg/detail/u_int8__type_support.h
-- Symlinking: /home/jiil/ur_ws/install/std_msgs/include/std_msgs/std_msgs/msg/detail/u_int8_multi_array__functions.h
-- Symlinking: /home/jiil/ur_ws/install/std_msgs/include/std_msgs/std_msgs/msg/detail/u_int8_multi_array__struct.h
-- Symlinking: /home/jiil/ur_ws/install/std_msgs/include/std_msgs/std_msgs/msg/detail/u_int8_multi_array__type_support.h
-- Symlinking: /home/jiil/ur_ws/install/std_msgs/include/std_msgs/std_msgs/msg/empty.h
-- Symlinking: /home/jiil/ur_ws/install/std_msgs/include/std_msgs/std_msgs/msg/float32.h
-- Symlinking: /home/jiil/ur_ws/install/std_msgs/include/std_msgs/std_msgs/msg/float32_multi_array.h
-- Symlinking: /home/jiil/ur_ws/install/std_msgs/include/std_msgs/std_msgs/msg/float64.h
-- Symlinking: /home/jiil/ur_ws/install/std_msgs/include/std_msgs/std_msgs/msg/float64_multi_array.h
-- Symlinking: /home/jiil/ur_ws/install/std_msgs/include/std_msgs/std_msgs/msg/header.h
-- Symlinking: /home/jiil/ur_ws/install/std_msgs/include/std_msgs/std_msgs/msg/int16.h
-- Symlinking: /home/jiil/ur_ws/install/std_msgs/include/std_msgs/std_msgs/msg/int16_multi_array.h
-- Symlinking: /home/jiil/ur_ws/install/std_msgs/include/std_msgs/std_msgs/msg/int32.h
-- Symlinking: /home/jiil/ur_ws/install/std_msgs/include/std_msgs/std_msgs/msg/int32_multi_array.h
-- Symlinking: /home/jiil/ur_ws/install/std_msgs/include/std_msgs/std_msgs/msg/int64.h
-- Symlinking: /home/jiil/ur_ws/install/std_msgs/include/std_msgs/std_msgs/msg/int64_multi_array.h
-- Symlinking: /home/jiil/ur_ws/install/std_msgs/include/std_msgs/std_msgs/msg/int8.h
-- Symlinking: /home/jiil/ur_ws/install/std_msgs/include/std_msgs/std_msgs/msg/int8_multi_array.h
-- Symlinking: /home/jiil/ur_ws/install/std_msgs/include/std_msgs/std_msgs/msg/multi_array_dimension.h
-- Symlinking: /home/jiil/ur_ws/install/std_msgs/include/std_msgs/std_msgs/msg/multi_array_layout.h
-- Symlinking: /home/jiil/ur_ws/install/std_msgs/include/std_msgs/std_msgs/msg/rosidl_generator_c__visibility_control.h
-- Symlinking: /home/jiil/ur_ws/install/std_msgs/include/std_msgs/std_msgs/msg/string.h
-- Symlinking: /home/jiil/ur_ws/install/std_msgs/include/std_msgs/std_msgs/msg/u_int16.h
-- Symlinking: /home/jiil/ur_ws/install/std_msgs/include/std_msgs/std_msgs/msg/u_int16_multi_array.h
-- Symlinking: /home/jiil/ur_ws/install/std_msgs/include/std_msgs/std_msgs/msg/u_int32.h
-- Symlinking: /home/jiil/ur_ws/install/std_msgs/include/std_msgs/std_msgs/msg/u_int32_multi_array.h
-- Symlinking: /home/jiil/ur_ws/install/std_msgs/include/std_msgs/std_msgs/msg/u_int64.h
-- Symlinking: /home/jiil/ur_ws/install/std_msgs/include/std_msgs/std_msgs/msg/u_int64_multi_array.h
-- Symlinking: /home/jiil/ur_ws/install/std_msgs/include/std_msgs/std_msgs/msg/u_int8.h
-- Symlinking: /home/jiil/ur_ws/install/std_msgs/include/std_msgs/std_msgs/msg/u_int8_multi_array.h
-- Symlinking: /home/jiil/ur_ws/install/std_msgs/share/std_msgs/environment/library_path.sh
-- Symlinking: /home/jiil/ur_ws/install/std_msgs/share/std_msgs/environment/library_path.dsv
-- Symlinking: /home/jiil/ur_ws/install/std_msgs/include/std_msgs/std_msgs/msg/detail/bool__rosidl_typesupport_fastrtps_c.h
-- Symlinking: /home/jiil/ur_ws/install/std_msgs/include/std_msgs/std_msgs/msg/detail/byte__rosidl_typesupport_fastrtps_c.h
-- Symlinking: /home/jiil/ur_ws/install/std_msgs/include/std_msgs/std_msgs/msg/detail/byte_multi_array__rosidl_typesupport_fastrtps_c.h
-- Symlinking: /home/jiil/ur_ws/install/std_msgs/include/std_msgs/std_msgs/msg/detail/char__rosidl_typesupport_fastrtps_c.h
-- Symlinking: /home/jiil/ur_ws/install/std_msgs/include/std_msgs/std_msgs/msg/detail/color_rgba__rosidl_typesupport_fastrtps_c.h
-- Symlinking: /home/jiil/ur_ws/install/std_msgs/include/std_msgs/std_msgs/msg/detail/empty__rosidl_typesupport_fastrtps_c.h
-- Symlinking: /home/jiil/ur_ws/install/std_msgs/include/std_msgs/std_msgs/msg/detail/float32__rosidl_typesupport_fastrtps_c.h
-- Symlinking: /home/jiil/ur_ws/install/std_msgs/include/std_msgs/std_msgs/msg/detail/float32_multi_array__rosidl_typesupport_fastrtps_c.h
-- Symlinking: /home/jiil/ur_ws/install/std_msgs/include/std_msgs/std_msgs/msg/detail/float64__rosidl_typesupport_fastrtps_c.h
-- Symlinking: /home/jiil/ur_ws/install/std_msgs/include/std_msgs/std_msgs/msg/detail/float64_multi_array__rosidl_typesupport_fastrtps_c.h
-- Symlinking: /home/jiil/ur_ws/install/std_msgs/include/std_msgs/std_msgs/msg/detail/header__rosidl_typesupport_fastrtps_c.h
-- Symlinking: /home/jiil/ur_ws/install/std_msgs/include/std_msgs/std_msgs/msg/detail/int16__rosidl_typesupport_fastrtps_c.h
-- Symlinking: /home/jiil/ur_ws/install/std_msgs/include/std_msgs/std_msgs/msg/detail/int16_multi_array__rosidl_typesupport_fastrtps_c.h
-- Symlinking: /home/jiil/ur_ws/install/std_msgs/include/std_msgs/std_msgs/msg/detail/int32__rosidl_typesupport_fastrtps_c.h
-- Symlinking: /home/jiil/ur_ws/install/std_msgs/include/std_msgs/std_msgs/msg/detail/int32_multi_array__rosidl_typesupport_fastrtps_c.h
-- Symlinking: /home/jiil/ur_ws/install/std_msgs/include/std_msgs/std_msgs/msg/detail/int64__rosidl_typesupport_fastrtps_c.h
-- Symlinking: /home/jiil/ur_ws/install/std_msgs/include/std_msgs/std_msgs/msg/detail/int64_multi_array__rosidl_typesupport_fastrtps_c.h
-- Symlinking: /home/jiil/ur_ws/install/std_msgs/include/std_msgs/std_msgs/msg/detail/int8__rosidl_typesupport_fastrtps_c.h
-- Symlinking: /home/jiil/ur_ws/install/std_msgs/include/std_msgs/std_msgs/msg/detail/int8_multi_array__rosidl_typesupport_fastrtps_c.h
-- Symlinking: /home/jiil/ur_ws/install/std_msgs/include/std_msgs/std_msgs/msg/detail/multi_array_dimension__rosidl_typesupport_fastrtps_c.h
-- Symlinking: /home/jiil/ur_ws/install/std_msgs/include/std_msgs/std_msgs/msg/detail/multi_array_layout__rosidl_typesupport_fastrtps_c.h
-- Symlinking: /home/jiil/ur_ws/install/std_msgs/include/std_msgs/std_msgs/msg/detail/string__rosidl_typesupport_fastrtps_c.h
-- Symlinking: /home/jiil/ur_ws/install/std_msgs/include/std_msgs/std_msgs/msg/detail/u_int16__rosidl_typesupport_fastrtps_c.h
-- Symlinking: /home/jiil/ur_ws/install/std_msgs/include/std_msgs/std_msgs/msg/detail/u_int16_multi_array__rosidl_typesupport_fastrtps_c.h
-- Symlinking: /home/jiil/ur_ws/install/std_msgs/include/std_msgs/std_msgs/msg/detail/u_int32__rosidl_typesupport_fastrtps_c.h
-- Symlinking: /home/jiil/ur_ws/install/std_msgs/include/std_msgs/std_msgs/msg/detail/u_int32_multi_array__rosidl_typesupport_fastrtps_c.h
-- Symlinking: /home/jiil/ur_ws/install/std_msgs/include/std_msgs/std_msgs/msg/detail/u_int64__rosidl_typesupport_fastrtps_c.h
-- Symlinking: /home/jiil/ur_ws/install/std_msgs/include/std_msgs/std_msgs/msg/detail/u_int64_multi_array__rosidl_typesupport_fastrtps_c.h
-- Symlinking: /home/jiil/ur_ws/install/std_msgs/include/std_msgs/std_msgs/msg/detail/u_int8__rosidl_typesupport_fastrtps_c.h
-- Symlinking: /home/jiil/ur_ws/install/std_msgs/include/std_msgs/std_msgs/msg/detail/u_int8_multi_array__rosidl_typesupport_fastrtps_c.h
-- Symlinking: /home/jiil/ur_ws/install/std_msgs/include/std_msgs/std_msgs/msg/rosidl_typesupport_fastrtps_c__visibility_control.h
-- Symlinking: /home/jiil/ur_ws/install/std_msgs/include/std_msgs/std_msgs/msg/bool.hpp
-- Symlinking: /home/jiil/ur_ws/install/std_msgs/include/std_msgs/std_msgs/msg/byte.hpp
-- Symlinking: /home/jiil/ur_ws/install/std_msgs/include/std_msgs/std_msgs/msg/byte_multi_array.hpp
-- Symlinking: /home/jiil/ur_ws/install/std_msgs/include/std_msgs/std_msgs/msg/char.hpp
-- Symlinking: /home/jiil/ur_ws/install/std_msgs/include/std_msgs/std_msgs/msg/color_rgba.hpp
-- Symlinking: /home/jiil/ur_ws/install/std_msgs/include/std_msgs/std_msgs/msg/detail/bool__builder.hpp
-- Symlinking: /home/jiil/ur_ws/install/std_msgs/include/std_msgs/std_msgs/msg/detail/bool__struct.hpp
-- Symlinking: /home/jiil/ur_ws/install/std_msgs/include/std_msgs/std_msgs/msg/detail/bool__traits.hpp
-- Symlinking: /home/jiil/ur_ws/install/std_msgs/include/std_msgs/std_msgs/msg/detail/bool__type_support.hpp
-- Symlinking: /home/jiil/ur_ws/install/std_msgs/include/std_msgs/std_msgs/msg/detail/byte__builder.hpp
-- Symlinking: /home/jiil/ur_ws/install/std_msgs/include/std_msgs/std_msgs/msg/detail/byte__struct.hpp
-- Symlinking: /home/jiil/ur_ws/install/std_msgs/include/std_msgs/std_msgs/msg/detail/byte__traits.hpp
-- Symlinking: /home/jiil/ur_ws/install/std_msgs/include/std_msgs/std_msgs/msg/detail/byte__type_support.hpp
-- Symlinking: /home/jiil/ur_ws/install/std_msgs/include/std_msgs/std_msgs/msg/detail/byte_multi_array__builder.hpp
-- Symlinking: /home/jiil/ur_ws/install/std_msgs/include/std_msgs/std_msgs/msg/detail/byte_multi_array__struct.hpp
-- Symlinking: /home/jiil/ur_ws/install/std_msgs/include/std_msgs/std_msgs/msg/detail/byte_multi_array__traits.hpp
-- Symlinking: /home/jiil/ur_ws/install/std_msgs/include/std_msgs/std_msgs/msg/detail/byte_multi_array__type_support.hpp
-- Symlinking: /home/jiil/ur_ws/install/std_msgs/include/std_msgs/std_msgs/msg/detail/char__builder.hpp
-- Symlinking: /home/jiil/ur_ws/install/std_msgs/include/std_msgs/std_msgs/msg/detail/char__struct.hpp
-- Symlinking: /home/jiil/ur_ws/install/std_msgs/include/std_msgs/std_msgs/msg/detail/char__traits.hpp
-- Symlinking: /home/jiil/ur_ws/install/std_msgs/include/std_msgs/std_msgs/msg/detail/char__type_support.hpp
-- Symlinking: /home/jiil/ur_ws/install/std_msgs/include/std_msgs/std_msgs/msg/detail/color_rgba__builder.hpp
-- Symlinking: /home/jiil/ur_ws/install/std_msgs/include/std_msgs/std_msgs/msg/detail/color_rgba__struct.hpp
-- Symlinking: /home/jiil/ur_ws/install/std_msgs/include/std_msgs/std_msgs/msg/detail/color_rgba__traits.hpp
-- Symlinking: /home/jiil/ur_ws/install/std_msgs/include/std_msgs/std_msgs/msg/detail/color_rgba__type_support.hpp
-- Symlinking: /home/jiil/ur_ws/install/std_msgs/include/std_msgs/std_msgs/msg/detail/empty__builder.hpp
-- Symlinking: /home/jiil/ur_ws/install/std_msgs/include/std_msgs/std_msgs/msg/detail/empty__struct.hpp
-- Symlinking: /home/jiil/ur_ws/install/std_msgs/include/std_msgs/std_msgs/msg/detail/empty__traits.hpp
-- Symlinking: /home/jiil/ur_ws/install/std_msgs/include/std_msgs/std_msgs/msg/detail/empty__type_support.hpp
-- Symlinking: /home/jiil/ur_ws/install/std_msgs/include/std_msgs/std_msgs/msg/detail/float32__builder.hpp
-- Symlinking: /home/jiil/ur_ws/install/std_msgs/include/std_msgs/std_msgs/msg/detail/float32__struct.hpp
-- Symlinking: /home/jiil/ur_ws/install/std_msgs/include/std_msgs/std_msgs/msg/detail/float32__traits.hpp
-- Symlinking: /home/jiil/ur_ws/install/std_msgs/include/std_msgs/std_msgs/msg/detail/float32__type_support.hpp
-- Symlinking: /home/jiil/ur_ws/install/std_msgs/include/std_msgs/std_msgs/msg/detail/float32_multi_array__builder.hpp
-- Symlinking: /home/jiil/ur_ws/install/std_msgs/include/std_msgs/std_msgs/msg/detail/float32_multi_array__struct.hpp
-- Symlinking: /home/jiil/ur_ws/install/std_msgs/include/std_msgs/std_msgs/msg/detail/float32_multi_array__traits.hpp
-- Symlinking: /home/jiil/ur_ws/install/std_msgs/include/std_msgs/std_msgs/msg/detail/float32_multi_array__type_support.hpp
-- Symlinking: /home/jiil/ur_ws/install/std_msgs/include/std_msgs/std_msgs/msg/detail/float64__builder.hpp
-- Symlinking: /home/jiil/ur_ws/install/std_msgs/include/std_msgs/std_msgs/msg/detail/float64__struct.hpp
-- Symlinking: /home/jiil/ur_ws/install/std_msgs/include/std_msgs/std_msgs/msg/detail/float64__traits.hpp
-- Symlinking: /home/jiil/ur_ws/install/std_msgs/include/std_msgs/std_msgs/msg/detail/float64__type_support.hpp
-- Symlinking: /home/jiil/ur_ws/install/std_msgs/include/std_msgs/std_msgs/msg/detail/float64_multi_array__builder.hpp
-- Symlinking: /home/jiil/ur_ws/install/std_msgs/include/std_msgs/std_msgs/msg/detail/float64_multi_array__struct.hpp
-- Symlinking: /home/jiil/ur_ws/install/std_msgs/include/std_msgs/std_msgs/msg/detail/float64_multi_array__traits.hpp
-- Symlinking: /home/jiil/ur_ws/install/std_msgs/include/std_msgs/std_msgs/msg/detail/float64_multi_array__type_support.hpp
-- Symlinking: /home/jiil/ur_ws/install/std_msgs/include/std_msgs/std_msgs/msg/detail/header__builder.hpp
-- Symlinking: /home/jiil/ur_ws/install/std_msgs/include/std_msgs/std_msgs/msg/detail/header__struct.hpp
-- Symlinking: /home/jiil/ur_ws/install/std_msgs/include/std_msgs/std_msgs/msg/detail/header__traits.hpp
-- Symlinking: /home/jiil/ur_ws/install/std_msgs/include/std_msgs/std_msgs/msg/detail/header__type_support.hpp
-- Symlinking: /home/jiil/ur_ws/install/std_msgs/include/std_msgs/std_msgs/msg/detail/int16__builder.hpp
-- Symlinking: /home/jiil/ur_ws/install/std_msgs/include/std_msgs/std_msgs/msg/detail/int16__struct.hpp
-- Symlinking: /home/jiil/ur_ws/install/std_msgs/include/std_msgs/std_msgs/msg/detail/int16__traits.hpp
-- Symlinking: /home/jiil/ur_ws/install/std_msgs/include/std_msgs/std_msgs/msg/detail/int16__type_support.hpp
-- Symlinking: /home/jiil/ur_ws/install/std_msgs/include/std_msgs/std_msgs/msg/detail/int16_multi_array__builder.hpp
-- Symlinking: /home/jiil/ur_ws/install/std_msgs/include/std_msgs/std_msgs/msg/detail/int16_multi_array__struct.hpp
-- Symlinking: /home/jiil/ur_ws/install/std_msgs/include/std_msgs/std_msgs/msg/detail/int16_multi_array__traits.hpp
-- Symlinking: /home/jiil/ur_ws/install/std_msgs/include/std_msgs/std_msgs/msg/detail/int16_multi_array__type_support.hpp
-- Symlinking: /home/jiil/ur_ws/install/std_msgs/include/std_msgs/std_msgs/msg/detail/int32__builder.hpp
-- Symlinking: /home/jiil/ur_ws/install/std_msgs/include/std_msgs/std_msgs/msg/detail/int32__struct.hpp
-- Symlinking: /home/jiil/ur_ws/install/std_msgs/include/std_msgs/std_msgs/msg/detail/int32__traits.hpp
-- Symlinking: /home/jiil/ur_ws/install/std_msgs/include/std_msgs/std_msgs/msg/detail/int32__type_support.hpp
-- Symlinking: /home/jiil/ur_ws/install/std_msgs/include/std_msgs/std_msgs/msg/detail/int32_multi_array__builder.hpp
-- Symlinking: /home/jiil/ur_ws/install/std_msgs/include/std_msgs/std_msgs/msg/detail/int32_multi_array__struct.hpp
-- Symlinking: /home/jiil/ur_ws/install/std_msgs/include/std_msgs/std_msgs/msg/detail/int32_multi_array__traits.hpp
-- Symlinking: /home/jiil/ur_ws/install/std_msgs/include/std_msgs/std_msgs/msg/detail/int32_multi_array__type_support.hpp
-- Symlinking: /home/jiil/ur_ws/install/std_msgs/include/std_msgs/std_msgs/msg/detail/int64__builder.hpp
-- Symlinking: /home/jiil/ur_ws/install/std_msgs/include/std_msgs/std_msgs/msg/detail/int64__struct.hpp
-- Symlinking: /home/jiil/ur_ws/install/std_msgs/include/std_msgs/std_msgs/msg/detail/int64__traits.hpp
-- Symlinking: /home/jiil/ur_ws/install/std_msgs/include/std_msgs/std_msgs/msg/detail/int64__type_support.hpp
-- Symlinking: /home/jiil/ur_ws/install/std_msgs/include/std_msgs/std_msgs/msg/detail/int64_multi_array__builder.hpp
-- Symlinking: /home/jiil/ur_ws/install/std_msgs/include/std_msgs/std_msgs/msg/detail/int64_multi_array__struct.hpp
-- Symlinking: /home/jiil/ur_ws/install/std_msgs/include/std_msgs/std_msgs/msg/detail/int64_multi_array__traits.hpp
-- Symlinking: /home/jiil/ur_ws/install/std_msgs/include/std_msgs/std_msgs/msg/detail/int64_multi_array__type_support.hpp
-- Symlinking: /home/jiil/ur_ws/install/std_msgs/include/std_msgs/std_msgs/msg/detail/int8__builder.hpp
-- Symlinking: /home/jiil/ur_ws/install/std_msgs/include/std_msgs/std_msgs/msg/detail/int8__struct.hpp
-- Symlinking: /home/jiil/ur_ws/install/std_msgs/include/std_msgs/std_msgs/msg/detail/int8__traits.hpp
-- Symlinking: /home/jiil/ur_ws/install/std_msgs/include/std_msgs/std_msgs/msg/detail/int8__type_support.hpp
-- Symlinking: /home/jiil/ur_ws/install/std_msgs/include/std_msgs/std_msgs/msg/detail/int8_multi_array__builder.hpp
-- Symlinking: /home/jiil/ur_ws/install/std_msgs/include/std_msgs/std_msgs/msg/detail/int8_multi_array__struct.hpp
-- Symlinking: /home/jiil/ur_ws/install/std_msgs/include/std_msgs/std_msgs/msg/detail/int8_multi_array__traits.hpp
-- Symlinking: /home/jiil/ur_ws/install/std_msgs/include/std_msgs/std_msgs/msg/detail/int8_multi_array__type_support.hpp
-- Symlinking: /home/jiil/ur_ws/install/std_msgs/include/std_msgs/std_msgs/msg/detail/multi_array_dimension__builder.hpp
-- Symlinking: /home/jiil/ur_ws/install/std_msgs/include/std_msgs/std_msgs/msg/detail/multi_array_dimension__struct.hpp
-- Symlinking: /home/jiil/ur_ws/install/std_msgs/include/std_msgs/std_msgs/msg/detail/multi_array_dimension__traits.hpp
-- Symlinking: /home/jiil/ur_ws/install/std_msgs/include/std_msgs/std_msgs/msg/detail/multi_array_dimension__type_support.hpp
-- Symlinking: /home/jiil/ur_ws/install/std_msgs/include/std_msgs/std_msgs/msg/detail/multi_array_layout__builder.hpp
-- Symlinking: /home/jiil/ur_ws/install/std_msgs/include/std_msgs/std_msgs/msg/detail/multi_array_layout__struct.hpp
-- Symlinking: /home/jiil/ur_ws/install/std_msgs/include/std_msgs/std_msgs/msg/detail/multi_array_layout__traits.hpp
-- Symlinking: /home/jiil/ur_ws/install/std_msgs/include/std_msgs/std_msgs/msg/detail/multi_array_layout__type_support.hpp
-- Symlinking: /home/jiil/ur_ws/install/std_msgs/include/std_msgs/std_msgs/msg/detail/string__builder.hpp
-- Symlinking: /home/jiil/ur_ws/install/std_msgs/include/std_msgs/std_msgs/msg/detail/string__struct.hpp
-- Symlinking: /home/jiil/ur_ws/install/std_msgs/include/std_msgs/std_msgs/msg/detail/string__traits.hpp
-- Symlinking: /home/jiil/ur_ws/install/std_msgs/include/std_msgs/std_msgs/msg/detail/string__type_support.hpp
-- Symlinking: /home/jiil/ur_ws/install/std_msgs/include/std_msgs/std_msgs/msg/detail/u_int16__builder.hpp
-- Symlinking: /home/jiil/ur_ws/install/std_msgs/include/std_msgs/std_msgs/msg/detail/u_int16__struct.hpp
-- Symlinking: /home/jiil/ur_ws/install/std_msgs/include/std_msgs/std_msgs/msg/detail/u_int16__traits.hpp
-- Symlinking: /home/jiil/ur_ws/install/std_msgs/include/std_msgs/std_msgs/msg/detail/u_int16__type_support.hpp
-- Symlinking: /home/jiil/ur_ws/install/std_msgs/include/std_msgs/std_msgs/msg/detail/u_int16_multi_array__builder.hpp
-- Symlinking: /home/jiil/ur_ws/install/std_msgs/include/std_msgs/std_msgs/msg/detail/u_int16_multi_array__struct.hpp
-- Symlinking: /home/jiil/ur_ws/install/std_msgs/include/std_msgs/std_msgs/msg/detail/u_int16_multi_array__traits.hpp
-- Symlinking: /home/jiil/ur_ws/install/std_msgs/include/std_msgs/std_msgs/msg/detail/u_int16_multi_array__type_support.hpp
-- Symlinking: /home/jiil/ur_ws/install/std_msgs/include/std_msgs/std_msgs/msg/detail/u_int32__builder.hpp
-- Symlinking: /home/jiil/ur_ws/install/std_msgs/include/std_msgs/std_msgs/msg/detail/u_int32__struct.hpp
-- Symlinking: /home/jiil/ur_ws/install/std_msgs/include/std_msgs/std_msgs/msg/detail/u_int32__traits.hpp
-- Symlinking: /home/jiil/ur_ws/install/std_msgs/include/std_msgs/std_msgs/msg/detail/u_int32__type_support.hpp
-- Symlinking: /home/jiil/ur_ws/install/std_msgs/include/std_msgs/std_msgs/msg/detail/u_int32_multi_array__builder.hpp
-- Symlinking: /home/jiil/ur_ws/install/std_msgs/include/std_msgs/std_msgs/msg/detail/u_int32_multi_array__struct.hpp
-- Symlinking: /home/jiil/ur_ws/install/std_msgs/include/std_msgs/std_msgs/msg/detail/u_int32_multi_array__traits.hpp
-- Symlinking: /home/jiil/ur_ws/install/std_msgs/include/std_msgs/std_msgs/msg/detail/u_int32_multi_array__type_support.hpp
-- Symlinking: /home/jiil/ur_ws/install/std_msgs/include/std_msgs/std_msgs/msg/detail/u_int64__builder.hpp
-- Symlinking: /home/jiil/ur_ws/install/std_msgs/include/std_msgs/std_msgs/msg/detail/u_int64__struct.hpp
-- Symlinking: /home/jiil/ur_ws/install/std_msgs/include/std_msgs/std_msgs/msg/detail/u_int64__traits.hpp
-- Symlinking: /home/jiil/ur_ws/install/std_msgs/include/std_msgs/std_msgs/msg/detail/u_int64__type_support.hpp
-- Symlinking: /home/jiil/ur_ws/install/std_msgs/include/std_msgs/std_msgs/msg/detail/u_int64_multi_array__builder.hpp
-- Symlinking: /home/jiil/ur_ws/install/std_msgs/include/std_msgs/std_msgs/msg/detail/u_int64_multi_array__struct.hpp
-- Symlinking: /home/jiil/ur_ws/install/std_msgs/include/std_msgs/std_msgs/msg/detail/u_int64_multi_array__traits.hpp
-- Symlinking: /home/jiil/ur_ws/install/std_msgs/include/std_msgs/std_msgs/msg/detail/u_int64_multi_array__type_support.hpp
-- Symlinking: /home/jiil/ur_ws/install/std_msgs/include/std_msgs/std_msgs/msg/detail/u_int8__builder.hpp
-- Symlinking: /home/jiil/ur_ws/install/std_msgs/include/std_msgs/std_msgs/msg/detail/u_int8__struct.hpp
-- Symlinking: /home/jiil/ur_ws/install/std_msgs/include/std_msgs/std_msgs/msg/detail/u_int8__traits.hpp
-- Symlinking: /home/jiil/ur_ws/install/std_msgs/include/std_msgs/std_msgs/msg/detail/u_int8__type_support.hpp
-- Symlinking: /home/jiil/ur_ws/install/std_msgs/include/std_msgs/std_msgs/msg/detail/u_int8_multi_array__builder.hpp
-- Symlinking: /home/jiil/ur_ws/install/std_msgs/include/std_msgs/std_msgs/msg/detail/u_int8_multi_array__struct.hpp
-- Symlinking: /home/jiil/ur_ws/install/std_msgs/include/std_msgs/std_msgs/msg/detail/u_int8_multi_array__traits.hpp
-- Symlinking: /home/jiil/ur_ws/install/std_msgs/include/std_msgs/std_msgs/msg/detail/u_int8_multi_array__type_support.hpp
-- Symlinking: /home/jiil/ur_ws/install/std_msgs/include/std_msgs/std_msgs/msg/empty.hpp
-- Symlinking: /home/jiil/ur_ws/install/std_msgs/include/std_msgs/std_msgs/msg/float32.hpp
-- Symlinking: /home/jiil/ur_ws/install/std_msgs/include/std_msgs/std_msgs/msg/float32_multi_array.hpp
-- Symlinking: /home/jiil/ur_ws/install/std_msgs/include/std_msgs/std_msgs/msg/float64.hpp
-- Symlinking: /home/jiil/ur_ws/install/std_msgs/include/std_msgs/std_msgs/msg/float64_multi_array.hpp
-- Symlinking: /home/jiil/ur_ws/install/std_msgs/include/std_msgs/std_msgs/msg/header.hpp
-- Symlinking: /home/jiil/ur_ws/install/std_msgs/include/std_msgs/std_msgs/msg/int16.hpp
-- Symlinking: /home/jiil/ur_ws/install/std_msgs/include/std_msgs/std_msgs/msg/int16_multi_array.hpp
-- Symlinking: /home/jiil/ur_ws/install/std_msgs/include/std_msgs/std_msgs/msg/int32.hpp
-- Symlinking: /home/jiil/ur_ws/install/std_msgs/include/std_msgs/std_msgs/msg/int32_multi_array.hpp
-- Symlinking: /home/jiil/ur_ws/install/std_msgs/include/std_msgs/std_msgs/msg/int64.hpp
-- Symlinking: /home/jiil/ur_ws/install/std_msgs/include/std_msgs/std_msgs/msg/int64_multi_array.hpp
-- Symlinking: /home/jiil/ur_ws/install/std_msgs/include/std_msgs/std_msgs/msg/int8.hpp
-- Symlinking: /home/jiil/ur_ws/install/std_msgs/include/std_msgs/std_msgs/msg/int8_multi_array.hpp
-- Symlinking: /home/jiil/ur_ws/install/std_msgs/include/std_msgs/std_msgs/msg/multi_array_dimension.hpp
-- Symlinking: /home/jiil/ur_ws/install/std_msgs/include/std_msgs/std_msgs/msg/multi_array_layout.hpp
-- Symlinking: /home/jiil/ur_ws/install/std_msgs/include/std_msgs/std_msgs/msg/rosidl_generator_cpp__visibility_control.hpp
-- Symlinking: /home/jiil/ur_ws/install/std_msgs/include/std_msgs/std_msgs/msg/string.hpp
-- Symlinking: /home/jiil/ur_ws/install/std_msgs/include/std_msgs/std_msgs/msg/u_int16.hpp
-- Symlinking: /home/jiil/ur_ws/install/std_msgs/include/std_msgs/std_msgs/msg/u_int16_multi_array.hpp
-- Symlinking: /home/jiil/ur_ws/install/std_msgs/include/std_msgs/std_msgs/msg/u_int32.hpp
-- Symlinking: /home/jiil/ur_ws/install/std_msgs/include/std_msgs/std_msgs/msg/u_int32_multi_array.hpp
-- Symlinking: /home/jiil/ur_ws/install/std_msgs/include/std_msgs/std_msgs/msg/u_int64.hpp
-- Symlinking: /home/jiil/ur_ws/install/std_msgs/include/std_msgs/std_msgs/msg/u_int64_multi_array.hpp
-- Symlinking: /home/jiil/ur_ws/install/std_msgs/include/std_msgs/std_msgs/msg/u_int8.hpp
-- Symlinking: /home/jiil/ur_ws/install/std_msgs/include/std_msgs/std_msgs/msg/u_int8_multi_array.hpp
-- Symlinking: /home/jiil/ur_ws/install/std_msgs/include/std_msgs/std_msgs/msg/detail/bool__rosidl_typesupport_fastrtps_cpp.hpp
-- Symlinking: /home/jiil/ur_ws/install/std_msgs/include/std_msgs/std_msgs/msg/detail/byte__rosidl_typesupport_fastrtps_cpp.hpp
-- Symlinking: /home/jiil/ur_ws/install/std_msgs/include/std_msgs/std_msgs/msg/detail/byte_multi_array__rosidl_typesupport_fastrtps_cpp.hpp
-- Symlinking: /home/jiil/ur_ws/install/std_msgs/include/std_msgs/std_msgs/msg/detail/char__rosidl_typesupport_fastrtps_cpp.hpp
-- Symlinking: /home/jiil/ur_ws/install/std_msgs/include/std_msgs/std_msgs/msg/detail/color_rgba__rosidl_typesupport_fastrtps_cpp.hpp
-- Symlinking: /home/jiil/ur_ws/install/std_msgs/include/std_msgs/std_msgs/msg/detail/empty__rosidl_typesupport_fastrtps_cpp.hpp
-- Symlinking: /home/jiil/ur_ws/install/std_msgs/include/std_msgs/std_msgs/msg/detail/float32__rosidl_typesupport_fastrtps_cpp.hpp
-- Symlinking: /home/jiil/ur_ws/install/std_msgs/include/std_msgs/std_msgs/msg/detail/float32_multi_array__rosidl_typesupport_fastrtps_cpp.hpp
-- Symlinking: /home/jiil/ur_ws/install/std_msgs/include/std_msgs/std_msgs/msg/detail/float64__rosidl_typesupport_fastrtps_cpp.hpp
-- Symlinking: /home/jiil/ur_ws/install/std_msgs/include/std_msgs/std_msgs/msg/detail/float64_multi_array__rosidl_typesupport_fastrtps_cpp.hpp
-- Symlinking: /home/jiil/ur_ws/install/std_msgs/include/std_msgs/std_msgs/msg/detail/header__rosidl_typesupport_fastrtps_cpp.hpp
-- Symlinking: /home/jiil/ur_ws/install/std_msgs/include/std_msgs/std_msgs/msg/detail/int16__rosidl_typesupport_fastrtps_cpp.hpp
-- Symlinking: /home/jiil/ur_ws/install/std_msgs/include/std_msgs/std_msgs/msg/detail/int16_multi_array__rosidl_typesupport_fastrtps_cpp.hpp
-- Symlinking: /home/jiil/ur_ws/install/std_msgs/include/std_msgs/std_msgs/msg/detail/int32__rosidl_typesupport_fastrtps_cpp.hpp
-- Symlinking: /home/jiil/ur_ws/install/std_msgs/include/std_msgs/std_msgs/msg/detail/int32_multi_array__rosidl_typesupport_fastrtps_cpp.hpp
-- Symlinking: /home/jiil/ur_ws/install/std_msgs/include/std_msgs/std_msgs/msg/detail/int64__rosidl_typesupport_fastrtps_cpp.hpp
-- Symlinking: /home/jiil/ur_ws/install/std_msgs/include/std_msgs/std_msgs/msg/detail/int64_multi_array__rosidl_typesupport_fastrtps_cpp.hpp
-- Symlinking: /home/jiil/ur_ws/install/std_msgs/include/std_msgs/std_msgs/msg/detail/int8__rosidl_typesupport_fastrtps_cpp.hpp
-- Symlinking: /home/jiil/ur_ws/install/std_msgs/include/std_msgs/std_msgs/msg/detail/int8_multi_array__rosidl_typesupport_fastrtps_cpp.hpp
-- Symlinking: /home/jiil/ur_ws/install/std_msgs/include/std_msgs/std_msgs/msg/detail/multi_array_dimension__rosidl_typesupport_fastrtps_cpp.hpp
-- Symlinking: /home/jiil/ur_ws/install/std_msgs/include/std_msgs/std_msgs/msg/detail/multi_array_layout__rosidl_typesupport_fastrtps_cpp.hpp
-- Symlinking: /home/jiil/ur_ws/install/std_msgs/include/std_msgs/std_msgs/msg/detail/string__rosidl_typesupport_fastrtps_cpp.hpp
-- Symlinking: /home/jiil/ur_ws/install/std_msgs/include/std_msgs/std_msgs/msg/detail/u_int16__rosidl_typesupport_fastrtps_cpp.hpp
-- Symlinking: /home/jiil/ur_ws/install/std_msgs/include/std_msgs/std_msgs/msg/detail/u_int16_multi_array__rosidl_typesupport_fastrtps_cpp.hpp
-- Symlinking: /home/jiil/ur_ws/install/std_msgs/include/std_msgs/std_msgs/msg/detail/u_int32__rosidl_typesupport_fastrtps_cpp.hpp
-- Symlinking: /home/jiil/ur_ws/install/std_msgs/include/std_msgs/std_msgs/msg/detail/u_int32_multi_array__rosidl_typesupport_fastrtps_cpp.hpp
-- Symlinking: /home/jiil/ur_ws/install/std_msgs/include/std_msgs/std_msgs/msg/detail/u_int64__rosidl_typesupport_fastrtps_cpp.hpp
-- Symlinking: /home/jiil/ur_ws/install/std_msgs/include/std_msgs/std_msgs/msg/detail/u_int64_multi_array__rosidl_typesupport_fastrtps_cpp.hpp
-- Symlinking: /home/jiil/ur_ws/install/std_msgs/include/std_msgs/std_msgs/msg/detail/u_int8__rosidl_typesupport_fastrtps_cpp.hpp
-- Symlinking: /home/jiil/ur_ws/install/std_msgs/include/std_msgs/std_msgs/msg/detail/u_int8_multi_array__rosidl_typesupport_fastrtps_cpp.hpp
-- Symlinking: /home/jiil/ur_ws/install/std_msgs/include/std_msgs/std_msgs/msg/rosidl_typesupport_fastrtps_cpp__visibility_control.h
-- Symlinking: /home/jiil/ur_ws/install/std_msgs/include/std_msgs/std_msgs/msg/detail/bool__rosidl_typesupport_introspection_c.h
-- Symlinking: /home/jiil/ur_ws/install/std_msgs/include/std_msgs/std_msgs/msg/detail/byte__rosidl_typesupport_introspection_c.h
-- Symlinking: /home/jiil/ur_ws/install/std_msgs/include/std_msgs/std_msgs/msg/detail/byte_multi_array__rosidl_typesupport_introspection_c.h
-- Symlinking: /home/jiil/ur_ws/install/std_msgs/include/std_msgs/std_msgs/msg/detail/char__rosidl_typesupport_introspection_c.h
-- Symlinking: /home/jiil/ur_ws/install/std_msgs/include/std_msgs/std_msgs/msg/detail/color_rgba__rosidl_typesupport_introspection_c.h
-- Symlinking: /home/jiil/ur_ws/install/std_msgs/include/std_msgs/std_msgs/msg/detail/empty__rosidl_typesupport_introspection_c.h
-- Symlinking: /home/jiil/ur_ws/install/std_msgs/include/std_msgs/std_msgs/msg/detail/float32__rosidl_typesupport_introspection_c.h
-- Symlinking: /home/jiil/ur_ws/install/std_msgs/include/std_msgs/std_msgs/msg/detail/float32_multi_array__rosidl_typesupport_introspection_c.h
-- Symlinking: /home/jiil/ur_ws/install/std_msgs/include/std_msgs/std_msgs/msg/detail/float64__rosidl_typesupport_introspection_c.h
-- Symlinking: /home/jiil/ur_ws/install/std_msgs/include/std_msgs/std_msgs/msg/detail/float64_multi_array__rosidl_typesupport_introspection_c.h
-- Symlinking: /home/jiil/ur_ws/install/std_msgs/include/std_msgs/std_msgs/msg/detail/header__rosidl_typesupport_introspection_c.h
-- Symlinking: /home/jiil/ur_ws/install/std_msgs/include/std_msgs/std_msgs/msg/detail/int16__rosidl_typesupport_introspection_c.h
-- Symlinking: /home/jiil/ur_ws/install/std_msgs/include/std_msgs/std_msgs/msg/detail/int16_multi_array__rosidl_typesupport_introspection_c.h
-- Symlinking: /home/jiil/ur_ws/install/std_msgs/include/std_msgs/std_msgs/msg/detail/int32__rosidl_typesupport_introspection_c.h
-- Symlinking: /home/jiil/ur_ws/install/std_msgs/include/std_msgs/std_msgs/msg/detail/int32_multi_array__rosidl_typesupport_introspection_c.h
-- Symlinking: /home/jiil/ur_ws/install/std_msgs/include/std_msgs/std_msgs/msg/detail/int64__rosidl_typesupport_introspection_c.h
-- Symlinking: /home/jiil/ur_ws/install/std_msgs/include/std_msgs/std_msgs/msg/detail/int64_multi_array__rosidl_typesupport_introspection_c.h
-- Symlinking: /home/jiil/ur_ws/install/std_msgs/include/std_msgs/std_msgs/msg/detail/int8__rosidl_typesupport_introspection_c.h
-- Symlinking: /home/jiil/ur_ws/install/std_msgs/include/std_msgs/std_msgs/msg/detail/int8_multi_array__rosidl_typesupport_introspection_c.h
-- Symlinking: /home/jiil/ur_ws/install/std_msgs/include/std_msgs/std_msgs/msg/detail/multi_array_dimension__rosidl_typesupport_introspection_c.h
-- Symlinking: /home/jiil/ur_ws/install/std_msgs/include/std_msgs/std_msgs/msg/detail/multi_array_layout__rosidl_typesupport_introspection_c.h
-- Symlinking: /home/jiil/ur_ws/install/std_msgs/include/std_msgs/std_msgs/msg/detail/string__rosidl_typesupport_introspection_c.h
-- Symlinking: /home/jiil/ur_ws/install/std_msgs/include/std_msgs/std_msgs/msg/detail/u_int16__rosidl_typesupport_introspection_c.h
-- Symlinking: /home/jiil/ur_ws/install/std_msgs/include/std_msgs/std_msgs/msg/detail/u_int16_multi_array__rosidl_typesupport_introspection_c.h
-- Symlinking: /home/jiil/ur_ws/install/std_msgs/include/std_msgs/std_msgs/msg/detail/u_int32__rosidl_typesupport_introspection_c.h
-- Symlinking: /home/jiil/ur_ws/install/std_msgs/include/std_msgs/std_msgs/msg/detail/u_int32_multi_array__rosidl_typesupport_introspection_c.h
-- Symlinking: /home/jiil/ur_ws/install/std_msgs/include/std_msgs/std_msgs/msg/detail/u_int64__rosidl_typesupport_introspection_c.h
-- Symlinking: /home/jiil/ur_ws/install/std_msgs/include/std_msgs/std_msgs/msg/detail/u_int64_multi_array__rosidl_typesupport_introspection_c.h
-- Symlinking: /home/jiil/ur_ws/install/std_msgs/include/std_msgs/std_msgs/msg/detail/u_int8__rosidl_typesupport_introspection_c.h
-- Symlinking: /home/jiil/ur_ws/install/std_msgs/include/std_msgs/std_msgs/msg/detail/u_int8_multi_array__rosidl_typesupport_introspection_c.h
-- Symlinking: /home/jiil/ur_ws/install/std_msgs/include/std_msgs/std_msgs/msg/rosidl_typesupport_introspection_c__visibility_control.h
-- Symlinking: /home/jiil/ur_ws/install/std_msgs/include/std_msgs/std_msgs/msg/detail/bool__rosidl_typesupport_introspection_cpp.hpp
-- Symlinking: /home/jiil/ur_ws/install/std_msgs/include/std_msgs/std_msgs/msg/detail/byte__rosidl_typesupport_introspection_cpp.hpp
-- Symlinking: /home/jiil/ur_ws/install/std_msgs/include/std_msgs/std_msgs/msg/detail/byte_multi_array__rosidl_typesupport_introspection_cpp.hpp
-- Symlinking: /home/jiil/ur_ws/install/std_msgs/include/std_msgs/std_msgs/msg/detail/char__rosidl_typesupport_introspection_cpp.hpp
-- Symlinking: /home/jiil/ur_ws/install/std_msgs/include/std_msgs/std_msgs/msg/detail/color_rgba__rosidl_typesupport_introspection_cpp.hpp
-- Symlinking: /home/jiil/ur_ws/install/std_msgs/include/std_msgs/std_msgs/msg/detail/empty__rosidl_typesupport_introspection_cpp.hpp
-- Symlinking: /home/jiil/ur_ws/install/std_msgs/include/std_msgs/std_msgs/msg/detail/float32__rosidl_typesupport_introspection_cpp.hpp
-- Symlinking: /home/jiil/ur_ws/install/std_msgs/include/std_msgs/std_msgs/msg/detail/float32_multi_array__rosidl_typesupport_introspection_cpp.hpp
-- Symlinking: /home/jiil/ur_ws/install/std_msgs/include/std_msgs/std_msgs/msg/detail/float64__rosidl_typesupport_introspection_cpp.hpp
-- Symlinking: /home/jiil/ur_ws/install/std_msgs/include/std_msgs/std_msgs/msg/detail/float64_multi_array__rosidl_typesupport_introspection_cpp.hpp
-- Symlinking: /home/jiil/ur_ws/install/std_msgs/include/std_msgs/std_msgs/msg/detail/header__rosidl_typesupport_introspection_cpp.hpp
-- Symlinking: /home/jiil/ur_ws/install/std_msgs/include/std_msgs/std_msgs/msg/detail/int16__rosidl_typesupport_introspection_cpp.hpp
-- Symlinking: /home/jiil/ur_ws/install/std_msgs/include/std_msgs/std_msgs/msg/detail/int16_multi_array__rosidl_typesupport_introspection_cpp.hpp
-- Symlinking: /home/jiil/ur_ws/install/std_msgs/include/std_msgs/std_msgs/msg/detail/int32__rosidl_typesupport_introspection_cpp.hpp
-- Symlinking: /home/jiil/ur_ws/install/std_msgs/include/std_msgs/std_msgs/msg/detail/int32_multi_array__rosidl_typesupport_introspection_cpp.hpp
-- Symlinking: /home/jiil/ur_ws/install/std_msgs/include/std_msgs/std_msgs/msg/detail/int64__rosidl_typesupport_introspection_cpp.hpp
-- Symlinking: /home/jiil/ur_ws/install/std_msgs/include/std_msgs/std_msgs/msg/detail/int64_multi_array__rosidl_typesupport_introspection_cpp.hpp
-- Symlinking: /home/jiil/ur_ws/install/std_msgs/include/std_msgs/std_msgs/msg/detail/int8__rosidl_typesupport_introspection_cpp.hpp
-- Symlinking: /home/jiil/ur_ws/install/std_msgs/include/std_msgs/std_msgs/msg/detail/int8_multi_array__rosidl_typesupport_introspection_cpp.hpp
-- Symlinking: /home/jiil/ur_ws/install/std_msgs/include/std_msgs/std_msgs/msg/detail/multi_array_dimension__rosidl_typesupport_introspection_cpp.hpp
-- Symlinking: /home/jiil/ur_ws/install/std_msgs/include/std_msgs/std_msgs/msg/detail/multi_array_layout__rosidl_typesupport_introspection_cpp.hpp
-- Symlinking: /home/jiil/ur_ws/install/std_msgs/include/std_msgs/std_msgs/msg/detail/string__rosidl_typesupport_introspection_cpp.hpp
-- Symlinking: /home/jiil/ur_ws/install/std_msgs/include/std_msgs/std_msgs/msg/detail/u_int16__rosidl_typesupport_introspection_cpp.hpp
-- Symlinking: /home/jiil/ur_ws/install/std_msgs/include/std_msgs/std_msgs/msg/detail/u_int16_multi_array__rosidl_typesupport_introspection_cpp.hpp
-- Symlinking: /home/jiil/ur_ws/install/std_msgs/include/std_msgs/std_msgs/msg/detail/u_int32__rosidl_typesupport_introspection_cpp.hpp
-- Symlinking: /home/jiil/ur_ws/install/std_msgs/include/std_msgs/std_msgs/msg/detail/u_int32_multi_array__rosidl_typesupport_introspection_cpp.hpp
-- Symlinking: /home/jiil/ur_ws/install/std_msgs/include/std_msgs/std_msgs/msg/detail/u_int64__rosidl_typesupport_introspection_cpp.hpp
-- Symlinking: /home/jiil/ur_ws/install/std_msgs/include/std_msgs/std_msgs/msg/detail/u_int64_multi_array__rosidl_typesupport_introspection_cpp.hpp
-- Symlinking: /home/jiil/ur_ws/install/std_msgs/include/std_msgs/std_msgs/msg/detail/u_int8__rosidl_typesupport_introspection_cpp.hpp
-- Symlinking: /home/jiil/ur_ws/install/std_msgs/include/std_msgs/std_msgs/msg/detail/u_int8_multi_array__rosidl_typesupport_introspection_cpp.hpp
-- Symlinking: /home/jiil/ur_ws/install/std_msgs/share/std_msgs/environment/pythonpath.sh
-- Symlinking: /home/jiil/ur_ws/install/std_msgs/share/std_msgs/environment/pythonpath.dsv
-- Symlinking: /home/jiil/ur_ws/install/std_msgs/local/lib/python3.12/dist-packages/std_msgs-4.9.0-py3.12.egg-info/PKG-INFO
-- Symlinking: /home/jiil/ur_ws/install/std_msgs/local/lib/python3.12/dist-packages/std_msgs-4.9.0-py3.12.egg-info/SOURCES.txt
-- Symlinking: /home/jiil/ur_ws/install/std_msgs/local/lib/python3.12/dist-packages/std_msgs-4.9.0-py3.12.egg-info/dependency_links.txt
-- Symlinking: /home/jiil/ur_ws/install/std_msgs/local/lib/python3.12/dist-packages/std_msgs-4.9.0-py3.12.egg-info/top_level.txt
-- Symlinking: /home/jiil/ur_ws/install/std_msgs/local/lib/python3.12/dist-packages/std_msgs/__init__.py
-- Symlinking: /home/jiil/ur_ws/install/std_msgs/local/lib/python3.12/dist-packages/std_msgs/_std_msgs_s.ep.rosidl_typesupport_c.c
-- Symlinking: /home/jiil/ur_ws/install/std_msgs/local/lib/python3.12/dist-packages/std_msgs/_std_msgs_s.ep.rosidl_typesupport_fastrtps_c.c
-- Symlinking: /home/jiil/ur_ws/install/std_msgs/local/lib/python3.12/dist-packages/std_msgs/_std_msgs_s.ep.rosidl_typesupport_introspection_c.c
-- Symlinking: /home/jiil/ur_ws/install/std_msgs/local/lib/python3.12/dist-packages/std_msgs/libstd_msgs__rosidl_generator_py.so
-- Symlinking: /home/jiil/ur_ws/install/std_msgs/local/lib/python3.12/dist-packages/std_msgs/msg/__init__.py
-- Symlinking: /home/jiil/ur_ws/install/std_msgs/local/lib/python3.12/dist-packages/std_msgs/msg/_bool.py
-- Symlinking: /home/jiil/ur_ws/install/std_msgs/local/lib/python3.12/dist-packages/std_msgs/msg/_bool_s.c
-- Symlinking: /home/jiil/ur_ws/install/std_msgs/local/lib/python3.12/dist-packages/std_msgs/msg/_byte.py
-- Symlinking: /home/jiil/ur_ws/install/std_msgs/local/lib/python3.12/dist-packages/std_msgs/msg/_byte_multi_array.py
-- Symlinking: /home/jiil/ur_ws/install/std_msgs/local/lib/python3.12/dist-packages/std_msgs/msg/_byte_multi_array_s.c
-- Symlinking: /home/jiil/ur_ws/install/std_msgs/local/lib/python3.12/dist-packages/std_msgs/msg/_byte_s.c
-- Symlinking: /home/jiil/ur_ws/install/std_msgs/local/lib/python3.12/dist-packages/std_msgs/msg/_char.py
-- Symlinking: /home/jiil/ur_ws/install/std_msgs/local/lib/python3.12/dist-packages/std_msgs/msg/_char_s.c
-- Symlinking: /home/jiil/ur_ws/install/std_msgs/local/lib/python3.12/dist-packages/std_msgs/msg/_color_rgba.py
-- Symlinking: /home/jiil/ur_ws/install/std_msgs/local/lib/python3.12/dist-packages/std_msgs/msg/_color_rgba_s.c
-- Symlinking: /home/jiil/ur_ws/install/std_msgs/local/lib/python3.12/dist-packages/std_msgs/msg/_empty.py
-- Symlinking: /home/jiil/ur_ws/install/std_msgs/local/lib/python3.12/dist-packages/std_msgs/msg/_empty_s.c
-- Symlinking: /home/jiil/ur_ws/install/std_msgs/local/lib/python3.12/dist-packages/std_msgs/msg/_float32.py
-- Symlinking: /home/jiil/ur_ws/install/std_msgs/local/lib/python3.12/dist-packages/std_msgs/msg/_float32_multi_array.py
-- Symlinking: /home/jiil/ur_ws/install/std_msgs/local/lib/python3.12/dist-packages/std_msgs/msg/_float32_multi_array_s.c
-- Symlinking: /home/jiil/ur_ws/install/std_msgs/local/lib/python3.12/dist-packages/std_msgs/msg/_float32_s.c
-- Symlinking: /home/jiil/ur_ws/install/std_msgs/local/lib/python3.12/dist-packages/std_msgs/msg/_float64.py
-- Symlinking: /home/jiil/ur_ws/install/std_msgs/local/lib/python3.12/dist-packages/std_msgs/msg/_float64_multi_array.py
-- Symlinking: /home/jiil/ur_ws/install/std_msgs/local/lib/python3.12/dist-packages/std_msgs/msg/_float64_multi_array_s.c
-- Symlinking: /home/jiil/ur_ws/install/std_msgs/local/lib/python3.12/dist-packages/std_msgs/msg/_float64_s.c
-- Symlinking: /home/jiil/ur_ws/install/std_msgs/local/lib/python3.12/dist-packages/std_msgs/msg/_header.py
-- Symlinking: /home/jiil/ur_ws/install/std_msgs/local/lib/python3.12/dist-packages/std_msgs/msg/_header_s.c
-- Symlinking: /home/jiil/ur_ws/install/std_msgs/local/lib/python3.12/dist-packages/std_msgs/msg/_int16.py
-- Symlinking: /home/jiil/ur_ws/install/std_msgs/local/lib/python3.12/dist-packages/std_msgs/msg/_int16_multi_array.py
-- Symlinking: /home/jiil/ur_ws/install/std_msgs/local/lib/python3.12/dist-packages/std_msgs/msg/_int16_multi_array_s.c
-- Symlinking: /home/jiil/ur_ws/install/std_msgs/local/lib/python3.12/dist-packages/std_msgs/msg/_int16_s.c
-- Symlinking: /home/jiil/ur_ws/install/std_msgs/local/lib/python3.12/dist-packages/std_msgs/msg/_int32.py
-- Symlinking: /home/jiil/ur_ws/install/std_msgs/local/lib/python3.12/dist-packages/std_msgs/msg/_int32_multi_array.py
-- Symlinking: /home/jiil/ur_ws/install/std_msgs/local/lib/python3.12/dist-packages/std_msgs/msg/_int32_multi_array_s.c
-- Symlinking: /home/jiil/ur_ws/install/std_msgs/local/lib/python3.12/dist-packages/std_msgs/msg/_int32_s.c
-- Symlinking: /home/jiil/ur_ws/install/std_msgs/local/lib/python3.12/dist-packages/std_msgs/msg/_int64.py
-- Symlinking: /home/jiil/ur_ws/install/std_msgs/local/lib/python3.12/dist-packages/std_msgs/msg/_int64_multi_array.py
-- Symlinking: /home/jiil/ur_ws/install/std_msgs/local/lib/python3.12/dist-packages/std_msgs/msg/_int64_multi_array_s.c
-- Symlinking: /home/jiil/ur_ws/install/std_msgs/local/lib/python3.12/dist-packages/std_msgs/msg/_int64_s.c
-- Symlinking: /home/jiil/ur_ws/install/std_msgs/local/lib/python3.12/dist-packages/std_msgs/msg/_int8.py
-- Symlinking: /home/jiil/ur_ws/install/std_msgs/local/lib/python3.12/dist-packages/std_msgs/msg/_int8_multi_array.py
-- Symlinking: /home/jiil/ur_ws/install/std_msgs/local/lib/python3.12/dist-packages/std_msgs/msg/_int8_multi_array_s.c
-- Symlinking: /home/jiil/ur_ws/install/std_msgs/local/lib/python3.12/dist-packages/std_msgs/msg/_int8_s.c
-- Symlinking: /home/jiil/ur_ws/install/std_msgs/local/lib/python3.12/dist-packages/std_msgs/msg/_multi_array_dimension.py
-- Symlinking: /home/jiil/ur_ws/install/std_msgs/local/lib/python3.12/dist-packages/std_msgs/msg/_multi_array_dimension_s.c
-- Symlinking: /home/jiil/ur_ws/install/std_msgs/local/lib/python3.12/dist-packages/std_msgs/msg/_multi_array_layout.py
-- Symlinking: /home/jiil/ur_ws/install/std_msgs/local/lib/python3.12/dist-packages/std_msgs/msg/_multi_array_layout_s.c
-- Symlinking: /home/jiil/ur_ws/install/std_msgs/local/lib/python3.12/dist-packages/std_msgs/msg/_string.py
-- Symlinking: /home/jiil/ur_ws/install/std_msgs/local/lib/python3.12/dist-packages/std_msgs/msg/_string_s.c
-- Symlinking: /home/jiil/ur_ws/install/std_msgs/local/lib/python3.12/dist-packages/std_msgs/msg/_u_int16.py
-- Symlinking: /home/jiil/ur_ws/install/std_msgs/local/lib/python3.12/dist-packages/std_msgs/msg/_u_int16_multi_array.py
-- Symlinking: /home/jiil/ur_ws/install/std_msgs/local/lib/python3.12/dist-packages/std_msgs/msg/_u_int16_multi_array_s.c
-- Symlinking: /home/jiil/ur_ws/install/std_msgs/local/lib/python3.12/dist-packages/std_msgs/msg/_u_int16_s.c
-- Symlinking: /home/jiil/ur_ws/install/std_msgs/local/lib/python3.12/dist-packages/std_msgs/msg/_u_int32.py
-- Symlinking: /home/jiil/ur_ws/install/std_msgs/local/lib/python3.12/dist-packages/std_msgs/msg/_u_int32_multi_array.py
-- Symlinking: /home/jiil/ur_ws/install/std_msgs/local/lib/python3.12/dist-packages/std_msgs/msg/_u_int32_multi_array_s.c
-- Symlinking: /home/jiil/ur_ws/install/std_msgs/local/lib/python3.12/dist-packages/std_msgs/msg/_u_int32_s.c
-- Symlinking: /home/jiil/ur_ws/install/std_msgs/local/lib/python3.12/dist-packages/std_msgs/msg/_u_int64.py
-- Symlinking: /home/jiil/ur_ws/install/std_msgs/local/lib/python3.12/dist-packages/std_msgs/msg/_u_int64_multi_array.py
-- Symlinking: /home/jiil/ur_ws/install/std_msgs/local/lib/python3.12/dist-packages/std_msgs/msg/_u_int64_multi_array_s.c
-- Symlinking: /home/jiil/ur_ws/install/std_msgs/local/lib/python3.12/dist-packages/std_msgs/msg/_u_int64_s.c
-- Symlinking: /home/jiil/ur_ws/install/std_msgs/local/lib/python3.12/dist-packages/std_msgs/msg/_u_int8.py
-- Symlinking: /home/jiil/ur_ws/install/std_msgs/local/lib/python3.12/dist-packages/std_msgs/msg/_u_int8_multi_array.py
-- Symlinking: /home/jiil/ur_ws/install/std_msgs/local/lib/python3.12/dist-packages/std_msgs/msg/_u_int8_multi_array_s.c
-- Symlinking: /home/jiil/ur_ws/install/std_msgs/local/lib/python3.12/dist-packages/std_msgs/msg/_u_int8_s.c
-- Symlinking: /home/jiil/ur_ws/install/std_msgs/local/lib/python3.12/dist-packages/std_msgs/std_msgs_s__rosidl_typesupport_c.cpython-312-x86_64-linux-gnu.so
-- Symlinking: /home/jiil/ur_ws/install/std_msgs/local/lib/python3.12/dist-packages/std_msgs/std_msgs_s__rosidl_typesupport_fastrtps_c.cpython-312-x86_64-linux-gnu.so
-- Symlinking: /home/jiil/ur_ws/install/std_msgs/local/lib/python3.12/dist-packages/std_msgs/std_msgs_s__rosidl_typesupport_introspection_c.cpython-312-x86_64-linux-gnu.so
-- Up-to-date symlink: /home/jiil/ur_ws/install/std_msgs/local/lib/python3.12/dist-packages/std_msgs/std_msgs_s__rosidl_typesupport_introspection_c.cpython-312-x86_64-linux-gnu.so
-- Up-to-date symlink: /home/jiil/ur_ws/install/std_msgs/local/lib/python3.12/dist-packages/std_msgs/std_msgs_s__rosidl_typesupport_fastrtps_c.cpython-312-x86_64-linux-gnu.so
-- Up-to-date symlink: /home/jiil/ur_ws/install/std_msgs/local/lib/python3.12/dist-packages/std_msgs/std_msgs_s__rosidl_typesupport_c.cpython-312-x86_64-linux-gnu.so
-- Symlinking: /home/jiil/ur_ws/install/std_msgs/share/std_msgs/msg/Bool.idl
-- Symlinking: /home/jiil/ur_ws/install/std_msgs/share/std_msgs/msg/Byte.idl
-- Symlinking: /home/jiil/ur_ws/install/std_msgs/share/std_msgs/msg/ByteMultiArray.idl
-- Symlinking: /home/jiil/ur_ws/install/std_msgs/share/std_msgs/msg/Char.idl
-- Symlinking: /home/jiil/ur_ws/install/std_msgs/share/std_msgs/msg/ColorRGBA.idl
-- Symlinking: /home/jiil/ur_ws/install/std_msgs/share/std_msgs/msg/Empty.idl
-- Symlinking: /home/jiil/ur_ws/install/std_msgs/share/std_msgs/msg/Float32.idl
-- Symlinking: /home/jiil/ur_ws/install/std_msgs/share/std_msgs/msg/Float32MultiArray.idl
-- Symlinking: /home/jiil/ur_ws/install/std_msgs/share/std_msgs/msg/Float64.idl
-- Symlinking: /home/jiil/ur_ws/install/std_msgs/share/std_msgs/msg/Float64MultiArray.idl
-- Symlinking: /home/jiil/ur_ws/install/std_msgs/share/std_msgs/msg/Header.idl
-- Symlinking: /home/jiil/ur_ws/install/std_msgs/share/std_msgs/msg/Int16.idl
-- Symlinking: /home/jiil/ur_ws/install/std_msgs/share/std_msgs/msg/Int16MultiArray.idl
-- Symlinking: /home/jiil/ur_ws/install/std_msgs/share/std_msgs/msg/Int32.idl
-- Symlinking: /home/jiil/ur_ws/install/std_msgs/share/std_msgs/msg/Int32MultiArray.idl
-- Symlinking: /home/jiil/ur_ws/install/std_msgs/share/std_msgs/msg/Int64.idl
-- Symlinking: /home/jiil/ur_ws/install/std_msgs/share/std_msgs/msg/Int64MultiArray.idl
-- Symlinking: /home/jiil/ur_ws/install/std_msgs/share/std_msgs/msg/Int8.idl
-- Symlinking: /home/jiil/ur_ws/install/std_msgs/share/std_msgs/msg/Int8MultiArray.idl
-- Symlinking: /home/jiil/ur_ws/install/std_msgs/share/std_msgs/msg/MultiArrayDimension.idl
-- Symlinking: /home/jiil/ur_ws/install/std_msgs/share/std_msgs/msg/MultiArrayLayout.idl
-- Symlinking: /home/jiil/ur_ws/install/std_msgs/share/std_msgs/msg/String.idl
-- Symlinking: /home/jiil/ur_ws/install/std_msgs/share/std_msgs/msg/UInt16.idl
-- Symlinking: /home/jiil/ur_ws/install/std_msgs/share/std_msgs/msg/UInt16MultiArray.idl
-- Symlinking: /home/jiil/ur_ws/install/std_msgs/share/std_msgs/msg/UInt32.idl
-- Symlinking: /home/jiil/ur_ws/install/std_msgs/share/std_msgs/msg/UInt32MultiArray.idl
-- Symlinking: /home/jiil/ur_ws/install/std_msgs/share/std_msgs/msg/UInt64.idl
-- Symlinking: /home/jiil/ur_ws/install/std_msgs/share/std_msgs/msg/UInt64MultiArray.idl
-- Symlinking: /home/jiil/ur_ws/install/std_msgs/share/std_msgs/msg/UInt8.idl
-- Symlinking: /home/jiil/ur_ws/install/std_msgs/share/std_msgs/msg/UInt8MultiArray.idl
-- Symlinking: /home/jiil/ur_ws/install/std_msgs/share/std_msgs/msg/Bool.msg
-- Symlinking: /home/jiil/ur_ws/install/std_msgs/share/std_msgs/msg/Byte.msg
-- Symlinking: /home/jiil/ur_ws/install/std_msgs/share/std_msgs/msg/ByteMultiArray.msg
-- Symlinking: /home/jiil/ur_ws/install/std_msgs/share/std_msgs/msg/Char.msg
-- Symlinking: /home/jiil/ur_ws/install/std_msgs/share/std_msgs/msg/ColorRGBA.msg
-- Symlinking: /home/jiil/ur_ws/install/std_msgs/share/std_msgs/msg/Empty.msg
-- Symlinking: /home/jiil/ur_ws/install/std_msgs/share/std_msgs/msg/Float32.msg
-- Symlinking: /home/jiil/ur_ws/install/std_msgs/share/std_msgs/msg/Float32MultiArray.msg
-- Symlinking: /home/jiil/ur_ws/install/std_msgs/share/std_msgs/msg/Float64.msg
-- Symlinking: /home/jiil/ur_ws/install/std_msgs/share/std_msgs/msg/Float64MultiArray.msg
-- Symlinking: /home/jiil/ur_ws/install/std_msgs/share/std_msgs/msg/Header.msg
-- Symlinking: /home/jiil/ur_ws/install/std_msgs/share/std_msgs/msg/Int16.msg
-- Symlinking: /home/jiil/ur_ws/install/std_msgs/share/std_msgs/msg/Int16MultiArray.msg
-- Symlinking: /home/jiil/ur_ws/install/std_msgs/share/std_msgs/msg/Int32.msg
-- Symlinking: /home/jiil/ur_ws/install/std_msgs/share/std_msgs/msg/Int32MultiArray.msg
-- Symlinking: /home/jiil/ur_ws/install/std_msgs/share/std_msgs/msg/Int64.msg
-- Symlinking: /home/jiil/ur_ws/install/std_msgs/share/std_msgs/msg/Int64MultiArray.msg
-- Symlinking: /home/jiil/ur_ws/install/std_msgs/share/std_msgs/msg/Int8.msg
-- Symlinking: /home/jiil/ur_ws/install/std_msgs/share/std_msgs/msg/Int8MultiArray.msg
-- Symlinking: /home/jiil/ur_ws/install/std_msgs/share/std_msgs/msg/MultiArrayDimension.msg
-- Symlinking: /home/jiil/ur_ws/install/std_msgs/share/std_msgs/msg/MultiArrayLayout.msg
-- Symlinking: /home/jiil/ur_ws/install/std_msgs/share/std_msgs/msg/String.msg
-- Symlinking: /home/jiil/ur_ws/install/std_msgs/share/std_msgs/msg/UInt16.msg
-- Symlinking: /home/jiil/ur_ws/install/std_msgs/share/std_msgs/msg/UInt16MultiArray.msg
-- Symlinking: /home/jiil/ur_ws/install/std_msgs/share/std_msgs/msg/UInt32.msg
-- Symlinking: /home/jiil/ur_ws/install/std_msgs/share/std_msgs/msg/UInt32MultiArray.msg
-- Symlinking: /home/jiil/ur_ws/install/std_msgs/share/std_msgs/msg/UInt64.msg
-- Symlinking: /home/jiil/ur_ws/install/std_msgs/share/std_msgs/msg/UInt64MultiArray.msg
-- Symlinking: /home/jiil/ur_ws/install/std_msgs/share/std_msgs/msg/UInt8.msg
-- Symlinking: /home/jiil/ur_ws/install/std_msgs/share/std_msgs/msg/UInt8MultiArray.msg
-- Symlinking: /home/jiil/ur_ws/install/std_msgs/share/ament_index/resource_index/package_run_dependencies/std_msgs
-- Symlinking: /home/jiil/ur_ws/install/std_msgs/share/ament_index/resource_index/parent_prefix_path/std_msgs
-- Symlinking: /home/jiil/ur_ws/install/std_msgs/share/std_msgs/environment/ament_prefix_path.sh
-- Symlinking: /home/jiil/ur_ws/install/std_msgs/share/std_msgs/environment/ament_prefix_path.dsv
-- Symlinking: /home/jiil/ur_ws/install/std_msgs/share/std_msgs/environment/path.sh
-- Symlinking: /home/jiil/ur_ws/install/std_msgs/share/std_msgs/environment/path.dsv
-- Symlinking: /home/jiil/ur_ws/install/std_msgs/share/std_msgs/local_setup.bash
-- Symlinking: /home/jiil/ur_ws/install/std_msgs/share/std_msgs/local_setup.sh
-- Symlinking: /home/jiil/ur_ws/install/std_msgs/share/std_msgs/local_setup.zsh
-- Symlinking: /home/jiil/ur_ws/install/std_msgs/share/std_msgs/local_setup.dsv
-- Symlinking: /home/jiil/ur_ws/install/std_msgs/share/std_msgs/package.dsv
-- Symlinking: /home/jiil/ur_ws/install/std_msgs/share/ament_index/resource_index/packages/std_msgs
-- Symlinking: /home/jiil/ur_ws/install/std_msgs/share/std_msgs/cmake/rosidl_cmake-extras.cmake
-- Symlinking: /home/jiil/ur_ws/install/std_msgs/share/std_msgs/cmake/ament_cmake_export_dependencies-extras.cmake
-- Symlinking: /home/jiil/ur_ws/install/std_msgs/share/std_msgs/cmake/ament_cmake_export_include_directories-extras.cmake
-- Symlinking: /home/jiil/ur_ws/install/std_msgs/share/std_msgs/cmake/ament_cmake_export_libraries-extras.cmake
-- Symlinking: /home/jiil/ur_ws/install/std_msgs/share/std_msgs/cmake/ament_cmake_export_targets-extras.cmake
-- Symlinking: /home/jiil/ur_ws/install/std_msgs/share/std_msgs/cmake/rosidl_cmake_export_typesupport_targets-extras.cmake
-- Symlinking: /home/jiil/ur_ws/install/std_msgs/share/std_msgs/cmake/rosidl_cmake_export_typesupport_libraries-extras.cmake
-- Symlinking: /home/jiil/ur_ws/install/std_msgs/share/std_msgs/cmake/std_msgsConfig.cmake
-- Symlinking: /home/jiil/ur_ws/install/std_msgs/share/std_msgs/cmake/std_msgsConfig-version.cmake
-- Symlinking: /home/jiil/ur_ws/install/std_msgs/share/std_msgs/package.xml
-- Installing: /home/jiil/ur_ws/install/std_msgs/lib/libstd_msgs__rosidl_generator_c.so
-- Set non-toolchain portion of runtime path of "/home/jiil/ur_ws/install/std_msgs/lib/libstd_msgs__rosidl_generator_c.so" to ""
-- Installing: /home/jiil/ur_ws/install/std_msgs/lib/libstd_msgs__rosidl_typesupport_fastrtps_c.so
-- Set non-toolchain portion of runtime path of "/home/jiil/ur_ws/install/std_msgs/lib/libstd_msgs__rosidl_typesupport_fastrtps_c.so" to ""
-- Installing: /home/jiil/ur_ws/install/std_msgs/lib/libstd_msgs__rosidl_typesupport_fastrtps_cpp.so
-- Set non-toolchain portion of runtime path of "/home/jiil/ur_ws/install/std_msgs/lib/libstd_msgs__rosidl_typesupport_fastrtps_cpp.so" to ""
-- Installing: /home/jiil/ur_ws/install/std_msgs/lib/libstd_msgs__rosidl_typesupport_introspection_c.so
-- Set non-toolchain portion of runtime path of "/home/jiil/ur_ws/install/std_msgs/lib/libstd_msgs__rosidl_typesupport_introspection_c.so" to ""
-- Installing: /home/jiil/ur_ws/install/std_msgs/lib/libstd_msgs__rosidl_typesupport_c.so
-- Set non-toolchain portion of runtime path of "/home/jiil/ur_ws/install/std_msgs/lib/libstd_msgs__rosidl_typesupport_c.so" to ""
-- Installing: /home/jiil/ur_ws/install/std_msgs/lib/libstd_msgs__rosidl_typesupport_introspection_cpp.so
-- Set non-toolchain portion of runtime path of "/home/jiil/ur_ws/install/std_msgs/lib/libstd_msgs__rosidl_typesupport_introspection_cpp.so" to ""
-- Installing: /home/jiil/ur_ws/install/std_msgs/lib/libstd_msgs__rosidl_typesupport_cpp.so
-- Set non-toolchain portion of runtime path of "/home/jiil/ur_ws/install/std_msgs/lib/libstd_msgs__rosidl_typesupport_cpp.so" to ""
Listing '/home/jiil/ur_ws/install/std_msgs/local/lib/python3.12/dist-packages/std_msgs'...
Compiling '/home/jiil/ur_ws/install/std_msgs/local/lib/python3.12/dist-packages/std_msgs/__init__.py'...
Listing '/home/jiil/ur_ws/install/std_msgs/local/lib/python3.12/dist-packages/std_msgs/msg'...
Compiling '/home/jiil/ur_ws/install/std_msgs/local/lib/python3.12/dist-packages/std_msgs/msg/__init__.py'...
Compiling '/home/jiil/ur_ws/install/std_msgs/local/lib/python3.12/dist-packages/std_msgs/msg/_bool.py'...
Compiling '/home/jiil/ur_ws/install/std_msgs/local/lib/python3.12/dist-packages/std_msgs/msg/_byte.py'...
Compiling '/home/jiil/ur_ws/install/std_msgs/local/lib/python3.12/dist-packages/std_msgs/msg/_byte_multi_array.py'...
Compiling '/home/jiil/ur_ws/install/std_msgs/local/lib/python3.12/dist-packages/std_msgs/msg/_char.py'...
Compiling '/home/jiil/ur_ws/install/std_msgs/local/lib/python3.12/dist-packages/std_msgs/msg/_color_rgba.py'...
Compiling '/home/jiil/ur_ws/install/std_msgs/local/lib/python3.12/dist-packages/std_msgs/msg/_empty.py'...
Compiling '/home/jiil/ur_ws/install/std_msgs/local/lib/python3.12/dist-packages/std_msgs/msg/_float32.py'...
Compiling '/home/jiil/ur_ws/install/std_msgs/local/lib/python3.12/dist-packages/std_msgs/msg/_float32_multi_array.py'...
Compiling '/home/jiil/ur_ws/install/std_msgs/local/lib/python3.12/dist-packages/std_msgs/msg/_float64.py'...
Compiling '/home/jiil/ur_ws/install/std_msgs/local/lib/python3.12/dist-packages/std_msgs/msg/_float64_multi_array.py'...
Compiling '/home/jiil/ur_ws/install/std_msgs/local/lib/python3.12/dist-packages/std_msgs/msg/_header.py'...
Compiling '/home/jiil/ur_ws/install/std_msgs/local/lib/python3.12/dist-packages/std_msgs/msg/_int16.py'...
Compiling '/home/jiil/ur_ws/install/std_msgs/local/lib/python3.12/dist-packages/std_msgs/msg/_int16_multi_array.py'...
Compiling '/home/jiil/ur_ws/install/std_msgs/local/lib/python3.12/dist-packages/std_msgs/msg/_int32.py'...
Compiling '/home/jiil/ur_ws/install/std_msgs/local/lib/python3.12/dist-packages/std_msgs/msg/_int32_multi_array.py'...
Compiling '/home/jiil/ur_ws/install/std_msgs/local/lib/python3.12/dist-packages/std_msgs/msg/_int64.py'...
Compiling '/home/jiil/ur_ws/install/std_msgs/local/lib/python3.12/dist-packages/std_msgs/msg/_int64_multi_array.py'...
Compiling '/home/jiil/ur_ws/install/std_msgs/local/lib/python3.12/dist-packages/std_msgs/msg/_int8.py'...
Compiling '/home/jiil/ur_ws/install/std_msgs/local/lib/python3.12/dist-packages/std_msgs/msg/_int8_multi_array.py'...
Compiling '/home/jiil/ur_ws/install/std_msgs/local/lib/python3.12/dist-packages/std_msgs/msg/_multi_array_dimension.py'...
Compiling '/home/jiil/ur_ws/install/std_msgs/local/lib/python3.12/dist-packages/std_msgs/msg/_multi_array_layout.py'...
Compiling '/home/jiil/ur_ws/install/std_msgs/local/lib/python3.12/dist-packages/std_msgs/msg/_string.py'...
Compiling '/home/jiil/ur_ws/install/std_msgs/local/lib/python3.12/dist-packages/std_msgs/msg/_u_int16.py'...
Compiling '/home/jiil/ur_ws/install/std_msgs/local/lib/python3.12/dist-packages/std_msgs/msg/_u_int16_multi_array.py'...
Compiling '/home/jiil/ur_ws/install/std_msgs/local/lib/python3.12/dist-packages/std_msgs/msg/_u_int32.py'...
Compiling '/home/jiil/ur_ws/install/std_msgs/local/lib/python3.12/dist-packages/std_msgs/msg/_u_int32_multi_array.py'...
Compiling '/home/jiil/ur_ws/install/std_msgs/local/lib/python3.12/dist-packages/std_msgs/msg/_u_int64.py'...
Compiling '/home/jiil/ur_ws/install/std_msgs/local/lib/python3.12/dist-packages/std_msgs/msg/_u_int64_multi_array.py'...
Compiling '/home/jiil/ur_ws/install/std_msgs/local/lib/python3.12/dist-packages/std_msgs/msg/_u_int8.py'...
Compiling '/home/jiil/ur_ws/install/std_msgs/local/lib/python3.12/dist-packages/std_msgs/msg/_u_int8_multi_array.py'...
-- Installing: /home/jiil/ur_ws/install/std_msgs/lib/libstd_msgs__rosidl_generator_py.so
-- Set non-toolchain portion of runtime path of "/home/jiil/ur_ws/install/std_msgs/lib/libstd_msgs__rosidl_generator_py.so" to ""
-- Installing: /home/jiil/ur_ws/install/std_msgs/share/std_msgs/cmake/export_std_msgs__rosidl_generator_cExport.cmake
-- Installing: /home/jiil/ur_ws/install/std_msgs/share/std_msgs/cmake/export_std_msgs__rosidl_generator_cExport-release.cmake
-- Installing: /home/jiil/ur_ws/install/std_msgs/share/std_msgs/cmake/export_std_msgs__rosidl_typesupport_fastrtps_cExport.cmake
-- Installing: /home/jiil/ur_ws/install/std_msgs/share/std_msgs/cmake/export_std_msgs__rosidl_typesupport_fastrtps_cExport-release.cmake
-- Installing: /home/jiil/ur_ws/install/std_msgs/share/std_msgs/cmake/export_std_msgs__rosidl_generator_cppExport.cmake
-- Installing: /home/jiil/ur_ws/install/std_msgs/share/std_msgs/cmake/export_std_msgs__rosidl_typesupport_fastrtps_cppExport.cmake
-- Installing: /home/jiil/ur_ws/install/std_msgs/share/std_msgs/cmake/export_std_msgs__rosidl_typesupport_fastrtps_cppExport-release.cmake
-- Installing: /home/jiil/ur_ws/install/std_msgs/share/std_msgs/cmake/std_msgs__rosidl_typesupport_introspection_cExport.cmake
-- Installing: /home/jiil/ur_ws/install/std_msgs/share/std_msgs/cmake/std_msgs__rosidl_typesupport_introspection_cExport-release.cmake
-- Installing: /home/jiil/ur_ws/install/std_msgs/share/std_msgs/cmake/std_msgs__rosidl_typesupport_cExport.cmake
-- Installing: /home/jiil/ur_ws/install/std_msgs/share/std_msgs/cmake/std_msgs__rosidl_typesupport_cExport-release.cmake
-- Installing: /home/jiil/ur_ws/install/std_msgs/share/std_msgs/cmake/std_msgs__rosidl_typesupport_introspection_cppExport.cmake
-- Installing: /home/jiil/ur_ws/install/std_msgs/share/std_msgs/cmake/std_msgs__rosidl_typesupport_introspection_cppExport-release.cmake
-- Installing: /home/jiil/ur_ws/install/std_msgs/share/std_msgs/cmake/std_msgs__rosidl_typesupport_cppExport.cmake
-- Installing: /home/jiil/ur_ws/install/std_msgs/share/std_msgs/cmake/std_msgs__rosidl_typesupport_cppExport-release.cmake
-- Installing: /home/jiil/ur_ws/install/std_msgs/share/std_msgs/cmake/export_std_msgs__rosidl_generator_pyExport.cmake
-- Installing: /home/jiil/ur_ws/install/std_msgs/share/std_msgs/cmake/export_std_msgs__rosidl_generator_pyExport-release.cmake
