[0.018s] Invoking command in '/home/jiil/ur_ws/build/std_msgs': CMAKE_PREFIX_PATH=${CMAKE_PREFIX_PATH}:/home/jiil/ros2_humble/install/rqt_bag_plugins:/home/jiil/ros2_humble/install/rqt_bag:/home/jiil/ros2_humble/install/launch_testing_examples:/home/jiil/ros2_humble/install/ros2bag:/home/jiil/ros2_humble/install/tracetools_test:/home/jiil/ros2_humble/install/tracetools_launch:/home/jiil/ros2_humble/install/topic_monitor:/home/jiil/ros2_humble/install/tf2_tools:/home/jiil/ros2_humble/install/examples_tf2_py:/home/jiil/ros2_humble/install/tf2_ros_py:/home/jiil/ros2_humble/install/sros2:/home/jiil/ros2_humble/install/rqt_topic:/home/jiil/ros2_humble/install/rqt_srv:/home/jiil/ros2_humble/install/rqt_shell:/home/jiil/ros2_humble/install/rqt_service_caller:/home/jiil/ros2_humble/install/rqt_reconfigure:/home/jiil/ros2_humble/install/rqt_py_console:/home/jiil/ros2_humble/install/rqt_publisher:/home/jiil/ros2_humble/install/rqt_plot:/home/jiil/ros2_humble/install/rqt_action:/home/jiil/ros2_humble/install/rqt_msg:/home/jiil/ros2_humble/install/rqt_console:/home/jiil/ros2_humble/install/rqt:/home/jiil/ros2_humble/install/rqt_graph:/home/jiil/ros2_humble/install/rqt_gui_py:/home/jiil/ros2_humble/install/rqt_gui:/home/jiil/ros2_humble/install/ros2trace:/home/jiil/ros2_humble/install/ros2topic:/home/jiil/ros2_humble/install/ros2test:/home/jiil/ros2_humble/install/ros2component:/home/jiil/ros2_humble/install/ros2param:/home/jiil/ros2_humble/install/ros2lifecycle:/home/jiil/ros2_humble/install/ros2service:/home/jiil/ros2_humble/install/ros2run:/home/jiil/ros2_humble/install/ros2plugin:/home/jiil/ros2_humble/install/ros2launch:/home/jiil/ros2_humble/install/ros2pkg:/home/jiil/ros2_humble/install/ros2node:/home/jiil/ros2_humble/install/ros2multicast:/home/jiil/ros2_humble/install/ros2interface:/home/jiil/ros2_humble/install/ros2doctor:/home/jiil/ros2_humble/install/ros2action:/home/jiil/ros2_humble/install/ros2cli:/home/jiil/ros2_humble/install/quality_of_service_demo_py:/home/jiil/ros2_humble/install/lifecycle_py:/home/jiil/ros2_humble/install/launch_testing_ros:/home/jiil/ros2_humble/install/launch_ros:/home/jiil/ros2_humble/install/examples_rclpy_pointcloud_publisher:/home/jiil/ros2_humble/install/examples_rclpy_minimal_subscriber:/home/jiil/ros2_humble/install/examples_rclpy_minimal_service:/home/jiil/ros2_humble/install/examples_rclpy_minimal_publisher:/home/jiil/ros2_humble/install/examples_rclpy_minimal_client:/home/jiil/ros2_humble/install/examples_rclpy_minimal_action_server:/home/jiil/ros2_humble/install/examples_rclpy_minimal_action_client:/home/jiil/ros2_humble/install/examples_rclpy_guard_conditions:/home/jiil/ros2_humble/install/examples_rclpy_executors:/home/jiil/ros2_humble/install/demo_nodes_py:/home/jiil/ros2_humble/install/camera_info_manager_py:/home/jiil/ros2_humble/install/action_tutorials_py:/home/jiil/ros2_humble/install/ament_uncrustify:/home/jiil/ros2_humble/install/tracetools_trace:/home/jiil/ros2_humble/install/tracetools_read:/home/jiil/ros2_humble/install/test_tracetools_launch:/home/jiil/ros2_humble/install/test_launch_ros:/home/jiil/ros2_humble/install/sensor_msgs_py:/home/jiil/ros2_humble/install/rpyutils:/home/jiil/ros2_humble/install/rosidl_runtime_py:/home/jiil/ros2_humble/install/rosidl_cli:/home/jiil/ros2_humble/install/launch_pytest:/home/jiil/ros2_humble/install/launch_testing:/home/jiil/ros2_humble/install/launch_yaml:/home/jiil/ros2_humble/install/launch_xml:/home/jiil/ros2_humble/install/launch:/home/jiil/ros2_humble/install/osrf_pycommon:/home/jiil/ros2_humble/install/domain_coordinator:/home/jiil/ros2_humble/install/ament_xmllint:/home/jiil/ros2_humble/install/ament_pyflakes:/home/jiil/ros2_humble/install/ament_pycodestyle:/home/jiil/ros2_humble/install/ament_pep257:/home/jiil/ros2_humble/install/ament_pclint:/home/jiil/ros2_humble/install/ament_package:/home/jiil/ros2_humble/install/ament_mypy:/home/jiil/ros2_humble/install/ament_lint_cmake:/home/jiil/ros2_humble/install/ament_flake8:/home/jiil/ros2_humble/install/ament_copyright:/home/jiil/ros2_humble/install/ament_lint:/home/jiil/ros2_humble/install/ament_index_python:/home/jiil/ros2_humble/install/ament_cpplint:/home/jiil/ros2_humble/install/ament_cppcheck:/home/jiil/ros2_humble/install/ament_clang_tidy:/home/jiil/ros2_humble/install/ament_clang_format DEBUGINFOD_URLS=https://debuginfod.ubuntu.com /usr/bin/cmake /home/jiil/ur_ws/src/common_interfaces/std_msgs -DCMAKE_BUILD_TYPE=Release -DAMENT_CMAKE_SYMLINK_INSTALL=1 -DCMAKE_INSTALL_PREFIX=/home/jiil/ur_ws/install/std_msgs
[0.053s] -- The C compiler identification is GNU 13.3.0
[0.078s] -- The CXX compiler identification is GNU 13.3.0
[0.086s] -- Detecting C compiler ABI info
[0.135s] -- Detecting C compiler ABI info - done
[0.139s] -- Check for working C compiler: /usr/bin/cc - skipped
[0.139s] -- Detecting C compile features
[0.139s] -- Detecting C compile features - done
[0.144s] -- Detecting CXX compiler ABI info
[0.226s] -- Detecting CXX compiler ABI info - done
[0.231s] -- Check for working CXX compiler: /usr/bin/c++ - skipped
[0.231s] -- Detecting CXX compile features
[0.231s] -- Detecting CXX compile features - done
[0.237s] -- Found ament_cmake: 1.3.12 (/home/jiil/ros2_humble/install/ament_cmake/share/ament_cmake/cmake)
[0.383s] -- Found Python3: /usr/bin/python3 (found version "3.12.3") found components: Interpreter 
[0.456s] -- Override CMake install command with custom implementation using symlinks instead of copying resources
[0.532s] -- Found builtin_interfaces: 1.2.2 (/home/jiil/ros2_humble/install/builtin_interfaces/share/builtin_interfaces/cmake)
[0.575s] -- Found rosidl_generator_c: 3.1.7 (/home/jiil/ros2_humble/install/rosidl_generator_c/share/rosidl_generator_c/cmake)
[0.584s] -- Found rosidl_adapter: 3.1.7 (/home/jiil/ros2_humble/install/rosidl_adapter/share/rosidl_adapter/cmake)
[0.594s] -- Found rosidl_generator_cpp: 3.1.7 (/home/jiil/ros2_humble/install/rosidl_generator_cpp/share/rosidl_generator_cpp/cmake)
[0.616s] -- Using all available rosidl_typesupport_c: rosidl_typesupport_introspection_c;rosidl_typesupport_fastrtps_c
[0.643s] -- Using all available rosidl_typesupport_cpp: rosidl_typesupport_introspection_cpp;rosidl_typesupport_fastrtps_cpp
[0.670s] -- Found rosidl_default_generators: 1.2.0 (/home/jiil/ros2_humble/install/rosidl_default_generators/share/rosidl_default_generators/cmake)
[1.162s] -- Found ament_cmake_cppcheck: 0.12.14 (/home/jiil/ros2_humble/install/ament_cmake_cppcheck/share/ament_cmake_cppcheck/cmake)
[1.169s] -- Found ament_cmake_cpplint: 0.12.14 (/home/jiil/ros2_humble/install/ament_cmake_cpplint/share/ament_cmake_cpplint/cmake)
[1.173s] -- Found ament_cmake_uncrustify: 0.12.14 (/home/jiil/ros2_humble/install/ament_cmake_uncrustify/share/ament_cmake_uncrustify/cmake)
[1.179s] -- Found ament_cmake_ros: 0.10.0 (/home/jiil/ros2_humble/install/ament_cmake_ros/share/ament_cmake_ros/cmake)
[1.893s] -- Using all available rosidl_typesupport_c: rosidl_typesupport_introspection_c;rosidl_typesupport_fastrtps_c
[2.178s] -- Using all available rosidl_typesupport_cpp: rosidl_typesupport_introspection_cpp;rosidl_typesupport_fastrtps_cpp
[2.180s] [33mCMake Warning (dev) at /home/jiil/ros2_humble/install/rosidl_generator_py/share/rosidl_generator_py/cmake/rosidl_generator_py_generate_interfaces.cmake:20 (find_package):
[2.180s]   Policy CMP0148 is not set: The FindPythonInterp and FindPythonLibs modules
[2.180s]   are removed.  Run "cmake --help-policy CMP0148" for policy details.  Use
[2.180s]   the cmake_policy command to set the policy and suppress this warning.
[2.180s] 
[2.180s] Call Stack (most recent call first):
[2.180s]   /home/jiil/ros2_humble/install/ament_cmake_core/share/ament_cmake_core/cmake/core/ament_execute_extensions.cmake:48 (include)
[2.180s]   /home/jiil/ros2_humble/install/rosidl_cmake/share/rosidl_cmake/cmake/rosidl_generate_interfaces.cmake:286 (ament_execute_extensions)
[2.180s]   CMakeLists.txt:49 (rosidl_generate_interfaces)
[2.180s] This warning is for project developers.  Use -Wno-dev to suppress it.
[2.180s] [0m
[2.204s] -- Found PythonInterp: /usr/bin/python3 (found suitable version "3.12.3", minimum required is "3.6") 
[2.209s] -- Found python_cmake_module: 0.10.0 (/home/jiil/ros2_humble/install/python_cmake_module/share/python_cmake_module/cmake)
[2.209s] [33mCMake Warning (dev) at /home/jiil/ros2_humble/install/python_cmake_module/share/python_cmake_module/cmake/Modules/FindPythonExtra.cmake:52 (find_package):
[2.209s]   Policy CMP0148 is not set: The FindPythonInterp and FindPythonLibs modules
[2.209s]   are removed.  Run "cmake --help-policy CMP0148" for policy details.  Use
[2.209s]   the cmake_policy command to set the policy and suppress this warning.
[2.209s] 
[2.209s] Call Stack (most recent call first):
[2.209s]   /home/jiil/ros2_humble/install/rosidl_generator_py/share/rosidl_generator_py/cmake/rosidl_generator_py_generate_interfaces.cmake:23 (find_package)
[2.209s]   /home/jiil/ros2_humble/install/ament_cmake_core/share/ament_cmake_core/cmake/core/ament_execute_extensions.cmake:48 (include)
[2.209s]   /home/jiil/ros2_humble/install/rosidl_cmake/share/rosidl_cmake/cmake/rosidl_generate_interfaces.cmake:286 (ament_execute_extensions)
[2.209s]   CMakeLists.txt:49 (rosidl_generate_interfaces)
[2.209s] This warning is for project developers.  Use -Wno-dev to suppress it.
[2.209s] [0m
[2.230s] [33mCMake Warning (dev) at /home/jiil/ros2_humble/install/python_cmake_module/share/python_cmake_module/cmake/Modules/FindPythonExtra.cmake:140 (find_package):
[2.230s]   Policy CMP0148 is not set: The FindPythonInterp and FindPythonLibs modules
[2.230s]   are removed.  Run "cmake --help-policy CMP0148" for policy details.  Use
[2.230s]   the cmake_policy command to set the policy and suppress this warning.
[2.230s] 
[2.230s] Call Stack (most recent call first):
[2.230s]   /home/jiil/ros2_humble/install/rosidl_generator_py/share/rosidl_generator_py/cmake/rosidl_generator_py_generate_interfaces.cmake:23 (find_package)
[2.230s]   /home/jiil/ros2_humble/install/ament_cmake_core/share/ament_cmake_core/cmake/core/ament_execute_extensions.cmake:48 (include)
[2.230s]   /home/jiil/ros2_humble/install/rosidl_cmake/share/rosidl_cmake/cmake/rosidl_generate_interfaces.cmake:286 (ament_execute_extensions)
[2.230s]   CMakeLists.txt:49 (rosidl_generate_interfaces)
[2.230s] This warning is for project developers.  Use -Wno-dev to suppress it.
[2.230s] [0m
[2.240s] -- Found PythonLibs: /usr/lib/x86_64-linux-gnu/libpython3.12.so (found suitable version "3.12.3", minimum required is "3.5") 
[2.240s] -- Using PYTHON_EXECUTABLE: /usr/bin/python3
[2.240s] -- Using PYTHON_INCLUDE_DIRS: /usr/include/python3.12
[2.240s] -- Using PYTHON_LIBRARIES: /usr/lib/x86_64-linux-gnu/libpython3.12.so
[2.262s] -- Found PythonExtra: .so  
[2.384s] -- Using numpy include directory: /usr/lib/python3/dist-packages/numpy/core/include
[2.544s] -- Found ament_cmake_flake8: 0.12.14 (/home/jiil/ros2_humble/install/ament_cmake_flake8/share/ament_cmake_flake8/cmake)
[2.552s] -- Found ament_cmake_pep257: 0.12.14 (/home/jiil/ros2_humble/install/ament_cmake_pep257/share/ament_cmake_pep257/cmake)
[2.559s] -- Configuring done (2.5s)
[2.590s] -- Generating done (0.0s)
[2.595s] -- Build files have been written to: /home/jiil/ur_ws/build/std_msgs
[2.602s] Invoked command in '/home/jiil/ur_ws/build/std_msgs' returned '0': CMAKE_PREFIX_PATH=${CMAKE_PREFIX_PATH}:/home/jiil/ros2_humble/install/rqt_bag_plugins:/home/jiil/ros2_humble/install/rqt_bag:/home/jiil/ros2_humble/install/launch_testing_examples:/home/jiil/ros2_humble/install/ros2bag:/home/jiil/ros2_humble/install/tracetools_test:/home/jiil/ros2_humble/install/tracetools_launch:/home/jiil/ros2_humble/install/topic_monitor:/home/jiil/ros2_humble/install/tf2_tools:/home/jiil/ros2_humble/install/examples_tf2_py:/home/jiil/ros2_humble/install/tf2_ros_py:/home/jiil/ros2_humble/install/sros2:/home/jiil/ros2_humble/install/rqt_topic:/home/jiil/ros2_humble/install/rqt_srv:/home/jiil/ros2_humble/install/rqt_shell:/home/jiil/ros2_humble/install/rqt_service_caller:/home/jiil/ros2_humble/install/rqt_reconfigure:/home/jiil/ros2_humble/install/rqt_py_console:/home/jiil/ros2_humble/install/rqt_publisher:/home/jiil/ros2_humble/install/rqt_plot:/home/jiil/ros2_humble/install/rqt_action:/home/jiil/ros2_humble/install/rqt_msg:/home/jiil/ros2_humble/install/rqt_console:/home/jiil/ros2_humble/install/rqt:/home/jiil/ros2_humble/install/rqt_graph:/home/jiil/ros2_humble/install/rqt_gui_py:/home/jiil/ros2_humble/install/rqt_gui:/home/jiil/ros2_humble/install/ros2trace:/home/jiil/ros2_humble/install/ros2topic:/home/jiil/ros2_humble/install/ros2test:/home/jiil/ros2_humble/install/ros2component:/home/jiil/ros2_humble/install/ros2param:/home/jiil/ros2_humble/install/ros2lifecycle:/home/jiil/ros2_humble/install/ros2service:/home/jiil/ros2_humble/install/ros2run:/home/jiil/ros2_humble/install/ros2plugin:/home/jiil/ros2_humble/install/ros2launch:/home/jiil/ros2_humble/install/ros2pkg:/home/jiil/ros2_humble/install/ros2node:/home/jiil/ros2_humble/install/ros2multicast:/home/jiil/ros2_humble/install/ros2interface:/home/jiil/ros2_humble/install/ros2doctor:/home/jiil/ros2_humble/install/ros2action:/home/jiil/ros2_humble/install/ros2cli:/home/jiil/ros2_humble/install/quality_of_service_demo_py:/home/jiil/ros2_humble/install/lifecycle_py:/home/jiil/ros2_humble/install/launch_testing_ros:/home/jiil/ros2_humble/install/launch_ros:/home/jiil/ros2_humble/install/examples_rclpy_pointcloud_publisher:/home/jiil/ros2_humble/install/examples_rclpy_minimal_subscriber:/home/jiil/ros2_humble/install/examples_rclpy_minimal_service:/home/jiil/ros2_humble/install/examples_rclpy_minimal_publisher:/home/jiil/ros2_humble/install/examples_rclpy_minimal_client:/home/jiil/ros2_humble/install/examples_rclpy_minimal_action_server:/home/jiil/ros2_humble/install/examples_rclpy_minimal_action_client:/home/jiil/ros2_humble/install/examples_rclpy_guard_conditions:/home/jiil/ros2_humble/install/examples_rclpy_executors:/home/jiil/ros2_humble/install/demo_nodes_py:/home/jiil/ros2_humble/install/camera_info_manager_py:/home/jiil/ros2_humble/install/action_tutorials_py:/home/jiil/ros2_humble/install/ament_uncrustify:/home/jiil/ros2_humble/install/tracetools_trace:/home/jiil/ros2_humble/install/tracetools_read:/home/jiil/ros2_humble/install/test_tracetools_launch:/home/jiil/ros2_humble/install/test_launch_ros:/home/jiil/ros2_humble/install/sensor_msgs_py:/home/jiil/ros2_humble/install/rpyutils:/home/jiil/ros2_humble/install/rosidl_runtime_py:/home/jiil/ros2_humble/install/rosidl_cli:/home/jiil/ros2_humble/install/launch_pytest:/home/jiil/ros2_humble/install/launch_testing:/home/jiil/ros2_humble/install/launch_yaml:/home/jiil/ros2_humble/install/launch_xml:/home/jiil/ros2_humble/install/launch:/home/jiil/ros2_humble/install/osrf_pycommon:/home/jiil/ros2_humble/install/domain_coordinator:/home/jiil/ros2_humble/install/ament_xmllint:/home/jiil/ros2_humble/install/ament_pyflakes:/home/jiil/ros2_humble/install/ament_pycodestyle:/home/jiil/ros2_humble/install/ament_pep257:/home/jiil/ros2_humble/install/ament_pclint:/home/jiil/ros2_humble/install/ament_package:/home/jiil/ros2_humble/install/ament_mypy:/home/jiil/ros2_humble/install/ament_lint_cmake:/home/jiil/ros2_humble/install/ament_flake8:/home/jiil/ros2_humble/install/ament_copyright:/home/jiil/ros2_humble/install/ament_lint:/home/jiil/ros2_humble/install/ament_index_python:/home/jiil/ros2_humble/install/ament_cpplint:/home/jiil/ros2_humble/install/ament_cppcheck:/home/jiil/ros2_humble/install/ament_clang_tidy:/home/jiil/ros2_humble/install/ament_clang_format DEBUGINFOD_URLS=https://debuginfod.ubuntu.com /usr/bin/cmake /home/jiil/ur_ws/src/common_interfaces/std_msgs -DCMAKE_BUILD_TYPE=Release -DAMENT_CMAKE_SYMLINK_INSTALL=1 -DCMAKE_INSTALL_PREFIX=/home/jiil/ur_ws/install/std_msgs
[2.603s] Invoking command in '/home/jiil/ur_ws/build/std_msgs': CMAKE_PREFIX_PATH=${CMAKE_PREFIX_PATH}:/home/jiil/ros2_humble/install/rqt_bag_plugins:/home/jiil/ros2_humble/install/rqt_bag:/home/jiil/ros2_humble/install/launch_testing_examples:/home/jiil/ros2_humble/install/ros2bag:/home/jiil/ros2_humble/install/tracetools_test:/home/jiil/ros2_humble/install/tracetools_launch:/home/jiil/ros2_humble/install/topic_monitor:/home/jiil/ros2_humble/install/tf2_tools:/home/jiil/ros2_humble/install/examples_tf2_py:/home/jiil/ros2_humble/install/tf2_ros_py:/home/jiil/ros2_humble/install/sros2:/home/jiil/ros2_humble/install/rqt_topic:/home/jiil/ros2_humble/install/rqt_srv:/home/jiil/ros2_humble/install/rqt_shell:/home/jiil/ros2_humble/install/rqt_service_caller:/home/jiil/ros2_humble/install/rqt_reconfigure:/home/jiil/ros2_humble/install/rqt_py_console:/home/jiil/ros2_humble/install/rqt_publisher:/home/jiil/ros2_humble/install/rqt_plot:/home/jiil/ros2_humble/install/rqt_action:/home/jiil/ros2_humble/install/rqt_msg:/home/jiil/ros2_humble/install/rqt_console:/home/jiil/ros2_humble/install/rqt:/home/jiil/ros2_humble/install/rqt_graph:/home/jiil/ros2_humble/install/rqt_gui_py:/home/jiil/ros2_humble/install/rqt_gui:/home/jiil/ros2_humble/install/ros2trace:/home/jiil/ros2_humble/install/ros2topic:/home/jiil/ros2_humble/install/ros2test:/home/jiil/ros2_humble/install/ros2component:/home/jiil/ros2_humble/install/ros2param:/home/jiil/ros2_humble/install/ros2lifecycle:/home/jiil/ros2_humble/install/ros2service:/home/jiil/ros2_humble/install/ros2run:/home/jiil/ros2_humble/install/ros2plugin:/home/jiil/ros2_humble/install/ros2launch:/home/jiil/ros2_humble/install/ros2pkg:/home/jiil/ros2_humble/install/ros2node:/home/jiil/ros2_humble/install/ros2multicast:/home/jiil/ros2_humble/install/ros2interface:/home/jiil/ros2_humble/install/ros2doctor:/home/jiil/ros2_humble/install/ros2action:/home/jiil/ros2_humble/install/ros2cli:/home/jiil/ros2_humble/install/quality_of_service_demo_py:/home/jiil/ros2_humble/install/lifecycle_py:/home/jiil/ros2_humble/install/launch_testing_ros:/home/jiil/ros2_humble/install/launch_ros:/home/jiil/ros2_humble/install/examples_rclpy_pointcloud_publisher:/home/jiil/ros2_humble/install/examples_rclpy_minimal_subscriber:/home/jiil/ros2_humble/install/examples_rclpy_minimal_service:/home/jiil/ros2_humble/install/examples_rclpy_minimal_publisher:/home/jiil/ros2_humble/install/examples_rclpy_minimal_client:/home/jiil/ros2_humble/install/examples_rclpy_minimal_action_server:/home/jiil/ros2_humble/install/examples_rclpy_minimal_action_client:/home/jiil/ros2_humble/install/examples_rclpy_guard_conditions:/home/jiil/ros2_humble/install/examples_rclpy_executors:/home/jiil/ros2_humble/install/demo_nodes_py:/home/jiil/ros2_humble/install/camera_info_manager_py:/home/jiil/ros2_humble/install/action_tutorials_py:/home/jiil/ros2_humble/install/ament_uncrustify:/home/jiil/ros2_humble/install/tracetools_trace:/home/jiil/ros2_humble/install/tracetools_read:/home/jiil/ros2_humble/install/test_tracetools_launch:/home/jiil/ros2_humble/install/test_launch_ros:/home/jiil/ros2_humble/install/sensor_msgs_py:/home/jiil/ros2_humble/install/rpyutils:/home/jiil/ros2_humble/install/rosidl_runtime_py:/home/jiil/ros2_humble/install/rosidl_cli:/home/jiil/ros2_humble/install/launch_pytest:/home/jiil/ros2_humble/install/launch_testing:/home/jiil/ros2_humble/install/launch_yaml:/home/jiil/ros2_humble/install/launch_xml:/home/jiil/ros2_humble/install/launch:/home/jiil/ros2_humble/install/osrf_pycommon:/home/jiil/ros2_humble/install/domain_coordinator:/home/jiil/ros2_humble/install/ament_xmllint:/home/jiil/ros2_humble/install/ament_pyflakes:/home/jiil/ros2_humble/install/ament_pycodestyle:/home/jiil/ros2_humble/install/ament_pep257:/home/jiil/ros2_humble/install/ament_pclint:/home/jiil/ros2_humble/install/ament_package:/home/jiil/ros2_humble/install/ament_mypy:/home/jiil/ros2_humble/install/ament_lint_cmake:/home/jiil/ros2_humble/install/ament_flake8:/home/jiil/ros2_humble/install/ament_copyright:/home/jiil/ros2_humble/install/ament_lint:/home/jiil/ros2_humble/install/ament_index_python:/home/jiil/ros2_humble/install/ament_cpplint:/home/jiil/ros2_humble/install/ament_cppcheck:/home/jiil/ros2_humble/install/ament_clang_tidy:/home/jiil/ros2_humble/install/ament_clang_format DEBUGINFOD_URLS=https://debuginfod.ubuntu.com /usr/bin/cmake --build /home/jiil/ur_ws/build/std_msgs -- -j12 -l12
[2.638s] [  1%] [34m[1mGenerating C code for ROS interfaces[0m
[2.645s] [  1%] [34m[1mGenerating C++ code for ROS interfaces[0m
[2.650s] [  1%] Built target ament_cmake_python_symlink_std_msgs
[2.888s] running egg_info
[2.888s] creating std_msgs.egg-info
[2.907s] writing std_msgs.egg-info/PKG-INFO
[2.907s] writing dependency_links to std_msgs.egg-info/dependency_links.txt
[2.907s] writing top-level names to std_msgs.egg-info/top_level.txt
[2.907s] writing manifest file 'std_msgs.egg-info/SOURCES.txt'
[2.973s] reading manifest file 'std_msgs.egg-info/SOURCES.txt'
[2.974s] writing manifest file 'std_msgs.egg-info/SOURCES.txt'
[3.005s] [  1%] Built target ament_cmake_python_build_std_msgs_egg
[3.706s] [  1%] Built target std_msgs__cpp
[3.720s] [  2%] [34m[1mGenerating C++ introspection for ROS interfaces[0m
[3.720s] [  3%] [34m[1mGenerating C++ type support for eProsima Fast-RTPS[0m
[3.720s] [  4%] [34m[1mGenerating C++ type support dispatch for ROS interfaces[0m
[3.826s] [  4%] [32mBuilding C object CMakeFiles/std_msgs__rosidl_generator_c.dir/rosidl_generator_c/std_msgs/msg/detail/byte__functions.c.o[0m
[3.827s] [  6%] [32mBuilding C object CMakeFiles/std_msgs__rosidl_generator_c.dir/rosidl_generator_c/std_msgs/msg/detail/empty__functions.c.o[0m
[3.827s] [  6%] [32mBuilding C object CMakeFiles/std_msgs__rosidl_generator_c.dir/rosidl_generator_c/std_msgs/msg/detail/byte_multi_array__functions.c.o[0m
[3.827s] [  6%] [32mBuilding C object CMakeFiles/std_msgs__rosidl_generator_c.dir/rosidl_generator_c/std_msgs/msg/detail/color_rgba__functions.c.o[0m
[3.827s] [  6%] [32mBuilding C object CMakeFiles/std_msgs__rosidl_generator_c.dir/rosidl_generator_c/std_msgs/msg/detail/float32__functions.c.o[0m
[3.829s] [  6%] [32mBuilding C object CMakeFiles/std_msgs__rosidl_generator_c.dir/rosidl_generator_c/std_msgs/msg/detail/char__functions.c.o[0m
[3.829s] [  7%] [32mBuilding C object CMakeFiles/std_msgs__rosidl_generator_c.dir/rosidl_generator_c/std_msgs/msg/detail/float32_multi_array__functions.c.o[0m
[3.829s] [  7%] [32mBuilding C object CMakeFiles/std_msgs__rosidl_generator_c.dir/rosidl_generator_c/std_msgs/msg/detail/float64__functions.c.o[0m
[3.830s] [  7%] [32mBuilding C object CMakeFiles/std_msgs__rosidl_generator_c.dir/rosidl_generator_c/std_msgs/msg/detail/bool__functions.c.o[0m
[3.893s] [  7%] [32mBuilding C object CMakeFiles/std_msgs__rosidl_generator_c.dir/rosidl_generator_c/std_msgs/msg/detail/int16__functions.c.o[0m
[3.893s] [  7%] [32mBuilding C object CMakeFiles/std_msgs__rosidl_generator_c.dir/rosidl_generator_c/std_msgs/msg/detail/float64_multi_array__functions.c.o[0m
[3.894s] [  8%] [32mBuilding C object CMakeFiles/std_msgs__rosidl_generator_c.dir/rosidl_generator_c/std_msgs/msg/detail/int16_multi_array__functions.c.o[0m
[3.894s] [  8%] [32mBuilding C object CMakeFiles/std_msgs__rosidl_generator_c.dir/rosidl_generator_c/std_msgs/msg/detail/int32__functions.c.o[0m
[3.895s] [  9%] [32mBuilding C object CMakeFiles/std_msgs__rosidl_generator_c.dir/rosidl_generator_c/std_msgs/msg/detail/header__functions.c.o[0m
[3.901s] [  9%] [32mBuilding C object CMakeFiles/std_msgs__rosidl_generator_c.dir/rosidl_generator_c/std_msgs/msg/detail/int32_multi_array__functions.c.o[0m
[3.906s] [ 10%] [32mBuilding C object CMakeFiles/std_msgs__rosidl_generator_c.dir/rosidl_generator_c/std_msgs/msg/detail/int64__functions.c.o[0m
[3.929s] [ 10%] [32mBuilding C object CMakeFiles/std_msgs__rosidl_generator_c.dir/rosidl_generator_c/std_msgs/msg/detail/int64_multi_array__functions.c.o[0m
[3.957s] [ 10%] [32mBuilding C object CMakeFiles/std_msgs__rosidl_generator_c.dir/rosidl_generator_c/std_msgs/msg/detail/int8__functions.c.o[0m
[3.962s] [ 11%] [32mBuilding C object CMakeFiles/std_msgs__rosidl_generator_c.dir/rosidl_generator_c/std_msgs/msg/detail/int8_multi_array__functions.c.o[0m
[3.966s] [ 12%] [32mBuilding C object CMakeFiles/std_msgs__rosidl_generator_c.dir/rosidl_generator_c/std_msgs/msg/detail/multi_array_layout__functions.c.o[0m
[3.968s] [ 12%] [32mBuilding C object CMakeFiles/std_msgs__rosidl_generator_c.dir/rosidl_generator_c/std_msgs/msg/detail/string__functions.c.o[0m
[3.970s] [ 12%] [32mBuilding C object CMakeFiles/std_msgs__rosidl_generator_c.dir/rosidl_generator_c/std_msgs/msg/detail/multi_array_dimension__functions.c.o[0m
[3.974s] [ 12%] [32mBuilding C object CMakeFiles/std_msgs__rosidl_generator_c.dir/rosidl_generator_c/std_msgs/msg/detail/u_int16__functions.c.o[0m
[3.992s] [ 13%] [32mBuilding C object CMakeFiles/std_msgs__rosidl_generator_c.dir/rosidl_generator_c/std_msgs/msg/detail/u_int16_multi_array__functions.c.o[0m
[3.998s] [ 13%] [32mBuilding C object CMakeFiles/std_msgs__rosidl_generator_c.dir/rosidl_generator_c/std_msgs/msg/detail/u_int32__functions.c.o[0m
[4.005s] [ 14%] [32mBuilding C object CMakeFiles/std_msgs__rosidl_generator_c.dir/rosidl_generator_c/std_msgs/msg/detail/u_int32_multi_array__functions.c.o[0m
[4.034s] [ 14%] [32mBuilding C object CMakeFiles/std_msgs__rosidl_generator_c.dir/rosidl_generator_c/std_msgs/msg/detail/u_int64__functions.c.o[0m
[4.048s] [ 14%] [32mBuilding C object CMakeFiles/std_msgs__rosidl_generator_c.dir/rosidl_generator_c/std_msgs/msg/detail/u_int8_multi_array__functions.c.o[0m
[4.052s] [ 15%] [32mBuilding C object CMakeFiles/std_msgs__rosidl_generator_c.dir/rosidl_generator_c/std_msgs/msg/detail/u_int8__functions.c.o[0m
[4.053s] [ 15%] [32mBuilding C object CMakeFiles/std_msgs__rosidl_generator_c.dir/rosidl_generator_c/std_msgs/msg/detail/u_int64_multi_array__functions.c.o[0m
[4.120s] [ 15%] [32m[1mLinking C shared library libstd_msgs__rosidl_generator_c.so[0m
[4.144s] [ 15%] Built target std_msgs__rosidl_generator_c
[4.151s] [ 17%] [34m[1mGenerating C type support dispatch for ROS interfaces[0m
[4.151s] [ 17%] [34m[1mGenerating C introspection for ROS interfaces[0m
[4.154s] [ 18%] [34m[1mGenerating C type support for eProsima Fast-RTPS[0m
[4.495s] [ 19%] [32mBuilding CXX object CMakeFiles/std_msgs__rosidl_typesupport_cpp.dir/rosidl_typesupport_cpp/std_msgs/msg/bool__type_support.cpp.o[0m
[4.495s] [ 19%] [32mBuilding CXX object CMakeFiles/std_msgs__rosidl_typesupport_cpp.dir/rosidl_typesupport_cpp/std_msgs/msg/byte_multi_array__type_support.cpp.o[0m
[4.495s] [ 19%] [32mBuilding CXX object CMakeFiles/std_msgs__rosidl_typesupport_cpp.dir/rosidl_typesupport_cpp/std_msgs/msg/color_rgba__type_support.cpp.o[0m
[4.499s] [ 19%] [32mBuilding CXX object CMakeFiles/std_msgs__rosidl_typesupport_cpp.dir/rosidl_typesupport_cpp/std_msgs/msg/char__type_support.cpp.o[0m
[4.499s] [ 19%] [32mBuilding CXX object CMakeFiles/std_msgs__rosidl_typesupport_cpp.dir/rosidl_typesupport_cpp/std_msgs/msg/byte__type_support.cpp.o[0m
[4.501s] [ 20%] [32mBuilding CXX object CMakeFiles/std_msgs__rosidl_typesupport_cpp.dir/rosidl_typesupport_cpp/std_msgs/msg/empty__type_support.cpp.o[0m
[4.502s] [ 20%] [32mBuilding CXX object CMakeFiles/std_msgs__rosidl_typesupport_cpp.dir/rosidl_typesupport_cpp/std_msgs/msg/float32__type_support.cpp.o[0m
[4.691s] [ 21%] [32mBuilding CXX object CMakeFiles/std_msgs__rosidl_typesupport_cpp.dir/rosidl_typesupport_cpp/std_msgs/msg/float32_multi_array__type_support.cpp.o[0m
[4.693s] [ 21%] [32mBuilding CXX object CMakeFiles/std_msgs__rosidl_typesupport_cpp.dir/rosidl_typesupport_cpp/std_msgs/msg/float64__type_support.cpp.o[0m
[4.694s] [ 21%] [32mBuilding CXX object CMakeFiles/std_msgs__rosidl_typesupport_cpp.dir/rosidl_typesupport_cpp/std_msgs/msg/float64_multi_array__type_support.cpp.o[0m
[4.694s] [ 22%] [32mBuilding CXX object CMakeFiles/std_msgs__rosidl_typesupport_cpp.dir/rosidl_typesupport_cpp/std_msgs/msg/header__type_support.cpp.o[0m
[4.719s] [ 22%] [32mBuilding CXX object CMakeFiles/std_msgs__rosidl_typesupport_cpp.dir/rosidl_typesupport_cpp/std_msgs/msg/int16__type_support.cpp.o[0m
[4.729s] [ 22%] [32mBuilding CXX object CMakeFiles/std_msgs__rosidl_typesupport_cpp.dir/rosidl_typesupport_cpp/std_msgs/msg/int16_multi_array__type_support.cpp.o[0m
[4.797s] [ 23%] [32mBuilding CXX object CMakeFiles/std_msgs__rosidl_typesupport_cpp.dir/rosidl_typesupport_cpp/std_msgs/msg/int32__type_support.cpp.o[0m
[4.886s] [ 23%] [32mBuilding CXX object CMakeFiles/std_msgs__rosidl_typesupport_cpp.dir/rosidl_typesupport_cpp/std_msgs/msg/int32_multi_array__type_support.cpp.o[0m
[4.891s] [ 24%] [32mBuilding CXX object CMakeFiles/std_msgs__rosidl_typesupport_cpp.dir/rosidl_typesupport_cpp/std_msgs/msg/int64__type_support.cpp.o[0m
[4.891s] [ 24%] [32mBuilding CXX object CMakeFiles/std_msgs__rosidl_typesupport_cpp.dir/rosidl_typesupport_cpp/std_msgs/msg/int64_multi_array__type_support.cpp.o[0m
[4.909s] [ 24%] [32mBuilding CXX object CMakeFiles/std_msgs__rosidl_typesupport_cpp.dir/rosidl_typesupport_cpp/std_msgs/msg/int8__type_support.cpp.o[0m
[4.924s] [ 25%] [32mBuilding CXX object CMakeFiles/std_msgs__rosidl_typesupport_cpp.dir/rosidl_typesupport_cpp/std_msgs/msg/int8_multi_array__type_support.cpp.o[0m
[4.928s] [ 25%] [32mBuilding CXX object CMakeFiles/std_msgs__rosidl_typesupport_cpp.dir/rosidl_typesupport_cpp/std_msgs/msg/multi_array_dimension__type_support.cpp.o[0m
[5.009s] [ 26%] [32mBuilding CXX object CMakeFiles/std_msgs__rosidl_typesupport_cpp.dir/rosidl_typesupport_cpp/std_msgs/msg/multi_array_layout__type_support.cpp.o[0m
[5.085s] [ 26%] [32mBuilding CXX object CMakeFiles/std_msgs__rosidl_typesupport_cpp.dir/rosidl_typesupport_cpp/std_msgs/msg/string__type_support.cpp.o[0m
[5.103s] [ 26%] [32mBuilding CXX object CMakeFiles/std_msgs__rosidl_typesupport_cpp.dir/rosidl_typesupport_cpp/std_msgs/msg/u_int16__type_support.cpp.o[0m
[5.106s] [ 27%] [32mBuilding CXX object CMakeFiles/std_msgs__rosidl_typesupport_cpp.dir/rosidl_typesupport_cpp/std_msgs/msg/u_int16_multi_array__type_support.cpp.o[0m
[5.108s] [ 27%] [32mBuilding CXX object CMakeFiles/std_msgs__rosidl_typesupport_introspection_cpp.dir/rosidl_typesupport_introspection_cpp/std_msgs/msg/detail/bool__type_support.cpp.o[0m
[5.158s] [ 27%] [32mBuilding CXX object CMakeFiles/std_msgs__rosidl_typesupport_cpp.dir/rosidl_typesupport_cpp/std_msgs/msg/u_int32__type_support.cpp.o[0m
[5.164s] [ 27%] [32mBuilding CXX object CMakeFiles/std_msgs__rosidl_typesupport_introspection_cpp.dir/rosidl_typesupport_introspection_cpp/std_msgs/msg/detail/byte__type_support.cpp.o[0m
[5.166s] [ 27%] [32mBuilding CXX object CMakeFiles/std_msgs__rosidl_typesupport_cpp.dir/rosidl_typesupport_cpp/std_msgs/msg/u_int32_multi_array__type_support.cpp.o[0m
[5.174s] [ 27%] [32mBuilding CXX object CMakeFiles/std_msgs__rosidl_typesupport_fastrtps_cpp.dir/rosidl_typesupport_fastrtps_cpp/std_msgs/msg/detail/dds_fastrtps/bool__type_support.cpp.o[0m
[5.274s] [ 28%] [32mBuilding CXX object CMakeFiles/std_msgs__rosidl_typesupport_introspection_cpp.dir/rosidl_typesupport_introspection_cpp/std_msgs/msg/detail/byte_multi_array__type_support.cpp.o[0m
[5.286s] [ 28%] [32mBuilding CXX object CMakeFiles/std_msgs__rosidl_typesupport_fastrtps_cpp.dir/rosidl_typesupport_fastrtps_cpp/std_msgs/msg/detail/dds_fastrtps/byte__type_support.cpp.o[0m
[5.292s] [ 29%] [32mBuilding CXX object CMakeFiles/std_msgs__rosidl_typesupport_cpp.dir/rosidl_typesupport_cpp/std_msgs/msg/u_int64__type_support.cpp.o[0m
[5.300s] [ 30%] [32mBuilding CXX object CMakeFiles/std_msgs__rosidl_typesupport_fastrtps_cpp.dir/rosidl_typesupport_fastrtps_cpp/std_msgs/msg/detail/dds_fastrtps/byte_multi_array__type_support.cpp.o[0m
[5.323s] [ 30%] [32mBuilding CXX object CMakeFiles/std_msgs__rosidl_typesupport_c.dir/rosidl_typesupport_c/std_msgs/msg/bool__type_support.cpp.o[0m
[5.326s] [ 30%] [32mBuilding CXX object CMakeFiles/std_msgs__rosidl_typesupport_introspection_cpp.dir/rosidl_typesupport_introspection_cpp/std_msgs/msg/detail/char__type_support.cpp.o[0m
[5.352s] [ 31%] [32mBuilding CXX object CMakeFiles/std_msgs__rosidl_typesupport_c.dir/rosidl_typesupport_c/std_msgs/msg/byte_multi_array__type_support.cpp.o[0m
[5.353s] [ 31%] [32mBuilding CXX object CMakeFiles/std_msgs__rosidl_typesupport_c.dir/rosidl_typesupport_c/std_msgs/msg/byte__type_support.cpp.o[0m
[5.371s] [ 31%] [32mBuilding CXX object CMakeFiles/std_msgs__rosidl_typesupport_fastrtps_cpp.dir/rosidl_typesupport_fastrtps_cpp/std_msgs/msg/detail/dds_fastrtps/char__type_support.cpp.o[0m
[5.371s] [ 32%] [32mBuilding CXX object CMakeFiles/std_msgs__rosidl_typesupport_introspection_cpp.dir/rosidl_typesupport_introspection_cpp/std_msgs/msg/detail/color_rgba__type_support.cpp.o[0m
[5.384s] [ 33%] [32mBuilding CXX object CMakeFiles/std_msgs__rosidl_typesupport_fastrtps_cpp.dir/rosidl_typesupport_fastrtps_cpp/std_msgs/msg/detail/dds_fastrtps/color_rgba__type_support.cpp.o[0m
[5.384s] [ 33%] [32mBuilding CXX object CMakeFiles/std_msgs__rosidl_typesupport_c.dir/rosidl_typesupport_c/std_msgs/msg/char__type_support.cpp.o[0m
[5.413s] [ 33%] [32mBuilding CXX object CMakeFiles/std_msgs__rosidl_typesupport_c.dir/rosidl_typesupport_c/std_msgs/msg/color_rgba__type_support.cpp.o[0m
[5.445s] [ 33%] [32mBuilding CXX object CMakeFiles/std_msgs__rosidl_typesupport_cpp.dir/rosidl_typesupport_cpp/std_msgs/msg/u_int64_multi_array__type_support.cpp.o[0m
[5.449s] [ 34%] [32mBuilding CXX object CMakeFiles/std_msgs__rosidl_typesupport_c.dir/rosidl_typesupport_c/std_msgs/msg/empty__type_support.cpp.o[0m
[5.480s] [ 34%] [32mBuilding CXX object CMakeFiles/std_msgs__rosidl_typesupport_c.dir/rosidl_typesupport_c/std_msgs/msg/float32__type_support.cpp.o[0m
[5.510s] [ 35%] [32mBuilding CXX object CMakeFiles/std_msgs__rosidl_typesupport_c.dir/rosidl_typesupport_c/std_msgs/msg/float32_multi_array__type_support.cpp.o[0m
[5.520s] [ 35%] [32mBuilding CXX object CMakeFiles/std_msgs__rosidl_typesupport_fastrtps_cpp.dir/rosidl_typesupport_fastrtps_cpp/std_msgs/msg/detail/dds_fastrtps/empty__type_support.cpp.o[0m
[5.534s] [ 35%] [32mBuilding CXX object CMakeFiles/std_msgs__rosidl_typesupport_fastrtps_cpp.dir/rosidl_typesupport_fastrtps_cpp/std_msgs/msg/detail/dds_fastrtps/float32__type_support.cpp.o[0m
[5.537s] [ 36%] [32mBuilding CXX object CMakeFiles/std_msgs__rosidl_typesupport_fastrtps_cpp.dir/rosidl_typesupport_fastrtps_cpp/std_msgs/msg/detail/dds_fastrtps/float32_multi_array__type_support.cpp.o[0m
[5.538s] [ 36%] [32mBuilding CXX object CMakeFiles/std_msgs__rosidl_typesupport_c.dir/rosidl_typesupport_c/std_msgs/msg/float64__type_support.cpp.o[0m
[5.564s] [ 37%] [32mBuilding CXX object CMakeFiles/std_msgs__rosidl_typesupport_cpp.dir/rosidl_typesupport_cpp/std_msgs/msg/u_int8__type_support.cpp.o[0m
[5.565s] [ 37%] [32mBuilding CXX object CMakeFiles/std_msgs__rosidl_typesupport_c.dir/rosidl_typesupport_c/std_msgs/msg/float64_multi_array__type_support.cpp.o[0m
[5.576s] [ 37%] [32mBuilding CXX object CMakeFiles/std_msgs__rosidl_typesupport_introspection_cpp.dir/rosidl_typesupport_introspection_cpp/std_msgs/msg/detail/empty__type_support.cpp.o[0m
[5.593s] [ 38%] [32mBuilding CXX object CMakeFiles/std_msgs__rosidl_typesupport_c.dir/rosidl_typesupport_c/std_msgs/msg/header__type_support.cpp.o[0m
[5.612s] [ 38%] [32mBuilding CXX object CMakeFiles/std_msgs__rosidl_typesupport_c.dir/rosidl_typesupport_c/std_msgs/msg/int16__type_support.cpp.o[0m
[5.627s] [ 38%] [32mBuilding CXX object CMakeFiles/std_msgs__rosidl_typesupport_introspection_cpp.dir/rosidl_typesupport_introspection_cpp/std_msgs/msg/detail/float32__type_support.cpp.o[0m
[5.641s] [ 39%] [32mBuilding CXX object CMakeFiles/std_msgs__rosidl_typesupport_c.dir/rosidl_typesupport_c/std_msgs/msg/int16_multi_array__type_support.cpp.o[0m
[5.641s] [ 39%] [32mBuilding CXX object CMakeFiles/std_msgs__rosidl_typesupport_fastrtps_cpp.dir/rosidl_typesupport_fastrtps_cpp/std_msgs/msg/detail/dds_fastrtps/float64__type_support.cpp.o[0m
[5.654s] [ 39%] [32mBuilding CXX object CMakeFiles/std_msgs__rosidl_typesupport_c.dir/rosidl_typesupport_c/std_msgs/msg/int32__type_support.cpp.o[0m
[5.669s] [ 39%] [32mBuilding CXX object CMakeFiles/std_msgs__rosidl_typesupport_cpp.dir/rosidl_typesupport_cpp/std_msgs/msg/u_int8_multi_array__type_support.cpp.o[0m
[5.670s] [ 40%] [32mBuilding CXX object CMakeFiles/std_msgs__rosidl_typesupport_introspection_cpp.dir/rosidl_typesupport_introspection_cpp/std_msgs/msg/detail/float32_multi_array__type_support.cpp.o[0m
[5.683s] [ 40%] [32mBuilding CXX object CMakeFiles/std_msgs__rosidl_typesupport_c.dir/rosidl_typesupport_c/std_msgs/msg/int32_multi_array__type_support.cpp.o[0m
[5.714s] [ 41%] [32mBuilding CXX object CMakeFiles/std_msgs__rosidl_typesupport_c.dir/rosidl_typesupport_c/std_msgs/msg/int64__type_support.cpp.o[0m
[5.746s] [ 41%] [32mBuilding CXX object CMakeFiles/std_msgs__rosidl_typesupport_c.dir/rosidl_typesupport_c/std_msgs/msg/int64_multi_array__type_support.cpp.o[0m
[5.753s] [ 41%] [32mBuilding CXX object CMakeFiles/std_msgs__rosidl_typesupport_fastrtps_cpp.dir/rosidl_typesupport_fastrtps_cpp/std_msgs/msg/detail/dds_fastrtps/float64_multi_array__type_support.cpp.o[0m
[5.760s] [ 41%] [32mBuilding C object CMakeFiles/std_msgs__rosidl_typesupport_introspection_c.dir/rosidl_typesupport_introspection_c/std_msgs/msg/detail/bool__type_support.c.o[0m
[5.775s] [ 41%] [32mBuilding CXX object CMakeFiles/std_msgs__rosidl_typesupport_c.dir/rosidl_typesupport_c/std_msgs/msg/int8__type_support.cpp.o[0m
[5.786s] [ 42%] [32mBuilding CXX object CMakeFiles/std_msgs__rosidl_typesupport_fastrtps_cpp.dir/rosidl_typesupport_fastrtps_cpp/std_msgs/msg/detail/dds_fastrtps/header__type_support.cpp.o[0m
[5.793s] [ 43%] [32mBuilding C object CMakeFiles/std_msgs__rosidl_typesupport_introspection_c.dir/rosidl_typesupport_introspection_c/std_msgs/msg/detail/byte__type_support.c.o[0m
[5.801s] [ 44%] [32mBuilding CXX object CMakeFiles/std_msgs__rosidl_typesupport_c.dir/rosidl_typesupport_c/std_msgs/msg/int8_multi_array__type_support.cpp.o[0m
[5.804s] [ 44%] [32mBuilding CXX object CMakeFiles/std_msgs__rosidl_typesupport_fastrtps_cpp.dir/rosidl_typesupport_fastrtps_cpp/std_msgs/msg/detail/dds_fastrtps/int16__type_support.cpp.o[0m
[5.808s] [ 44%] [32mBuilding CXX object CMakeFiles/std_msgs__rosidl_typesupport_introspection_cpp.dir/rosidl_typesupport_introspection_cpp/std_msgs/msg/detail/float64__type_support.cpp.o[0m
[5.828s] [ 44%] [32mBuilding C object CMakeFiles/std_msgs__rosidl_typesupport_introspection_c.dir/rosidl_typesupport_introspection_c/std_msgs/msg/detail/byte_multi_array__type_support.c.o[0m
[5.830s] [ 44%] [32mBuilding CXX object CMakeFiles/std_msgs__rosidl_typesupport_c.dir/rosidl_typesupport_c/std_msgs/msg/multi_array_dimension__type_support.cpp.o[0m
[5.835s] [ 45%] [32mBuilding CXX object CMakeFiles/std_msgs__rosidl_typesupport_fastrtps_cpp.dir/rosidl_typesupport_fastrtps_cpp/std_msgs/msg/detail/dds_fastrtps/int16_multi_array__type_support.cpp.o[0m
[5.853s] [ 45%] [32mBuilding C object CMakeFiles/std_msgs__rosidl_typesupport_introspection_c.dir/rosidl_typesupport_introspection_c/std_msgs/msg/detail/char__type_support.c.o[0m
[5.855s] [ 45%] [32m[1mLinking CXX shared library libstd_msgs__rosidl_typesupport_cpp.so[0m
[5.859s] [ 46%] [32mBuilding CXX object CMakeFiles/std_msgs__rosidl_typesupport_c.dir/rosidl_typesupport_c/std_msgs/msg/multi_array_layout__type_support.cpp.o[0m
[5.865s] [ 47%] [32mBuilding CXX object CMakeFiles/std_msgs__rosidl_typesupport_introspection_cpp.dir/rosidl_typesupport_introspection_cpp/std_msgs/msg/detail/float64_multi_array__type_support.cpp.o[0m
[5.886s] [ 48%] [32mBuilding C object CMakeFiles/std_msgs__rosidl_typesupport_introspection_c.dir/rosidl_typesupport_introspection_c/std_msgs/msg/detail/color_rgba__type_support.c.o[0m
[5.887s] [ 48%] [32mBuilding CXX object CMakeFiles/std_msgs__rosidl_typesupport_c.dir/rosidl_typesupport_c/std_msgs/msg/string__type_support.cpp.o[0m
[5.897s] [ 48%] Built target std_msgs__rosidl_typesupport_cpp
[5.908s] [ 48%] [32mBuilding CXX object CMakeFiles/std_msgs__rosidl_typesupport_fastrtps_cpp.dir/rosidl_typesupport_fastrtps_cpp/std_msgs/msg/detail/dds_fastrtps/int32_multi_array__type_support.cpp.o[0m
[5.908s] [ 48%] [32mBuilding CXX object CMakeFiles/std_msgs__rosidl_typesupport_fastrtps_cpp.dir/rosidl_typesupport_fastrtps_cpp/std_msgs/msg/detail/dds_fastrtps/int32__type_support.cpp.o[0m
[5.917s] [ 48%] [32mBuilding CXX object CMakeFiles/std_msgs__rosidl_typesupport_c.dir/rosidl_typesupport_c/std_msgs/msg/u_int16__type_support.cpp.o[0m
[5.921s] [ 48%] [32mBuilding C object CMakeFiles/std_msgs__rosidl_typesupport_introspection_c.dir/rosidl_typesupport_introspection_c/std_msgs/msg/detail/empty__type_support.c.o[0m
[5.923s] [ 49%] [32mBuilding CXX object CMakeFiles/std_msgs__rosidl_typesupport_c.dir/rosidl_typesupport_c/std_msgs/msg/u_int16_multi_array__type_support.cpp.o[0m
[5.933s] [ 49%] [32mBuilding CXX object CMakeFiles/std_msgs__rosidl_typesupport_fastrtps_c.dir/rosidl_typesupport_fastrtps_c/std_msgs/msg/detail/bool__type_support_c.cpp.o[0m
[6.008s] [ 49%] [32mBuilding CXX object CMakeFiles/std_msgs__rosidl_typesupport_introspection_cpp.dir/rosidl_typesupport_introspection_cpp/std_msgs/msg/detail/header__type_support.cpp.o[0m
[6.008s] [ 49%] [32mBuilding C object CMakeFiles/std_msgs__rosidl_typesupport_introspection_c.dir/rosidl_typesupport_introspection_c/std_msgs/msg/detail/float32__type_support.c.o[0m
[6.008s] [ 49%] [32mBuilding CXX object CMakeFiles/std_msgs__rosidl_typesupport_c.dir/rosidl_typesupport_c/std_msgs/msg/u_int32__type_support.cpp.o[0m
[6.015s] [ 50%] [32mBuilding C object CMakeFiles/std_msgs__rosidl_typesupport_introspection_c.dir/rosidl_typesupport_introspection_c/std_msgs/msg/detail/float32_multi_array__type_support.c.o[0m
[6.038s] [ 50%] [32mBuilding CXX object CMakeFiles/std_msgs__rosidl_typesupport_c.dir/rosidl_typesupport_c/std_msgs/msg/u_int32_multi_array__type_support.cpp.o[0m
[6.040s] [ 50%] [32mBuilding C object CMakeFiles/std_msgs__rosidl_typesupport_introspection_c.dir/rosidl_typesupport_introspection_c/std_msgs/msg/detail/float64__type_support.c.o[0m
[6.040s] [ 50%] [32mBuilding CXX object CMakeFiles/std_msgs__rosidl_typesupport_fastrtps_c.dir/rosidl_typesupport_fastrtps_c/std_msgs/msg/detail/byte__type_support_c.cpp.o[0m
[6.057s] [ 50%] [32mBuilding CXX object CMakeFiles/std_msgs__rosidl_typesupport_introspection_cpp.dir/rosidl_typesupport_introspection_cpp/std_msgs/msg/detail/int16__type_support.cpp.o[0m
[6.069s] [ 51%] [32mBuilding CXX object CMakeFiles/std_msgs__rosidl_typesupport_c.dir/rosidl_typesupport_c/std_msgs/msg/u_int64__type_support.cpp.o[0m
[6.072s] [ 52%] [32mBuilding C object CMakeFiles/std_msgs__rosidl_typesupport_introspection_c.dir/rosidl_typesupport_introspection_c/std_msgs/msg/detail/float64_multi_array__type_support.c.o[0m
[6.073s] [ 53%] [32mBuilding CXX object CMakeFiles/std_msgs__rosidl_typesupport_fastrtps_c.dir/rosidl_typesupport_fastrtps_c/std_msgs/msg/detail/byte_multi_array__type_support_c.cpp.o[0m
[6.083s] [ 53%] [32mBuilding CXX object CMakeFiles/std_msgs__rosidl_typesupport_c.dir/rosidl_typesupport_c/std_msgs/msg/u_int64_multi_array__type_support.cpp.o[0m
[6.092s] [ 54%] [32mBuilding CXX object CMakeFiles/std_msgs__rosidl_typesupport_c.dir/rosidl_typesupport_c/std_msgs/msg/u_int8__type_support.cpp.o[0m
[6.099s] [ 55%] [32mBuilding CXX object CMakeFiles/std_msgs__rosidl_typesupport_introspection_cpp.dir/rosidl_typesupport_introspection_cpp/std_msgs/msg/detail/int16_multi_array__type_support.cpp.o[0m
[6.113s] [ 55%] [32mBuilding CXX object CMakeFiles/std_msgs__rosidl_typesupport_fastrtps_c.dir/rosidl_typesupport_fastrtps_c/std_msgs/msg/detail/char__type_support_c.cpp.o[0m
[6.114s] [ 55%] [32mBuilding C object CMakeFiles/std_msgs__rosidl_typesupport_introspection_c.dir/rosidl_typesupport_introspection_c/std_msgs/msg/detail/header__type_support.c.o[0m
[6.125s] [ 55%] [32mBuilding CXX object CMakeFiles/std_msgs__rosidl_typesupport_c.dir/rosidl_typesupport_c/std_msgs/msg/u_int8_multi_array__type_support.cpp.o[0m
[6.134s] [ 56%] [32mBuilding CXX object CMakeFiles/std_msgs__rosidl_typesupport_fastrtps_cpp.dir/rosidl_typesupport_fastrtps_cpp/std_msgs/msg/detail/dds_fastrtps/int64__type_support.cpp.o[0m
[6.150s] [ 57%] [32mBuilding C object CMakeFiles/std_msgs__rosidl_typesupport_introspection_c.dir/rosidl_typesupport_introspection_c/std_msgs/msg/detail/int16__type_support.c.o[0m
[6.150s] [ 57%] [32mBuilding CXX object CMakeFiles/std_msgs__rosidl_typesupport_fastrtps_c.dir/rosidl_typesupport_fastrtps_c/std_msgs/msg/detail/color_rgba__type_support_c.cpp.o[0m
[6.152s] [ 57%] [32m[1mLinking CXX shared library libstd_msgs__rosidl_typesupport_c.so[0m
[6.179s] [ 57%] [32mBuilding CXX object CMakeFiles/std_msgs__rosidl_typesupport_introspection_cpp.dir/rosidl_typesupport_introspection_cpp/std_msgs/msg/detail/int32__type_support.cpp.o[0m
[6.187s] [ 58%] [32mBuilding C object CMakeFiles/std_msgs__rosidl_typesupport_introspection_c.dir/rosidl_typesupport_introspection_c/std_msgs/msg/detail/int16_multi_array__type_support.c.o[0m
[6.197s] [ 58%] Built target std_msgs__rosidl_typesupport_c
[6.210s] [ 58%] [32mBuilding CXX object CMakeFiles/std_msgs__rosidl_typesupport_fastrtps_c.dir/rosidl_typesupport_fastrtps_c/std_msgs/msg/detail/empty__type_support_c.cpp.o[0m
[6.225s] [ 58%] [32mBuilding CXX object CMakeFiles/std_msgs__rosidl_typesupport_fastrtps_c.dir/rosidl_typesupport_fastrtps_c/std_msgs/msg/detail/float32__type_support_c.cpp.o[0m
[6.225s] [ 58%] [32mBuilding C object CMakeFiles/std_msgs__rosidl_typesupport_introspection_c.dir/rosidl_typesupport_introspection_c/std_msgs/msg/detail/int32__type_support.c.o[0m
[6.225s] [ 58%] [32mBuilding CXX object CMakeFiles/std_msgs__rosidl_typesupport_introspection_cpp.dir/rosidl_typesupport_introspection_cpp/std_msgs/msg/detail/int32_multi_array__type_support.cpp.o[0m
[6.313s] [ 60%] [32mBuilding C object CMakeFiles/std_msgs__rosidl_typesupport_introspection_c.dir/rosidl_typesupport_introspection_c/std_msgs/msg/detail/int32_multi_array__type_support.c.o[0m
[6.313s] [ 60%] [32mBuilding CXX object CMakeFiles/std_msgs__rosidl_typesupport_introspection_cpp.dir/rosidl_typesupport_introspection_cpp/std_msgs/msg/detail/int64__type_support.cpp.o[0m
[6.313s] [ 60%] [32mBuilding CXX object CMakeFiles/std_msgs__rosidl_typesupport_fastrtps_c.dir/rosidl_typesupport_fastrtps_c/std_msgs/msg/detail/float32_multi_array__type_support_c.cpp.o[0m
[6.313s] [ 60%] [32mBuilding CXX object CMakeFiles/std_msgs__rosidl_typesupport_fastrtps_cpp.dir/rosidl_typesupport_fastrtps_cpp/std_msgs/msg/detail/dds_fastrtps/int64_multi_array__type_support.cpp.o[0m
[6.334s] [ 61%] [32mBuilding C object CMakeFiles/std_msgs__rosidl_typesupport_introspection_c.dir/rosidl_typesupport_introspection_c/std_msgs/msg/detail/int64__type_support.c.o[0m
[6.349s] [ 61%] [32mBuilding CXX object CMakeFiles/std_msgs__rosidl_typesupport_fastrtps_cpp.dir/rosidl_typesupport_fastrtps_cpp/std_msgs/msg/detail/dds_fastrtps/int8__type_support.cpp.o[0m
[6.362s] [ 61%] [32mBuilding CXX object CMakeFiles/std_msgs__rosidl_typesupport_fastrtps_c.dir/rosidl_typesupport_fastrtps_c/std_msgs/msg/detail/float64__type_support_c.cpp.o[0m
[6.368s] [ 61%] [32mBuilding C object CMakeFiles/std_msgs__rosidl_typesupport_introspection_c.dir/rosidl_typesupport_introspection_c/std_msgs/msg/detail/int64_multi_array__type_support.c.o[0m
[6.387s] [ 62%] [32mBuilding CXX object CMakeFiles/std_msgs__rosidl_typesupport_introspection_cpp.dir/rosidl_typesupport_introspection_cpp/std_msgs/msg/detail/int64_multi_array__type_support.cpp.o[0m
[6.387s] [ 62%] [32mBuilding CXX object CMakeFiles/std_msgs__rosidl_typesupport_introspection_cpp.dir/rosidl_typesupport_introspection_cpp/std_msgs/msg/detail/int8__type_support.cpp.o[0m
[6.411s] [ 63%] [32mBuilding C object CMakeFiles/std_msgs__rosidl_typesupport_introspection_c.dir/rosidl_typesupport_introspection_c/std_msgs/msg/detail/int8_multi_array__type_support.c.o[0m
[6.411s] [ 63%] [32mBuilding C object CMakeFiles/std_msgs__rosidl_typesupport_introspection_c.dir/rosidl_typesupport_introspection_c/std_msgs/msg/detail/int8__type_support.c.o[0m
[6.421s] [ 64%] [32mBuilding CXX object CMakeFiles/std_msgs__rosidl_typesupport_fastrtps_cpp.dir/rosidl_typesupport_fastrtps_cpp/std_msgs/msg/detail/dds_fastrtps/int8_multi_array__type_support.cpp.o[0m
[6.446s] [ 64%] [32mBuilding CXX object CMakeFiles/std_msgs__rosidl_typesupport_fastrtps_cpp.dir/rosidl_typesupport_fastrtps_cpp/std_msgs/msg/detail/dds_fastrtps/multi_array_dimension__type_support.cpp.o[0m
[6.459s] [ 64%] [32mBuilding C object CMakeFiles/std_msgs__rosidl_typesupport_introspection_c.dir/rosidl_typesupport_introspection_c/std_msgs/msg/detail/multi_array_dimension__type_support.c.o[0m
[6.461s] [ 65%] [32mBuilding C object CMakeFiles/std_msgs__rosidl_typesupport_introspection_c.dir/rosidl_typesupport_introspection_c/std_msgs/msg/detail/multi_array_layout__type_support.c.o[0m
[6.484s] [ 66%] [32mBuilding CXX object CMakeFiles/std_msgs__rosidl_typesupport_fastrtps_cpp.dir/rosidl_typesupport_fastrtps_cpp/std_msgs/msg/detail/dds_fastrtps/multi_array_layout__type_support.cpp.o[0m
[6.492s] [ 66%] [32mBuilding CXX object CMakeFiles/std_msgs__rosidl_typesupport_fastrtps_c.dir/rosidl_typesupport_fastrtps_c/std_msgs/msg/detail/float64_multi_array__type_support_c.cpp.o[0m
[6.504s] [ 66%] [32mBuilding C object CMakeFiles/std_msgs__rosidl_typesupport_introspection_c.dir/rosidl_typesupport_introspection_c/std_msgs/msg/detail/string__type_support.c.o[0m
[6.523s] [ 67%] [32mBuilding C object CMakeFiles/std_msgs__rosidl_typesupport_introspection_c.dir/rosidl_typesupport_introspection_c/std_msgs/msg/detail/u_int16__type_support.c.o[0m
[6.541s] [ 67%] [32mBuilding CXX object CMakeFiles/std_msgs__rosidl_typesupport_fastrtps_cpp.dir/rosidl_typesupport_fastrtps_cpp/std_msgs/msg/detail/dds_fastrtps/string__type_support.cpp.o[0m
[6.561s] [ 67%] [32mBuilding C object CMakeFiles/std_msgs__rosidl_typesupport_introspection_c.dir/rosidl_typesupport_introspection_c/std_msgs/msg/detail/u_int16_multi_array__type_support.c.o[0m
[6.561s] [ 67%] [32mBuilding CXX object CMakeFiles/std_msgs__rosidl_typesupport_introspection_cpp.dir/rosidl_typesupport_introspection_cpp/std_msgs/msg/detail/int8_multi_array__type_support.cpp.o[0m
[6.590s] [ 67%] [32mBuilding CXX object CMakeFiles/std_msgs__rosidl_typesupport_fastrtps_cpp.dir/rosidl_typesupport_fastrtps_cpp/std_msgs/msg/detail/dds_fastrtps/u_int16__type_support.cpp.o[0m
[6.591s] [ 68%] [32mBuilding CXX object CMakeFiles/std_msgs__rosidl_typesupport_fastrtps_cpp.dir/rosidl_typesupport_fastrtps_cpp/std_msgs/msg/detail/dds_fastrtps/u_int16_multi_array__type_support.cpp.o[0m
[6.599s] [ 68%] [32mBuilding C object CMakeFiles/std_msgs__rosidl_typesupport_introspection_c.dir/rosidl_typesupport_introspection_c/std_msgs/msg/detail/u_int32__type_support.c.o[0m
[6.686s] [ 70%] [32mBuilding CXX object CMakeFiles/std_msgs__rosidl_typesupport_fastrtps_c.dir/rosidl_typesupport_fastrtps_c/std_msgs/msg/detail/header__type_support_c.cpp.o[0m
[6.686s] [ 70%] [32mBuilding CXX object CMakeFiles/std_msgs__rosidl_typesupport_fastrtps_cpp.dir/rosidl_typesupport_fastrtps_cpp/std_msgs/msg/detail/dds_fastrtps/u_int32__type_support.cpp.o[0m
[6.686s] [ 70%] [32mBuilding CXX object CMakeFiles/std_msgs__rosidl_typesupport_introspection_cpp.dir/rosidl_typesupport_introspection_cpp/std_msgs/msg/detail/multi_array_dimension__type_support.cpp.o[0m
[6.687s] [ 70%] [32mBuilding C object CMakeFiles/std_msgs__rosidl_typesupport_introspection_c.dir/rosidl_typesupport_introspection_c/std_msgs/msg/detail/u_int32_multi_array__type_support.c.o[0m
[6.709s] [ 71%] [32mBuilding CXX object CMakeFiles/std_msgs__rosidl_typesupport_introspection_cpp.dir/rosidl_typesupport_introspection_cpp/std_msgs/msg/detail/multi_array_layout__type_support.cpp.o[0m
[6.732s] [ 71%] [32mBuilding C object CMakeFiles/std_msgs__rosidl_typesupport_introspection_c.dir/rosidl_typesupport_introspection_c/std_msgs/msg/detail/u_int64__type_support.c.o[0m
[6.734s] [ 71%] [32mBuilding CXX object CMakeFiles/std_msgs__rosidl_typesupport_fastrtps_c.dir/rosidl_typesupport_fastrtps_c/std_msgs/msg/detail/int16__type_support_c.cpp.o[0m
[6.739s] [ 72%] [32mBuilding CXX object CMakeFiles/std_msgs__rosidl_typesupport_fastrtps_c.dir/rosidl_typesupport_fastrtps_c/std_msgs/msg/detail/int16_multi_array__type_support_c.cpp.o[0m
[6.767s] [ 72%] [32mBuilding C object CMakeFiles/std_msgs__rosidl_typesupport_introspection_c.dir/rosidl_typesupport_introspection_c/std_msgs/msg/detail/u_int64_multi_array__type_support.c.o[0m
[6.809s] [ 73%] [32mBuilding CXX object CMakeFiles/std_msgs__rosidl_typesupport_fastrtps_c.dir/rosidl_typesupport_fastrtps_c/std_msgs/msg/detail/int32__type_support_c.cpp.o[0m
[6.809s] [ 73%] [32mBuilding CXX object CMakeFiles/std_msgs__rosidl_typesupport_fastrtps_cpp.dir/rosidl_typesupport_fastrtps_cpp/std_msgs/msg/detail/dds_fastrtps/u_int32_multi_array__type_support.cpp.o[0m
[6.809s] [ 74%] [32mBuilding C object CMakeFiles/std_msgs__rosidl_typesupport_introspection_c.dir/rosidl_typesupport_introspection_c/std_msgs/msg/detail/u_int8__type_support.c.o[0m
[6.821s] [ 74%] [32mBuilding CXX object CMakeFiles/std_msgs__rosidl_typesupport_introspection_cpp.dir/rosidl_typesupport_introspection_cpp/std_msgs/msg/detail/string__type_support.cpp.o[0m
[6.834s] [ 74%] [32mBuilding CXX object CMakeFiles/std_msgs__rosidl_typesupport_fastrtps_c.dir/rosidl_typesupport_fastrtps_c/std_msgs/msg/detail/int32_multi_array__type_support_c.cpp.o[0m
[6.842s] [ 74%] [32mBuilding C object CMakeFiles/std_msgs__rosidl_typesupport_introspection_c.dir/rosidl_typesupport_introspection_c/std_msgs/msg/detail/u_int8_multi_array__type_support.c.o[0m
[6.879s] [ 74%] [32mBuilding CXX object CMakeFiles/std_msgs__rosidl_typesupport_introspection_cpp.dir/rosidl_typesupport_introspection_cpp/std_msgs/msg/detail/u_int16__type_support.cpp.o[0m
[6.884s] [ 75%] [32m[1mLinking C shared library libstd_msgs__rosidl_typesupport_introspection_c.so[0m
[6.907s] [ 76%] [32mBuilding CXX object CMakeFiles/std_msgs__rosidl_typesupport_fastrtps_c.dir/rosidl_typesupport_fastrtps_c/std_msgs/msg/detail/int64__type_support_c.cpp.o[0m
[6.920s] [ 76%] Built target std_msgs__rosidl_typesupport_introspection_c
[6.933s] [ 76%] [32mBuilding CXX object CMakeFiles/std_msgs__rosidl_typesupport_fastrtps_cpp.dir/rosidl_typesupport_fastrtps_cpp/std_msgs/msg/detail/dds_fastrtps/u_int64__type_support.cpp.o[0m
[6.955s] [ 77%] [32mBuilding CXX object CMakeFiles/std_msgs__rosidl_typesupport_introspection_cpp.dir/rosidl_typesupport_introspection_cpp/std_msgs/msg/detail/u_int16_multi_array__type_support.cpp.o[0m
[6.966s] [ 77%] [32mBuilding CXX object CMakeFiles/std_msgs__rosidl_typesupport_introspection_cpp.dir/rosidl_typesupport_introspection_cpp/std_msgs/msg/detail/u_int32__type_support.cpp.o[0m
[6.967s] [ 78%] [32mBuilding CXX object CMakeFiles/std_msgs__rosidl_typesupport_introspection_cpp.dir/rosidl_typesupport_introspection_cpp/std_msgs/msg/detail/u_int32_multi_array__type_support.cpp.o[0m
[6.979s] [ 78%] [32mBuilding CXX object CMakeFiles/std_msgs__rosidl_typesupport_fastrtps_c.dir/rosidl_typesupport_fastrtps_c/std_msgs/msg/detail/int64_multi_array__type_support_c.cpp.o[0m
[6.987s] [ 78%] [32mBuilding CXX object CMakeFiles/std_msgs__rosidl_typesupport_introspection_cpp.dir/rosidl_typesupport_introspection_cpp/std_msgs/msg/detail/u_int64__type_support.cpp.o[0m
[7.069s] [ 79%] [32mBuilding CXX object CMakeFiles/std_msgs__rosidl_typesupport_fastrtps_cpp.dir/rosidl_typesupport_fastrtps_cpp/std_msgs/msg/detail/dds_fastrtps/u_int64_multi_array__type_support.cpp.o[0m
[7.069s] [ 79%] [32mBuilding CXX object CMakeFiles/std_msgs__rosidl_typesupport_fastrtps_c.dir/rosidl_typesupport_fastrtps_c/std_msgs/msg/detail/int8__type_support_c.cpp.o[0m
[7.087s] [ 79%] [32mBuilding CXX object CMakeFiles/std_msgs__rosidl_typesupport_fastrtps_c.dir/rosidl_typesupport_fastrtps_c/std_msgs/msg/detail/int8_multi_array__type_support_c.cpp.o[0m
[7.087s] [ 79%] [32mBuilding CXX object CMakeFiles/std_msgs__rosidl_typesupport_introspection_cpp.dir/rosidl_typesupport_introspection_cpp/std_msgs/msg/detail/u_int64_multi_array__type_support.cpp.o[0m
[7.129s] [ 80%] [32mBuilding CXX object CMakeFiles/std_msgs__rosidl_typesupport_introspection_cpp.dir/rosidl_typesupport_introspection_cpp/std_msgs/msg/detail/u_int8__type_support.cpp.o[0m
[7.152s] [ 81%] [32mBuilding CXX object CMakeFiles/std_msgs__rosidl_typesupport_fastrtps_cpp.dir/rosidl_typesupport_fastrtps_cpp/std_msgs/msg/detail/dds_fastrtps/u_int8__type_support.cpp.o[0m
[7.168s] [ 81%] [32mBuilding CXX object CMakeFiles/std_msgs__rosidl_typesupport_fastrtps_c.dir/rosidl_typesupport_fastrtps_c/std_msgs/msg/detail/multi_array_dimension__type_support_c.cpp.o[0m
[7.186s] [ 81%] [32mBuilding CXX object CMakeFiles/std_msgs__rosidl_typesupport_fastrtps_cpp.dir/rosidl_typesupport_fastrtps_cpp/std_msgs/msg/detail/dds_fastrtps/u_int8_multi_array__type_support.cpp.o[0m
[7.206s] [ 82%] [32mBuilding CXX object CMakeFiles/std_msgs__rosidl_typesupport_introspection_cpp.dir/rosidl_typesupport_introspection_cpp/std_msgs/msg/detail/u_int8_multi_array__type_support.cpp.o[0m
[7.206s] [ 82%] [32mBuilding CXX object CMakeFiles/std_msgs__rosidl_typesupport_fastrtps_c.dir/rosidl_typesupport_fastrtps_c/std_msgs/msg/detail/multi_array_layout__type_support_c.cpp.o[0m
[7.206s] [ 82%] [32mBuilding CXX object CMakeFiles/std_msgs__rosidl_typesupport_fastrtps_c.dir/rosidl_typesupport_fastrtps_c/std_msgs/msg/detail/u_int16__type_support_c.cpp.o[0m
[7.206s] [ 82%] [32mBuilding CXX object CMakeFiles/std_msgs__rosidl_typesupport_fastrtps_c.dir/rosidl_typesupport_fastrtps_c/std_msgs/msg/detail/string__type_support_c.cpp.o[0m
[7.306s] [ 83%] [32mBuilding CXX object CMakeFiles/std_msgs__rosidl_typesupport_fastrtps_c.dir/rosidl_typesupport_fastrtps_c/std_msgs/msg/detail/u_int16_multi_array__type_support_c.cpp.o[0m
[7.336s] [ 83%] [32mBuilding CXX object CMakeFiles/std_msgs__rosidl_typesupport_fastrtps_c.dir/rosidl_typesupport_fastrtps_c/std_msgs/msg/detail/u_int32__type_support_c.cpp.o[0m
[7.337s] [ 84%] [32mBuilding CXX object CMakeFiles/std_msgs__rosidl_typesupport_fastrtps_c.dir/rosidl_typesupport_fastrtps_c/std_msgs/msg/detail/u_int32_multi_array__type_support_c.cpp.o[0m
[7.339s] [ 84%] [32mBuilding CXX object CMakeFiles/std_msgs__rosidl_typesupport_fastrtps_c.dir/rosidl_typesupport_fastrtps_c/std_msgs/msg/detail/u_int64__type_support_c.cpp.o[0m
[7.393s] [ 84%] [32mBuilding CXX object CMakeFiles/std_msgs__rosidl_typesupport_fastrtps_c.dir/rosidl_typesupport_fastrtps_c/std_msgs/msg/detail/u_int64_multi_array__type_support_c.cpp.o[0m
[7.474s] [ 86%] [32mBuilding CXX object CMakeFiles/std_msgs__rosidl_typesupport_fastrtps_c.dir/rosidl_typesupport_fastrtps_c/std_msgs/msg/detail/u_int8__type_support_c.cpp.o[0m
[7.474s] [ 86%] [32mBuilding CXX object CMakeFiles/std_msgs__rosidl_typesupport_fastrtps_c.dir/rosidl_typesupport_fastrtps_c/std_msgs/msg/detail/u_int8_multi_array__type_support_c.cpp.o[0m
[7.474s] [ 86%] [32m[1mLinking CXX shared library libstd_msgs__rosidl_typesupport_introspection_cpp.so[0m
[7.494s] [ 86%] [32m[1mLinking CXX shared library libstd_msgs__rosidl_typesupport_fastrtps_cpp.so[0m
[7.533s] [ 86%] Built target std_msgs__rosidl_typesupport_introspection_cpp
[7.553s] [ 86%] Built target std_msgs__rosidl_typesupport_fastrtps_cpp
[7.640s] [ 86%] [32m[1mLinking CXX shared library libstd_msgs__rosidl_typesupport_fastrtps_c.so[0m
[7.677s] [ 86%] Built target std_msgs__rosidl_typesupport_fastrtps_c
[7.690s] [ 86%] Built target std_msgs
[7.702s] [ 86%] [34m[1mGenerating Python code for ROS interfaces[0m
[8.921s] [ 86%] Built target std_msgs__py
[8.937s] [ 87%] [32mBuilding C object CMakeFiles/std_msgs__rosidl_generator_py.dir/rosidl_generator_py/std_msgs/msg/_bool_s.c.o[0m
[8.937s] [ 88%] [32mBuilding C object CMakeFiles/std_msgs__rosidl_generator_py.dir/rosidl_generator_py/std_msgs/msg/_byte_s.c.o[0m
[8.937s] [ 88%] [32mBuilding C object CMakeFiles/std_msgs__rosidl_generator_py.dir/rosidl_generator_py/std_msgs/msg/_byte_multi_array_s.c.o[0m
[8.937s] [ 88%] [32mBuilding C object CMakeFiles/std_msgs__rosidl_generator_py.dir/rosidl_generator_py/std_msgs/msg/_color_rgba_s.c.o[0m
[8.937s] [ 88%] [32mBuilding C object CMakeFiles/std_msgs__rosidl_generator_py.dir/rosidl_generator_py/std_msgs/msg/_char_s.c.o[0m
[8.937s] [ 88%] [32mBuilding C object CMakeFiles/std_msgs__rosidl_generator_py.dir/rosidl_generator_py/std_msgs/msg/_float32_s.c.o[0m
[8.937s] [ 89%] [32mBuilding C object CMakeFiles/std_msgs__rosidl_generator_py.dir/rosidl_generator_py/std_msgs/msg/_empty_s.c.o[0m
[8.937s] [ 89%] [32mBuilding C object CMakeFiles/std_msgs__rosidl_generator_py.dir/rosidl_generator_py/std_msgs/msg/_float32_multi_array_s.c.o[0m
[8.937s] [ 90%] [32mBuilding C object CMakeFiles/std_msgs__rosidl_generator_py.dir/rosidl_generator_py/std_msgs/msg/_float64_s.c.o[0m
[8.937s] [ 90%] [32mBuilding C object CMakeFiles/std_msgs__rosidl_generator_py.dir/rosidl_generator_py/std_msgs/msg/_float64_multi_array_s.c.o[0m
[8.937s] [ 91%] [32mBuilding C object CMakeFiles/std_msgs__rosidl_generator_py.dir/rosidl_generator_py/std_msgs/msg/_header_s.c.o[0m
[8.937s] [ 91%] [32mBuilding C object CMakeFiles/std_msgs__rosidl_generator_py.dir/rosidl_generator_py/std_msgs/msg/_int16_s.c.o[0m
[9.025s] [ 92%] [32mBuilding C object CMakeFiles/std_msgs__rosidl_generator_py.dir/rosidl_generator_py/std_msgs/msg/_int8_s.c.o[0m
[9.025s] [ 92%] [32mBuilding C object CMakeFiles/std_msgs__rosidl_generator_py.dir/rosidl_generator_py/std_msgs/msg/_int32_multi_array_s.c.o[0m
[9.025s] [ 92%] [32mBuilding C object CMakeFiles/std_msgs__rosidl_generator_py.dir/rosidl_generator_py/std_msgs/msg/_int64_s.c.o[0m
[9.025s] [ 92%] [32mBuilding C object CMakeFiles/std_msgs__rosidl_generator_py.dir/rosidl_generator_py/std_msgs/msg/_int16_multi_array_s.c.o[0m
[9.025s] [ 93%] [32mBuilding C object CMakeFiles/std_msgs__rosidl_generator_py.dir/rosidl_generator_py/std_msgs/msg/_int32_s.c.o[0m
[9.025s] [ 93%] [32mBuilding C object CMakeFiles/std_msgs__rosidl_generator_py.dir/rosidl_generator_py/std_msgs/msg/_int64_multi_array_s.c.o[0m
[9.026s] [ 93%] [32mBuilding C object CMakeFiles/std_msgs__rosidl_generator_py.dir/rosidl_generator_py/std_msgs/msg/_multi_array_dimension_s.c.o[0m
[9.027s] [ 93%] [32mBuilding C object CMakeFiles/std_msgs__rosidl_generator_py.dir/rosidl_generator_py/std_msgs/msg/_multi_array_layout_s.c.o[0m
[9.027s] [ 94%] [32mBuilding C object CMakeFiles/std_msgs__rosidl_generator_py.dir/rosidl_generator_py/std_msgs/msg/_int8_multi_array_s.c.o[0m
[9.045s] [ 95%] [32mBuilding C object CMakeFiles/std_msgs__rosidl_generator_py.dir/rosidl_generator_py/std_msgs/msg/_string_s.c.o[0m
[9.050s] [ 96%] [32mBuilding C object CMakeFiles/std_msgs__rosidl_generator_py.dir/rosidl_generator_py/std_msgs/msg/_u_int16_s.c.o[0m
[9.050s] [ 96%] [32mBuilding C object CMakeFiles/std_msgs__rosidl_generator_py.dir/rosidl_generator_py/std_msgs/msg/_u_int16_multi_array_s.c.o[0m
[9.116s] [ 96%] [32mBuilding C object CMakeFiles/std_msgs__rosidl_generator_py.dir/rosidl_generator_py/std_msgs/msg/_u_int32_multi_array_s.c.o[0m
[9.116s] [ 97%] [32mBuilding C object CMakeFiles/std_msgs__rosidl_generator_py.dir/rosidl_generator_py/std_msgs/msg/_u_int32_s.c.o[0m
[9.116s] [ 97%] [32mBuilding C object CMakeFiles/std_msgs__rosidl_generator_py.dir/rosidl_generator_py/std_msgs/msg/_u_int64_s.c.o[0m
[9.124s] [ 97%] [32mBuilding C object CMakeFiles/std_msgs__rosidl_generator_py.dir/rosidl_generator_py/std_msgs/msg/_u_int64_multi_array_s.c.o[0m
[9.130s] [ 97%] [32mBuilding C object CMakeFiles/std_msgs__rosidl_generator_py.dir/rosidl_generator_py/std_msgs/msg/_u_int8_s.c.o[0m
[9.138s] [ 98%] [32mBuilding C object CMakeFiles/std_msgs__rosidl_generator_py.dir/rosidl_generator_py/std_msgs/msg/_u_int8_multi_array_s.c.o[0m
[9.242s] [ 98%] [32m[1mLinking C shared library rosidl_generator_py/std_msgs/libstd_msgs__rosidl_generator_py.so[0m
[9.265s] [ 98%] Built target std_msgs__rosidl_generator_py
[9.278s] [ 98%] [32mBuilding C object CMakeFiles/std_msgs__rosidl_typesupport_introspection_c__pyext.dir/rosidl_generator_py/std_msgs/_std_msgs_s.ep.rosidl_typesupport_introspection_c.c.o[0m
[9.278s] [ 99%] [32mBuilding C object CMakeFiles/std_msgs__rosidl_typesupport_fastrtps_c__pyext.dir/rosidl_generator_py/std_msgs/_std_msgs_s.ep.rosidl_typesupport_fastrtps_c.c.o[0m
[9.278s] [100%] [32mBuilding C object CMakeFiles/std_msgs__rosidl_typesupport_c__pyext.dir/rosidl_generator_py/std_msgs/_std_msgs_s.ep.rosidl_typesupport_c.c.o[0m
[9.476s] [100%] [32m[1mLinking C shared library rosidl_generator_py/std_msgs/std_msgs_s__rosidl_typesupport_introspection_c.cpython-312-x86_64-linux-gnu.so[0m
[9.476s] [100%] [32m[1mLinking C shared library rosidl_generator_py/std_msgs/std_msgs_s__rosidl_typesupport_fastrtps_c.cpython-312-x86_64-linux-gnu.so[0m
[9.476s] [100%] [32m[1mLinking C shared library rosidl_generator_py/std_msgs/std_msgs_s__rosidl_typesupport_c.cpython-312-x86_64-linux-gnu.so[0m
[9.497s] [100%] Built target std_msgs__rosidl_typesupport_introspection_c__pyext
[9.497s] [100%] Built target std_msgs__rosidl_typesupport_fastrtps_c__pyext
[9.497s] [100%] Built target std_msgs__rosidl_typesupport_c__pyext
[9.504s] Invoked command in '/home/jiil/ur_ws/build/std_msgs' returned '0': CMAKE_PREFIX_PATH=${CMAKE_PREFIX_PATH}:/home/jiil/ros2_humble/install/rqt_bag_plugins:/home/jiil/ros2_humble/install/rqt_bag:/home/jiil/ros2_humble/install/launch_testing_examples:/home/jiil/ros2_humble/install/ros2bag:/home/jiil/ros2_humble/install/tracetools_test:/home/jiil/ros2_humble/install/tracetools_launch:/home/jiil/ros2_humble/install/topic_monitor:/home/jiil/ros2_humble/install/tf2_tools:/home/jiil/ros2_humble/install/examples_tf2_py:/home/jiil/ros2_humble/install/tf2_ros_py:/home/jiil/ros2_humble/install/sros2:/home/jiil/ros2_humble/install/rqt_topic:/home/jiil/ros2_humble/install/rqt_srv:/home/jiil/ros2_humble/install/rqt_shell:/home/jiil/ros2_humble/install/rqt_service_caller:/home/jiil/ros2_humble/install/rqt_reconfigure:/home/jiil/ros2_humble/install/rqt_py_console:/home/jiil/ros2_humble/install/rqt_publisher:/home/jiil/ros2_humble/install/rqt_plot:/home/jiil/ros2_humble/install/rqt_action:/home/jiil/ros2_humble/install/rqt_msg:/home/jiil/ros2_humble/install/rqt_console:/home/jiil/ros2_humble/install/rqt:/home/jiil/ros2_humble/install/rqt_graph:/home/jiil/ros2_humble/install/rqt_gui_py:/home/jiil/ros2_humble/install/rqt_gui:/home/jiil/ros2_humble/install/ros2trace:/home/jiil/ros2_humble/install/ros2topic:/home/jiil/ros2_humble/install/ros2test:/home/jiil/ros2_humble/install/ros2component:/home/jiil/ros2_humble/install/ros2param:/home/jiil/ros2_humble/install/ros2lifecycle:/home/jiil/ros2_humble/install/ros2service:/home/jiil/ros2_humble/install/ros2run:/home/jiil/ros2_humble/install/ros2plugin:/home/jiil/ros2_humble/install/ros2launch:/home/jiil/ros2_humble/install/ros2pkg:/home/jiil/ros2_humble/install/ros2node:/home/jiil/ros2_humble/install/ros2multicast:/home/jiil/ros2_humble/install/ros2interface:/home/jiil/ros2_humble/install/ros2doctor:/home/jiil/ros2_humble/install/ros2action:/home/jiil/ros2_humble/install/ros2cli:/home/jiil/ros2_humble/install/quality_of_service_demo_py:/home/jiil/ros2_humble/install/lifecycle_py:/home/jiil/ros2_humble/install/launch_testing_ros:/home/jiil/ros2_humble/install/launch_ros:/home/jiil/ros2_humble/install/examples_rclpy_pointcloud_publisher:/home/jiil/ros2_humble/install/examples_rclpy_minimal_subscriber:/home/jiil/ros2_humble/install/examples_rclpy_minimal_service:/home/jiil/ros2_humble/install/examples_rclpy_minimal_publisher:/home/jiil/ros2_humble/install/examples_rclpy_minimal_client:/home/jiil/ros2_humble/install/examples_rclpy_minimal_action_server:/home/jiil/ros2_humble/install/examples_rclpy_minimal_action_client:/home/jiil/ros2_humble/install/examples_rclpy_guard_conditions:/home/jiil/ros2_humble/install/examples_rclpy_executors:/home/jiil/ros2_humble/install/demo_nodes_py:/home/jiil/ros2_humble/install/camera_info_manager_py:/home/jiil/ros2_humble/install/action_tutorials_py:/home/jiil/ros2_humble/install/ament_uncrustify:/home/jiil/ros2_humble/install/tracetools_trace:/home/jiil/ros2_humble/install/tracetools_read:/home/jiil/ros2_humble/install/test_tracetools_launch:/home/jiil/ros2_humble/install/test_launch_ros:/home/jiil/ros2_humble/install/sensor_msgs_py:/home/jiil/ros2_humble/install/rpyutils:/home/jiil/ros2_humble/install/rosidl_runtime_py:/home/jiil/ros2_humble/install/rosidl_cli:/home/jiil/ros2_humble/install/launch_pytest:/home/jiil/ros2_humble/install/launch_testing:/home/jiil/ros2_humble/install/launch_yaml:/home/jiil/ros2_humble/install/launch_xml:/home/jiil/ros2_humble/install/launch:/home/jiil/ros2_humble/install/osrf_pycommon:/home/jiil/ros2_humble/install/domain_coordinator:/home/jiil/ros2_humble/install/ament_xmllint:/home/jiil/ros2_humble/install/ament_pyflakes:/home/jiil/ros2_humble/install/ament_pycodestyle:/home/jiil/ros2_humble/install/ament_pep257:/home/jiil/ros2_humble/install/ament_pclint:/home/jiil/ros2_humble/install/ament_package:/home/jiil/ros2_humble/install/ament_mypy:/home/jiil/ros2_humble/install/ament_lint_cmake:/home/jiil/ros2_humble/install/ament_flake8:/home/jiil/ros2_humble/install/ament_copyright:/home/jiil/ros2_humble/install/ament_lint:/home/jiil/ros2_humble/install/ament_index_python:/home/jiil/ros2_humble/install/ament_cpplint:/home/jiil/ros2_humble/install/ament_cppcheck:/home/jiil/ros2_humble/install/ament_clang_tidy:/home/jiil/ros2_humble/install/ament_clang_format DEBUGINFOD_URLS=https://debuginfod.ubuntu.com /usr/bin/cmake --build /home/jiil/ur_ws/build/std_msgs -- -j12 -l12
[9.505s] Invoking command in '/home/jiil/ur_ws/build/std_msgs': CMAKE_PREFIX_PATH=${CMAKE_PREFIX_PATH}:/home/jiil/ros2_humble/install/rqt_bag_plugins:/home/jiil/ros2_humble/install/rqt_bag:/home/jiil/ros2_humble/install/launch_testing_examples:/home/jiil/ros2_humble/install/ros2bag:/home/jiil/ros2_humble/install/tracetools_test:/home/jiil/ros2_humble/install/tracetools_launch:/home/jiil/ros2_humble/install/topic_monitor:/home/jiil/ros2_humble/install/tf2_tools:/home/jiil/ros2_humble/install/examples_tf2_py:/home/jiil/ros2_humble/install/tf2_ros_py:/home/jiil/ros2_humble/install/sros2:/home/jiil/ros2_humble/install/rqt_topic:/home/jiil/ros2_humble/install/rqt_srv:/home/jiil/ros2_humble/install/rqt_shell:/home/jiil/ros2_humble/install/rqt_service_caller:/home/jiil/ros2_humble/install/rqt_reconfigure:/home/jiil/ros2_humble/install/rqt_py_console:/home/jiil/ros2_humble/install/rqt_publisher:/home/jiil/ros2_humble/install/rqt_plot:/home/jiil/ros2_humble/install/rqt_action:/home/jiil/ros2_humble/install/rqt_msg:/home/jiil/ros2_humble/install/rqt_console:/home/jiil/ros2_humble/install/rqt:/home/jiil/ros2_humble/install/rqt_graph:/home/jiil/ros2_humble/install/rqt_gui_py:/home/jiil/ros2_humble/install/rqt_gui:/home/jiil/ros2_humble/install/ros2trace:/home/jiil/ros2_humble/install/ros2topic:/home/jiil/ros2_humble/install/ros2test:/home/jiil/ros2_humble/install/ros2component:/home/jiil/ros2_humble/install/ros2param:/home/jiil/ros2_humble/install/ros2lifecycle:/home/jiil/ros2_humble/install/ros2service:/home/jiil/ros2_humble/install/ros2run:/home/jiil/ros2_humble/install/ros2plugin:/home/jiil/ros2_humble/install/ros2launch:/home/jiil/ros2_humble/install/ros2pkg:/home/jiil/ros2_humble/install/ros2node:/home/jiil/ros2_humble/install/ros2multicast:/home/jiil/ros2_humble/install/ros2interface:/home/jiil/ros2_humble/install/ros2doctor:/home/jiil/ros2_humble/install/ros2action:/home/jiil/ros2_humble/install/ros2cli:/home/jiil/ros2_humble/install/quality_of_service_demo_py:/home/jiil/ros2_humble/install/lifecycle_py:/home/jiil/ros2_humble/install/launch_testing_ros:/home/jiil/ros2_humble/install/launch_ros:/home/jiil/ros2_humble/install/examples_rclpy_pointcloud_publisher:/home/jiil/ros2_humble/install/examples_rclpy_minimal_subscriber:/home/jiil/ros2_humble/install/examples_rclpy_minimal_service:/home/jiil/ros2_humble/install/examples_rclpy_minimal_publisher:/home/jiil/ros2_humble/install/examples_rclpy_minimal_client:/home/jiil/ros2_humble/install/examples_rclpy_minimal_action_server:/home/jiil/ros2_humble/install/examples_rclpy_minimal_action_client:/home/jiil/ros2_humble/install/examples_rclpy_guard_conditions:/home/jiil/ros2_humble/install/examples_rclpy_executors:/home/jiil/ros2_humble/install/demo_nodes_py:/home/jiil/ros2_humble/install/camera_info_manager_py:/home/jiil/ros2_humble/install/action_tutorials_py:/home/jiil/ros2_humble/install/ament_uncrustify:/home/jiil/ros2_humble/install/tracetools_trace:/home/jiil/ros2_humble/install/tracetools_read:/home/jiil/ros2_humble/install/test_tracetools_launch:/home/jiil/ros2_humble/install/test_launch_ros:/home/jiil/ros2_humble/install/sensor_msgs_py:/home/jiil/ros2_humble/install/rpyutils:/home/jiil/ros2_humble/install/rosidl_runtime_py:/home/jiil/ros2_humble/install/rosidl_cli:/home/jiil/ros2_humble/install/launch_pytest:/home/jiil/ros2_humble/install/launch_testing:/home/jiil/ros2_humble/install/launch_yaml:/home/jiil/ros2_humble/install/launch_xml:/home/jiil/ros2_humble/install/launch:/home/jiil/ros2_humble/install/osrf_pycommon:/home/jiil/ros2_humble/install/domain_coordinator:/home/jiil/ros2_humble/install/ament_xmllint:/home/jiil/ros2_humble/install/ament_pyflakes:/home/jiil/ros2_humble/install/ament_pycodestyle:/home/jiil/ros2_humble/install/ament_pep257:/home/jiil/ros2_humble/install/ament_pclint:/home/jiil/ros2_humble/install/ament_package:/home/jiil/ros2_humble/install/ament_mypy:/home/jiil/ros2_humble/install/ament_lint_cmake:/home/jiil/ros2_humble/install/ament_flake8:/home/jiil/ros2_humble/install/ament_copyright:/home/jiil/ros2_humble/install/ament_lint:/home/jiil/ros2_humble/install/ament_index_python:/home/jiil/ros2_humble/install/ament_cpplint:/home/jiil/ros2_humble/install/ament_cppcheck:/home/jiil/ros2_humble/install/ament_clang_tidy:/home/jiil/ros2_humble/install/ament_clang_format DEBUGINFOD_URLS=https://debuginfod.ubuntu.com /usr/bin/cmake --install /home/jiil/ur_ws/build/std_msgs
[9.510s] -- Install configuration: "Release"
[9.510s] -- Execute custom install script
[9.510s] -- Symlinking: /home/jiil/ur_ws/install/std_msgs/share/ament_index/resource_index/rosidl_interfaces/std_msgs
[9.516s] -- Symlinking: /home/jiil/ur_ws/install/std_msgs/include/std_msgs/std_msgs/msg/bool.h
[9.521s] -- Symlinking: /home/jiil/ur_ws/install/std_msgs/include/std_msgs/std_msgs/msg/byte.h
[9.526s] -- Symlinking: /home/jiil/ur_ws/install/std_msgs/include/std_msgs/std_msgs/msg/byte_multi_array.h
[9.530s] -- Symlinking: /home/jiil/ur_ws/install/std_msgs/include/std_msgs/std_msgs/msg/char.h
[9.535s] -- Symlinking: /home/jiil/ur_ws/install/std_msgs/include/std_msgs/std_msgs/msg/color_rgba.h
[9.540s] -- Symlinking: /home/jiil/ur_ws/install/std_msgs/include/std_msgs/std_msgs/msg/detail/bool__functions.h
[9.545s] -- Symlinking: /home/jiil/ur_ws/install/std_msgs/include/std_msgs/std_msgs/msg/detail/bool__struct.h
[9.550s] -- Symlinking: /home/jiil/ur_ws/install/std_msgs/include/std_msgs/std_msgs/msg/detail/bool__type_support.h
[9.555s] -- Symlinking: /home/jiil/ur_ws/install/std_msgs/include/std_msgs/std_msgs/msg/detail/byte__functions.h
[9.559s] -- Symlinking: /home/jiil/ur_ws/install/std_msgs/include/std_msgs/std_msgs/msg/detail/byte__struct.h
[9.564s] -- Symlinking: /home/jiil/ur_ws/install/std_msgs/include/std_msgs/std_msgs/msg/detail/byte__type_support.h
[9.569s] -- Symlinking: /home/jiil/ur_ws/install/std_msgs/include/std_msgs/std_msgs/msg/detail/byte_multi_array__functions.h
[9.574s] -- Symlinking: /home/jiil/ur_ws/install/std_msgs/include/std_msgs/std_msgs/msg/detail/byte_multi_array__struct.h
[9.579s] -- Symlinking: /home/jiil/ur_ws/install/std_msgs/include/std_msgs/std_msgs/msg/detail/byte_multi_array__type_support.h
[9.583s] -- Symlinking: /home/jiil/ur_ws/install/std_msgs/include/std_msgs/std_msgs/msg/detail/char__functions.h
[9.588s] -- Symlinking: /home/jiil/ur_ws/install/std_msgs/include/std_msgs/std_msgs/msg/detail/char__struct.h
[9.593s] -- Symlinking: /home/jiil/ur_ws/install/std_msgs/include/std_msgs/std_msgs/msg/detail/char__type_support.h
[9.597s] -- Symlinking: /home/jiil/ur_ws/install/std_msgs/include/std_msgs/std_msgs/msg/detail/color_rgba__functions.h
[9.602s] -- Symlinking: /home/jiil/ur_ws/install/std_msgs/include/std_msgs/std_msgs/msg/detail/color_rgba__struct.h
[9.607s] -- Symlinking: /home/jiil/ur_ws/install/std_msgs/include/std_msgs/std_msgs/msg/detail/color_rgba__type_support.h
[9.612s] -- Symlinking: /home/jiil/ur_ws/install/std_msgs/include/std_msgs/std_msgs/msg/detail/empty__functions.h
[9.617s] -- Symlinking: /home/jiil/ur_ws/install/std_msgs/include/std_msgs/std_msgs/msg/detail/empty__struct.h
[9.622s] -- Symlinking: /home/jiil/ur_ws/install/std_msgs/include/std_msgs/std_msgs/msg/detail/empty__type_support.h
[9.627s] -- Symlinking: /home/jiil/ur_ws/install/std_msgs/include/std_msgs/std_msgs/msg/detail/float32__functions.h
[9.632s] -- Symlinking: /home/jiil/ur_ws/install/std_msgs/include/std_msgs/std_msgs/msg/detail/float32__struct.h
[9.636s] -- Symlinking: /home/jiil/ur_ws/install/std_msgs/include/std_msgs/std_msgs/msg/detail/float32__type_support.h
[9.641s] -- Symlinking: /home/jiil/ur_ws/install/std_msgs/include/std_msgs/std_msgs/msg/detail/float32_multi_array__functions.h
[9.646s] -- Symlinking: /home/jiil/ur_ws/install/std_msgs/include/std_msgs/std_msgs/msg/detail/float32_multi_array__struct.h
[9.651s] -- Symlinking: /home/jiil/ur_ws/install/std_msgs/include/std_msgs/std_msgs/msg/detail/float32_multi_array__type_support.h
[9.655s] -- Symlinking: /home/jiil/ur_ws/install/std_msgs/include/std_msgs/std_msgs/msg/detail/float64__functions.h
[9.660s] -- Symlinking: /home/jiil/ur_ws/install/std_msgs/include/std_msgs/std_msgs/msg/detail/float64__struct.h
[9.665s] -- Symlinking: /home/jiil/ur_ws/install/std_msgs/include/std_msgs/std_msgs/msg/detail/float64__type_support.h
[9.669s] -- Symlinking: /home/jiil/ur_ws/install/std_msgs/include/std_msgs/std_msgs/msg/detail/float64_multi_array__functions.h
[9.674s] -- Symlinking: /home/jiil/ur_ws/install/std_msgs/include/std_msgs/std_msgs/msg/detail/float64_multi_array__struct.h
[9.679s] -- Symlinking: /home/jiil/ur_ws/install/std_msgs/include/std_msgs/std_msgs/msg/detail/float64_multi_array__type_support.h
[9.684s] -- Symlinking: /home/jiil/ur_ws/install/std_msgs/include/std_msgs/std_msgs/msg/detail/header__functions.h
[9.688s] -- Symlinking: /home/jiil/ur_ws/install/std_msgs/include/std_msgs/std_msgs/msg/detail/header__struct.h
[9.693s] -- Symlinking: /home/jiil/ur_ws/install/std_msgs/include/std_msgs/std_msgs/msg/detail/header__type_support.h
[9.698s] -- Symlinking: /home/jiil/ur_ws/install/std_msgs/include/std_msgs/std_msgs/msg/detail/int16__functions.h
[9.703s] -- Symlinking: /home/jiil/ur_ws/install/std_msgs/include/std_msgs/std_msgs/msg/detail/int16__struct.h
[9.707s] -- Symlinking: /home/jiil/ur_ws/install/std_msgs/include/std_msgs/std_msgs/msg/detail/int16__type_support.h
[9.712s] -- Symlinking: /home/jiil/ur_ws/install/std_msgs/include/std_msgs/std_msgs/msg/detail/int16_multi_array__functions.h
[9.717s] -- Symlinking: /home/jiil/ur_ws/install/std_msgs/include/std_msgs/std_msgs/msg/detail/int16_multi_array__struct.h
[9.722s] -- Symlinking: /home/jiil/ur_ws/install/std_msgs/include/std_msgs/std_msgs/msg/detail/int16_multi_array__type_support.h
[9.727s] -- Symlinking: /home/jiil/ur_ws/install/std_msgs/include/std_msgs/std_msgs/msg/detail/int32__functions.h
[9.731s] -- Symlinking: /home/jiil/ur_ws/install/std_msgs/include/std_msgs/std_msgs/msg/detail/int32__struct.h
[9.736s] -- Symlinking: /home/jiil/ur_ws/install/std_msgs/include/std_msgs/std_msgs/msg/detail/int32__type_support.h
[9.741s] -- Symlinking: /home/jiil/ur_ws/install/std_msgs/include/std_msgs/std_msgs/msg/detail/int32_multi_array__functions.h
[9.746s] -- Symlinking: /home/jiil/ur_ws/install/std_msgs/include/std_msgs/std_msgs/msg/detail/int32_multi_array__struct.h
[9.751s] -- Symlinking: /home/jiil/ur_ws/install/std_msgs/include/std_msgs/std_msgs/msg/detail/int32_multi_array__type_support.h
[9.756s] -- Symlinking: /home/jiil/ur_ws/install/std_msgs/include/std_msgs/std_msgs/msg/detail/int64__functions.h
[9.761s] -- Symlinking: /home/jiil/ur_ws/install/std_msgs/include/std_msgs/std_msgs/msg/detail/int64__struct.h
[9.765s] -- Symlinking: /home/jiil/ur_ws/install/std_msgs/include/std_msgs/std_msgs/msg/detail/int64__type_support.h
[9.770s] -- Symlinking: /home/jiil/ur_ws/install/std_msgs/include/std_msgs/std_msgs/msg/detail/int64_multi_array__functions.h
[9.775s] -- Symlinking: /home/jiil/ur_ws/install/std_msgs/include/std_msgs/std_msgs/msg/detail/int64_multi_array__struct.h
[9.780s] -- Symlinking: /home/jiil/ur_ws/install/std_msgs/include/std_msgs/std_msgs/msg/detail/int64_multi_array__type_support.h
[9.785s] -- Symlinking: /home/jiil/ur_ws/install/std_msgs/include/std_msgs/std_msgs/msg/detail/int8__functions.h
[9.790s] -- Symlinking: /home/jiil/ur_ws/install/std_msgs/include/std_msgs/std_msgs/msg/detail/int8__struct.h
[9.794s] -- Symlinking: /home/jiil/ur_ws/install/std_msgs/include/std_msgs/std_msgs/msg/detail/int8__type_support.h
[9.799s] -- Symlinking: /home/jiil/ur_ws/install/std_msgs/include/std_msgs/std_msgs/msg/detail/int8_multi_array__functions.h
[9.804s] -- Symlinking: /home/jiil/ur_ws/install/std_msgs/include/std_msgs/std_msgs/msg/detail/int8_multi_array__struct.h
[9.809s] -- Symlinking: /home/jiil/ur_ws/install/std_msgs/include/std_msgs/std_msgs/msg/detail/int8_multi_array__type_support.h
[9.814s] -- Symlinking: /home/jiil/ur_ws/install/std_msgs/include/std_msgs/std_msgs/msg/detail/multi_array_dimension__functions.h
[9.819s] -- Symlinking: /home/jiil/ur_ws/install/std_msgs/include/std_msgs/std_msgs/msg/detail/multi_array_dimension__struct.h
[9.824s] -- Symlinking: /home/jiil/ur_ws/install/std_msgs/include/std_msgs/std_msgs/msg/detail/multi_array_dimension__type_support.h
[9.829s] -- Symlinking: /home/jiil/ur_ws/install/std_msgs/include/std_msgs/std_msgs/msg/detail/multi_array_layout__functions.h
[9.833s] -- Symlinking: /home/jiil/ur_ws/install/std_msgs/include/std_msgs/std_msgs/msg/detail/multi_array_layout__struct.h
[9.838s] -- Symlinking: /home/jiil/ur_ws/install/std_msgs/include/std_msgs/std_msgs/msg/detail/multi_array_layout__type_support.h
[9.843s] -- Symlinking: /home/jiil/ur_ws/install/std_msgs/include/std_msgs/std_msgs/msg/detail/string__functions.h
[9.848s] -- Symlinking: /home/jiil/ur_ws/install/std_msgs/include/std_msgs/std_msgs/msg/detail/string__struct.h
[9.853s] -- Symlinking: /home/jiil/ur_ws/install/std_msgs/include/std_msgs/std_msgs/msg/detail/string__type_support.h
[9.857s] -- Symlinking: /home/jiil/ur_ws/install/std_msgs/include/std_msgs/std_msgs/msg/detail/u_int16__functions.h
[9.862s] -- Symlinking: /home/jiil/ur_ws/install/std_msgs/include/std_msgs/std_msgs/msg/detail/u_int16__struct.h
[9.867s] -- Symlinking: /home/jiil/ur_ws/install/std_msgs/include/std_msgs/std_msgs/msg/detail/u_int16__type_support.h
[9.872s] -- Symlinking: /home/jiil/ur_ws/install/std_msgs/include/std_msgs/std_msgs/msg/detail/u_int16_multi_array__functions.h
[9.876s] -- Symlinking: /home/jiil/ur_ws/install/std_msgs/include/std_msgs/std_msgs/msg/detail/u_int16_multi_array__struct.h
[9.881s] -- Symlinking: /home/jiil/ur_ws/install/std_msgs/include/std_msgs/std_msgs/msg/detail/u_int16_multi_array__type_support.h
[9.886s] -- Symlinking: /home/jiil/ur_ws/install/std_msgs/include/std_msgs/std_msgs/msg/detail/u_int32__functions.h
[9.891s] -- Symlinking: /home/jiil/ur_ws/install/std_msgs/include/std_msgs/std_msgs/msg/detail/u_int32__struct.h
[9.896s] -- Symlinking: /home/jiil/ur_ws/install/std_msgs/include/std_msgs/std_msgs/msg/detail/u_int32__type_support.h
[9.900s] -- Symlinking: /home/jiil/ur_ws/install/std_msgs/include/std_msgs/std_msgs/msg/detail/u_int32_multi_array__functions.h
[9.905s] -- Symlinking: /home/jiil/ur_ws/install/std_msgs/include/std_msgs/std_msgs/msg/detail/u_int32_multi_array__struct.h
[9.911s] -- Symlinking: /home/jiil/ur_ws/install/std_msgs/include/std_msgs/std_msgs/msg/detail/u_int32_multi_array__type_support.h
[9.917s] -- Symlinking: /home/jiil/ur_ws/install/std_msgs/include/std_msgs/std_msgs/msg/detail/u_int64__functions.h
[9.922s] -- Symlinking: /home/jiil/ur_ws/install/std_msgs/include/std_msgs/std_msgs/msg/detail/u_int64__struct.h
[9.927s] -- Symlinking: /home/jiil/ur_ws/install/std_msgs/include/std_msgs/std_msgs/msg/detail/u_int64__type_support.h
[9.931s] -- Symlinking: /home/jiil/ur_ws/install/std_msgs/include/std_msgs/std_msgs/msg/detail/u_int64_multi_array__functions.h
[9.936s] -- Symlinking: /home/jiil/ur_ws/install/std_msgs/include/std_msgs/std_msgs/msg/detail/u_int64_multi_array__struct.h
[9.941s] -- Symlinking: /home/jiil/ur_ws/install/std_msgs/include/std_msgs/std_msgs/msg/detail/u_int64_multi_array__type_support.h
[9.946s] -- Symlinking: /home/jiil/ur_ws/install/std_msgs/include/std_msgs/std_msgs/msg/detail/u_int8__functions.h
[9.951s] -- Symlinking: /home/jiil/ur_ws/install/std_msgs/include/std_msgs/std_msgs/msg/detail/u_int8__struct.h
[9.956s] -- Symlinking: /home/jiil/ur_ws/install/std_msgs/include/std_msgs/std_msgs/msg/detail/u_int8__type_support.h
[9.961s] -- Symlinking: /home/jiil/ur_ws/install/std_msgs/include/std_msgs/std_msgs/msg/detail/u_int8_multi_array__functions.h
[9.966s] -- Symlinking: /home/jiil/ur_ws/install/std_msgs/include/std_msgs/std_msgs/msg/detail/u_int8_multi_array__struct.h
[9.970s] -- Symlinking: /home/jiil/ur_ws/install/std_msgs/include/std_msgs/std_msgs/msg/detail/u_int8_multi_array__type_support.h
[9.975s] -- Symlinking: /home/jiil/ur_ws/install/std_msgs/include/std_msgs/std_msgs/msg/empty.h
[9.980s] -- Symlinking: /home/jiil/ur_ws/install/std_msgs/include/std_msgs/std_msgs/msg/float32.h
[9.985s] -- Symlinking: /home/jiil/ur_ws/install/std_msgs/include/std_msgs/std_msgs/msg/float32_multi_array.h
[9.990s] -- Symlinking: /home/jiil/ur_ws/install/std_msgs/include/std_msgs/std_msgs/msg/float64.h
[9.995s] -- Symlinking: /home/jiil/ur_ws/install/std_msgs/include/std_msgs/std_msgs/msg/float64_multi_array.h
[9.999s] -- Symlinking: /home/jiil/ur_ws/install/std_msgs/include/std_msgs/std_msgs/msg/header.h
[10.004s] -- Symlinking: /home/jiil/ur_ws/install/std_msgs/include/std_msgs/std_msgs/msg/int16.h
[10.009s] -- Symlinking: /home/jiil/ur_ws/install/std_msgs/include/std_msgs/std_msgs/msg/int16_multi_array.h
[10.014s] -- Symlinking: /home/jiil/ur_ws/install/std_msgs/include/std_msgs/std_msgs/msg/int32.h
[10.019s] -- Symlinking: /home/jiil/ur_ws/install/std_msgs/include/std_msgs/std_msgs/msg/int32_multi_array.h
[10.023s] -- Symlinking: /home/jiil/ur_ws/install/std_msgs/include/std_msgs/std_msgs/msg/int64.h
[10.028s] -- Symlinking: /home/jiil/ur_ws/install/std_msgs/include/std_msgs/std_msgs/msg/int64_multi_array.h
[10.033s] -- Symlinking: /home/jiil/ur_ws/install/std_msgs/include/std_msgs/std_msgs/msg/int8.h
[10.038s] -- Symlinking: /home/jiil/ur_ws/install/std_msgs/include/std_msgs/std_msgs/msg/int8_multi_array.h
[10.043s] -- Symlinking: /home/jiil/ur_ws/install/std_msgs/include/std_msgs/std_msgs/msg/multi_array_dimension.h
[10.047s] -- Symlinking: /home/jiil/ur_ws/install/std_msgs/include/std_msgs/std_msgs/msg/multi_array_layout.h
[10.052s] -- Symlinking: /home/jiil/ur_ws/install/std_msgs/include/std_msgs/std_msgs/msg/rosidl_generator_c__visibility_control.h
[10.057s] -- Symlinking: /home/jiil/ur_ws/install/std_msgs/include/std_msgs/std_msgs/msg/string.h
[10.062s] -- Symlinking: /home/jiil/ur_ws/install/std_msgs/include/std_msgs/std_msgs/msg/u_int16.h
[10.066s] -- Symlinking: /home/jiil/ur_ws/install/std_msgs/include/std_msgs/std_msgs/msg/u_int16_multi_array.h
[10.071s] -- Symlinking: /home/jiil/ur_ws/install/std_msgs/include/std_msgs/std_msgs/msg/u_int32.h
[10.076s] -- Symlinking: /home/jiil/ur_ws/install/std_msgs/include/std_msgs/std_msgs/msg/u_int32_multi_array.h
[10.081s] -- Symlinking: /home/jiil/ur_ws/install/std_msgs/include/std_msgs/std_msgs/msg/u_int64.h
[10.086s] -- Symlinking: /home/jiil/ur_ws/install/std_msgs/include/std_msgs/std_msgs/msg/u_int64_multi_array.h
[10.091s] -- Symlinking: /home/jiil/ur_ws/install/std_msgs/include/std_msgs/std_msgs/msg/u_int8.h
[10.095s] -- Symlinking: /home/jiil/ur_ws/install/std_msgs/include/std_msgs/std_msgs/msg/u_int8_multi_array.h
[10.100s] -- Symlinking: /home/jiil/ur_ws/install/std_msgs/share/std_msgs/environment/library_path.sh
[10.105s] -- Symlinking: /home/jiil/ur_ws/install/std_msgs/share/std_msgs/environment/library_path.dsv
[10.110s] -- Symlinking: /home/jiil/ur_ws/install/std_msgs/include/std_msgs/std_msgs/msg/detail/bool__rosidl_typesupport_fastrtps_c.h
[10.115s] -- Symlinking: /home/jiil/ur_ws/install/std_msgs/include/std_msgs/std_msgs/msg/detail/byte__rosidl_typesupport_fastrtps_c.h
[10.120s] -- Symlinking: /home/jiil/ur_ws/install/std_msgs/include/std_msgs/std_msgs/msg/detail/byte_multi_array__rosidl_typesupport_fastrtps_c.h
[10.125s] -- Symlinking: /home/jiil/ur_ws/install/std_msgs/include/std_msgs/std_msgs/msg/detail/char__rosidl_typesupport_fastrtps_c.h
[10.129s] -- Symlinking: /home/jiil/ur_ws/install/std_msgs/include/std_msgs/std_msgs/msg/detail/color_rgba__rosidl_typesupport_fastrtps_c.h
[10.134s] -- Symlinking: /home/jiil/ur_ws/install/std_msgs/include/std_msgs/std_msgs/msg/detail/empty__rosidl_typesupport_fastrtps_c.h
[10.139s] -- Symlinking: /home/jiil/ur_ws/install/std_msgs/include/std_msgs/std_msgs/msg/detail/float32__rosidl_typesupport_fastrtps_c.h
[10.144s] -- Symlinking: /home/jiil/ur_ws/install/std_msgs/include/std_msgs/std_msgs/msg/detail/float32_multi_array__rosidl_typesupport_fastrtps_c.h
[10.149s] -- Symlinking: /home/jiil/ur_ws/install/std_msgs/include/std_msgs/std_msgs/msg/detail/float64__rosidl_typesupport_fastrtps_c.h
[10.154s] -- Symlinking: /home/jiil/ur_ws/install/std_msgs/include/std_msgs/std_msgs/msg/detail/float64_multi_array__rosidl_typesupport_fastrtps_c.h
[10.159s] -- Symlinking: /home/jiil/ur_ws/install/std_msgs/include/std_msgs/std_msgs/msg/detail/header__rosidl_typesupport_fastrtps_c.h
[10.163s] -- Symlinking: /home/jiil/ur_ws/install/std_msgs/include/std_msgs/std_msgs/msg/detail/int16__rosidl_typesupport_fastrtps_c.h
[10.168s] -- Symlinking: /home/jiil/ur_ws/install/std_msgs/include/std_msgs/std_msgs/msg/detail/int16_multi_array__rosidl_typesupport_fastrtps_c.h
[10.173s] -- Symlinking: /home/jiil/ur_ws/install/std_msgs/include/std_msgs/std_msgs/msg/detail/int32__rosidl_typesupport_fastrtps_c.h
[10.178s] -- Symlinking: /home/jiil/ur_ws/install/std_msgs/include/std_msgs/std_msgs/msg/detail/int32_multi_array__rosidl_typesupport_fastrtps_c.h
[10.183s] -- Symlinking: /home/jiil/ur_ws/install/std_msgs/include/std_msgs/std_msgs/msg/detail/int64__rosidl_typesupport_fastrtps_c.h
[10.188s] -- Symlinking: /home/jiil/ur_ws/install/std_msgs/include/std_msgs/std_msgs/msg/detail/int64_multi_array__rosidl_typesupport_fastrtps_c.h
[10.192s] -- Symlinking: /home/jiil/ur_ws/install/std_msgs/include/std_msgs/std_msgs/msg/detail/int8__rosidl_typesupport_fastrtps_c.h
[10.197s] -- Symlinking: /home/jiil/ur_ws/install/std_msgs/include/std_msgs/std_msgs/msg/detail/int8_multi_array__rosidl_typesupport_fastrtps_c.h
[10.202s] -- Symlinking: /home/jiil/ur_ws/install/std_msgs/include/std_msgs/std_msgs/msg/detail/multi_array_dimension__rosidl_typesupport_fastrtps_c.h
[10.207s] -- Symlinking: /home/jiil/ur_ws/install/std_msgs/include/std_msgs/std_msgs/msg/detail/multi_array_layout__rosidl_typesupport_fastrtps_c.h
[10.212s] -- Symlinking: /home/jiil/ur_ws/install/std_msgs/include/std_msgs/std_msgs/msg/detail/string__rosidl_typesupport_fastrtps_c.h
[10.217s] -- Symlinking: /home/jiil/ur_ws/install/std_msgs/include/std_msgs/std_msgs/msg/detail/u_int16__rosidl_typesupport_fastrtps_c.h
[10.221s] -- Symlinking: /home/jiil/ur_ws/install/std_msgs/include/std_msgs/std_msgs/msg/detail/u_int16_multi_array__rosidl_typesupport_fastrtps_c.h
[10.226s] -- Symlinking: /home/jiil/ur_ws/install/std_msgs/include/std_msgs/std_msgs/msg/detail/u_int32__rosidl_typesupport_fastrtps_c.h
[10.231s] -- Symlinking: /home/jiil/ur_ws/install/std_msgs/include/std_msgs/std_msgs/msg/detail/u_int32_multi_array__rosidl_typesupport_fastrtps_c.h
[10.236s] -- Symlinking: /home/jiil/ur_ws/install/std_msgs/include/std_msgs/std_msgs/msg/detail/u_int64__rosidl_typesupport_fastrtps_c.h
[10.241s] -- Symlinking: /home/jiil/ur_ws/install/std_msgs/include/std_msgs/std_msgs/msg/detail/u_int64_multi_array__rosidl_typesupport_fastrtps_c.h
[10.245s] -- Symlinking: /home/jiil/ur_ws/install/std_msgs/include/std_msgs/std_msgs/msg/detail/u_int8__rosidl_typesupport_fastrtps_c.h
[10.250s] -- Symlinking: /home/jiil/ur_ws/install/std_msgs/include/std_msgs/std_msgs/msg/detail/u_int8_multi_array__rosidl_typesupport_fastrtps_c.h
[10.255s] -- Symlinking: /home/jiil/ur_ws/install/std_msgs/include/std_msgs/std_msgs/msg/rosidl_typesupport_fastrtps_c__visibility_control.h
[10.260s] -- Symlinking: /home/jiil/ur_ws/install/std_msgs/include/std_msgs/std_msgs/msg/bool.hpp
[10.265s] -- Symlinking: /home/jiil/ur_ws/install/std_msgs/include/std_msgs/std_msgs/msg/byte.hpp
[10.270s] -- Symlinking: /home/jiil/ur_ws/install/std_msgs/include/std_msgs/std_msgs/msg/byte_multi_array.hpp
[10.275s] -- Symlinking: /home/jiil/ur_ws/install/std_msgs/include/std_msgs/std_msgs/msg/char.hpp
[10.280s] -- Symlinking: /home/jiil/ur_ws/install/std_msgs/include/std_msgs/std_msgs/msg/color_rgba.hpp
[10.285s] -- Symlinking: /home/jiil/ur_ws/install/std_msgs/include/std_msgs/std_msgs/msg/detail/bool__builder.hpp
[10.289s] -- Symlinking: /home/jiil/ur_ws/install/std_msgs/include/std_msgs/std_msgs/msg/detail/bool__struct.hpp
[10.294s] -- Symlinking: /home/jiil/ur_ws/install/std_msgs/include/std_msgs/std_msgs/msg/detail/bool__traits.hpp
[10.299s] -- Symlinking: /home/jiil/ur_ws/install/std_msgs/include/std_msgs/std_msgs/msg/detail/bool__type_support.hpp
[10.304s] -- Symlinking: /home/jiil/ur_ws/install/std_msgs/include/std_msgs/std_msgs/msg/detail/byte__builder.hpp
[10.309s] -- Symlinking: /home/jiil/ur_ws/install/std_msgs/include/std_msgs/std_msgs/msg/detail/byte__struct.hpp
[10.314s] -- Symlinking: /home/jiil/ur_ws/install/std_msgs/include/std_msgs/std_msgs/msg/detail/byte__traits.hpp
[10.318s] -- Symlinking: /home/jiil/ur_ws/install/std_msgs/include/std_msgs/std_msgs/msg/detail/byte__type_support.hpp
[10.323s] -- Symlinking: /home/jiil/ur_ws/install/std_msgs/include/std_msgs/std_msgs/msg/detail/byte_multi_array__builder.hpp
[10.328s] -- Symlinking: /home/jiil/ur_ws/install/std_msgs/include/std_msgs/std_msgs/msg/detail/byte_multi_array__struct.hpp
[10.333s] -- Symlinking: /home/jiil/ur_ws/install/std_msgs/include/std_msgs/std_msgs/msg/detail/byte_multi_array__traits.hpp
[10.337s] -- Symlinking: /home/jiil/ur_ws/install/std_msgs/include/std_msgs/std_msgs/msg/detail/byte_multi_array__type_support.hpp
[10.342s] -- Symlinking: /home/jiil/ur_ws/install/std_msgs/include/std_msgs/std_msgs/msg/detail/char__builder.hpp
[10.347s] -- Symlinking: /home/jiil/ur_ws/install/std_msgs/include/std_msgs/std_msgs/msg/detail/char__struct.hpp
[10.352s] -- Symlinking: /home/jiil/ur_ws/install/std_msgs/include/std_msgs/std_msgs/msg/detail/char__traits.hpp
[10.356s] -- Symlinking: /home/jiil/ur_ws/install/std_msgs/include/std_msgs/std_msgs/msg/detail/char__type_support.hpp
[10.361s] -- Symlinking: /home/jiil/ur_ws/install/std_msgs/include/std_msgs/std_msgs/msg/detail/color_rgba__builder.hpp
[10.366s] -- Symlinking: /home/jiil/ur_ws/install/std_msgs/include/std_msgs/std_msgs/msg/detail/color_rgba__struct.hpp
[10.371s] -- Symlinking: /home/jiil/ur_ws/install/std_msgs/include/std_msgs/std_msgs/msg/detail/color_rgba__traits.hpp
[10.376s] -- Symlinking: /home/jiil/ur_ws/install/std_msgs/include/std_msgs/std_msgs/msg/detail/color_rgba__type_support.hpp
[10.381s] -- Symlinking: /home/jiil/ur_ws/install/std_msgs/include/std_msgs/std_msgs/msg/detail/empty__builder.hpp
[10.386s] -- Symlinking: /home/jiil/ur_ws/install/std_msgs/include/std_msgs/std_msgs/msg/detail/empty__struct.hpp
[10.391s] -- Symlinking: /home/jiil/ur_ws/install/std_msgs/include/std_msgs/std_msgs/msg/detail/empty__traits.hpp
[10.395s] -- Symlinking: /home/jiil/ur_ws/install/std_msgs/include/std_msgs/std_msgs/msg/detail/empty__type_support.hpp
[10.400s] -- Symlinking: /home/jiil/ur_ws/install/std_msgs/include/std_msgs/std_msgs/msg/detail/float32__builder.hpp
[10.405s] -- Symlinking: /home/jiil/ur_ws/install/std_msgs/include/std_msgs/std_msgs/msg/detail/float32__struct.hpp
[10.410s] -- Symlinking: /home/jiil/ur_ws/install/std_msgs/include/std_msgs/std_msgs/msg/detail/float32__traits.hpp
[10.415s] -- Symlinking: /home/jiil/ur_ws/install/std_msgs/include/std_msgs/std_msgs/msg/detail/float32__type_support.hpp
[10.419s] -- Symlinking: /home/jiil/ur_ws/install/std_msgs/include/std_msgs/std_msgs/msg/detail/float32_multi_array__builder.hpp
[10.424s] -- Symlinking: /home/jiil/ur_ws/install/std_msgs/include/std_msgs/std_msgs/msg/detail/float32_multi_array__struct.hpp
[10.429s] -- Symlinking: /home/jiil/ur_ws/install/std_msgs/include/std_msgs/std_msgs/msg/detail/float32_multi_array__traits.hpp
[10.434s] -- Symlinking: /home/jiil/ur_ws/install/std_msgs/include/std_msgs/std_msgs/msg/detail/float32_multi_array__type_support.hpp
[10.439s] -- Symlinking: /home/jiil/ur_ws/install/std_msgs/include/std_msgs/std_msgs/msg/detail/float64__builder.hpp
[10.444s] -- Symlinking: /home/jiil/ur_ws/install/std_msgs/include/std_msgs/std_msgs/msg/detail/float64__struct.hpp
[10.449s] -- Symlinking: /home/jiil/ur_ws/install/std_msgs/include/std_msgs/std_msgs/msg/detail/float64__traits.hpp
[10.453s] -- Symlinking: /home/jiil/ur_ws/install/std_msgs/include/std_msgs/std_msgs/msg/detail/float64__type_support.hpp
[10.458s] -- Symlinking: /home/jiil/ur_ws/install/std_msgs/include/std_msgs/std_msgs/msg/detail/float64_multi_array__builder.hpp
[10.463s] -- Symlinking: /home/jiil/ur_ws/install/std_msgs/include/std_msgs/std_msgs/msg/detail/float64_multi_array__struct.hpp
[10.468s] -- Symlinking: /home/jiil/ur_ws/install/std_msgs/include/std_msgs/std_msgs/msg/detail/float64_multi_array__traits.hpp
[10.472s] -- Symlinking: /home/jiil/ur_ws/install/std_msgs/include/std_msgs/std_msgs/msg/detail/float64_multi_array__type_support.hpp
[10.477s] -- Symlinking: /home/jiil/ur_ws/install/std_msgs/include/std_msgs/std_msgs/msg/detail/header__builder.hpp
[10.482s] -- Symlinking: /home/jiil/ur_ws/install/std_msgs/include/std_msgs/std_msgs/msg/detail/header__struct.hpp
[10.487s] -- Symlinking: /home/jiil/ur_ws/install/std_msgs/include/std_msgs/std_msgs/msg/detail/header__traits.hpp
[10.491s] -- Symlinking: /home/jiil/ur_ws/install/std_msgs/include/std_msgs/std_msgs/msg/detail/header__type_support.hpp
[10.496s] -- Symlinking: /home/jiil/ur_ws/install/std_msgs/include/std_msgs/std_msgs/msg/detail/int16__builder.hpp
[10.501s] -- Symlinking: /home/jiil/ur_ws/install/std_msgs/include/std_msgs/std_msgs/msg/detail/int16__struct.hpp
[10.506s] -- Symlinking: /home/jiil/ur_ws/install/std_msgs/include/std_msgs/std_msgs/msg/detail/int16__traits.hpp
[10.511s] -- Symlinking: /home/jiil/ur_ws/install/std_msgs/include/std_msgs/std_msgs/msg/detail/int16__type_support.hpp
[10.515s] -- Symlinking: /home/jiil/ur_ws/install/std_msgs/include/std_msgs/std_msgs/msg/detail/int16_multi_array__builder.hpp
[10.520s] -- Symlinking: /home/jiil/ur_ws/install/std_msgs/include/std_msgs/std_msgs/msg/detail/int16_multi_array__struct.hpp
[10.525s] -- Symlinking: /home/jiil/ur_ws/install/std_msgs/include/std_msgs/std_msgs/msg/detail/int16_multi_array__traits.hpp
[10.530s] -- Symlinking: /home/jiil/ur_ws/install/std_msgs/include/std_msgs/std_msgs/msg/detail/int16_multi_array__type_support.hpp
[10.535s] -- Symlinking: /home/jiil/ur_ws/install/std_msgs/include/std_msgs/std_msgs/msg/detail/int32__builder.hpp
[10.540s] -- Symlinking: /home/jiil/ur_ws/install/std_msgs/include/std_msgs/std_msgs/msg/detail/int32__struct.hpp
[10.544s] -- Symlinking: /home/jiil/ur_ws/install/std_msgs/include/std_msgs/std_msgs/msg/detail/int32__traits.hpp
[10.549s] -- Symlinking: /home/jiil/ur_ws/install/std_msgs/include/std_msgs/std_msgs/msg/detail/int32__type_support.hpp
[10.554s] -- Symlinking: /home/jiil/ur_ws/install/std_msgs/include/std_msgs/std_msgs/msg/detail/int32_multi_array__builder.hpp
[10.559s] -- Symlinking: /home/jiil/ur_ws/install/std_msgs/include/std_msgs/std_msgs/msg/detail/int32_multi_array__struct.hpp
[10.563s] -- Symlinking: /home/jiil/ur_ws/install/std_msgs/include/std_msgs/std_msgs/msg/detail/int32_multi_array__traits.hpp
[10.568s] -- Symlinking: /home/jiil/ur_ws/install/std_msgs/include/std_msgs/std_msgs/msg/detail/int32_multi_array__type_support.hpp
[10.574s] -- Symlinking: /home/jiil/ur_ws/install/std_msgs/include/std_msgs/std_msgs/msg/detail/int64__builder.hpp
[10.579s] -- Symlinking: /home/jiil/ur_ws/install/std_msgs/include/std_msgs/std_msgs/msg/detail/int64__struct.hpp
[10.583s] -- Symlinking: /home/jiil/ur_ws/install/std_msgs/include/std_msgs/std_msgs/msg/detail/int64__traits.hpp
[10.588s] -- Symlinking: /home/jiil/ur_ws/install/std_msgs/include/std_msgs/std_msgs/msg/detail/int64__type_support.hpp
[10.593s] -- Symlinking: /home/jiil/ur_ws/install/std_msgs/include/std_msgs/std_msgs/msg/detail/int64_multi_array__builder.hpp
[10.598s] -- Symlinking: /home/jiil/ur_ws/install/std_msgs/include/std_msgs/std_msgs/msg/detail/int64_multi_array__struct.hpp
[10.603s] -- Symlinking: /home/jiil/ur_ws/install/std_msgs/include/std_msgs/std_msgs/msg/detail/int64_multi_array__traits.hpp
[10.607s] -- Symlinking: /home/jiil/ur_ws/install/std_msgs/include/std_msgs/std_msgs/msg/detail/int64_multi_array__type_support.hpp
[10.612s] -- Symlinking: /home/jiil/ur_ws/install/std_msgs/include/std_msgs/std_msgs/msg/detail/int8__builder.hpp
[10.617s] -- Symlinking: /home/jiil/ur_ws/install/std_msgs/include/std_msgs/std_msgs/msg/detail/int8__struct.hpp
[10.622s] -- Symlinking: /home/jiil/ur_ws/install/std_msgs/include/std_msgs/std_msgs/msg/detail/int8__traits.hpp
[10.627s] -- Symlinking: /home/jiil/ur_ws/install/std_msgs/include/std_msgs/std_msgs/msg/detail/int8__type_support.hpp
[10.632s] -- Symlinking: /home/jiil/ur_ws/install/std_msgs/include/std_msgs/std_msgs/msg/detail/int8_multi_array__builder.hpp
[10.637s] -- Symlinking: /home/jiil/ur_ws/install/std_msgs/include/std_msgs/std_msgs/msg/detail/int8_multi_array__struct.hpp
[10.641s] -- Symlinking: /home/jiil/ur_ws/install/std_msgs/include/std_msgs/std_msgs/msg/detail/int8_multi_array__traits.hpp
[10.646s] -- Symlinking: /home/jiil/ur_ws/install/std_msgs/include/std_msgs/std_msgs/msg/detail/int8_multi_array__type_support.hpp
[10.651s] -- Symlinking: /home/jiil/ur_ws/install/std_msgs/include/std_msgs/std_msgs/msg/detail/multi_array_dimension__builder.hpp
[10.656s] -- Symlinking: /home/jiil/ur_ws/install/std_msgs/include/std_msgs/std_msgs/msg/detail/multi_array_dimension__struct.hpp
[10.661s] -- Symlinking: /home/jiil/ur_ws/install/std_msgs/include/std_msgs/std_msgs/msg/detail/multi_array_dimension__traits.hpp
[10.665s] -- Symlinking: /home/jiil/ur_ws/install/std_msgs/include/std_msgs/std_msgs/msg/detail/multi_array_dimension__type_support.hpp
[10.670s] -- Symlinking: /home/jiil/ur_ws/install/std_msgs/include/std_msgs/std_msgs/msg/detail/multi_array_layout__builder.hpp
[10.675s] -- Symlinking: /home/jiil/ur_ws/install/std_msgs/include/std_msgs/std_msgs/msg/detail/multi_array_layout__struct.hpp
[10.680s] -- Symlinking: /home/jiil/ur_ws/install/std_msgs/include/std_msgs/std_msgs/msg/detail/multi_array_layout__traits.hpp
[10.684s] -- Symlinking: /home/jiil/ur_ws/install/std_msgs/include/std_msgs/std_msgs/msg/detail/multi_array_layout__type_support.hpp
[10.689s] -- Symlinking: /home/jiil/ur_ws/install/std_msgs/include/std_msgs/std_msgs/msg/detail/string__builder.hpp
[10.694s] -- Symlinking: /home/jiil/ur_ws/install/std_msgs/include/std_msgs/std_msgs/msg/detail/string__struct.hpp
[10.699s] -- Symlinking: /home/jiil/ur_ws/install/std_msgs/include/std_msgs/std_msgs/msg/detail/string__traits.hpp
[10.704s] -- Symlinking: /home/jiil/ur_ws/install/std_msgs/include/std_msgs/std_msgs/msg/detail/string__type_support.hpp
[10.709s] -- Symlinking: /home/jiil/ur_ws/install/std_msgs/include/std_msgs/std_msgs/msg/detail/u_int16__builder.hpp
[10.713s] -- Symlinking: /home/jiil/ur_ws/install/std_msgs/include/std_msgs/std_msgs/msg/detail/u_int16__struct.hpp
[10.718s] -- Symlinking: /home/jiil/ur_ws/install/std_msgs/include/std_msgs/std_msgs/msg/detail/u_int16__traits.hpp
[10.723s] -- Symlinking: /home/jiil/ur_ws/install/std_msgs/include/std_msgs/std_msgs/msg/detail/u_int16__type_support.hpp
[10.728s] -- Symlinking: /home/jiil/ur_ws/install/std_msgs/include/std_msgs/std_msgs/msg/detail/u_int16_multi_array__builder.hpp
[10.733s] -- Symlinking: /home/jiil/ur_ws/install/std_msgs/include/std_msgs/std_msgs/msg/detail/u_int16_multi_array__struct.hpp
[10.738s] -- Symlinking: /home/jiil/ur_ws/install/std_msgs/include/std_msgs/std_msgs/msg/detail/u_int16_multi_array__traits.hpp
[10.742s] -- Symlinking: /home/jiil/ur_ws/install/std_msgs/include/std_msgs/std_msgs/msg/detail/u_int16_multi_array__type_support.hpp
[10.747s] -- Symlinking: /home/jiil/ur_ws/install/std_msgs/include/std_msgs/std_msgs/msg/detail/u_int32__builder.hpp
[10.752s] -- Symlinking: /home/jiil/ur_ws/install/std_msgs/include/std_msgs/std_msgs/msg/detail/u_int32__struct.hpp
[10.757s] -- Symlinking: /home/jiil/ur_ws/install/std_msgs/include/std_msgs/std_msgs/msg/detail/u_int32__traits.hpp
[10.762s] -- Symlinking: /home/jiil/ur_ws/install/std_msgs/include/std_msgs/std_msgs/msg/detail/u_int32__type_support.hpp
[10.766s] -- Symlinking: /home/jiil/ur_ws/install/std_msgs/include/std_msgs/std_msgs/msg/detail/u_int32_multi_array__builder.hpp
[10.771s] -- Symlinking: /home/jiil/ur_ws/install/std_msgs/include/std_msgs/std_msgs/msg/detail/u_int32_multi_array__struct.hpp
[10.776s] -- Symlinking: /home/jiil/ur_ws/install/std_msgs/include/std_msgs/std_msgs/msg/detail/u_int32_multi_array__traits.hpp
[10.780s] -- Symlinking: /home/jiil/ur_ws/install/std_msgs/include/std_msgs/std_msgs/msg/detail/u_int32_multi_array__type_support.hpp
[10.785s] -- Symlinking: /home/jiil/ur_ws/install/std_msgs/include/std_msgs/std_msgs/msg/detail/u_int64__builder.hpp
[10.790s] -- Symlinking: /home/jiil/ur_ws/install/std_msgs/include/std_msgs/std_msgs/msg/detail/u_int64__struct.hpp
[10.795s] -- Symlinking: /home/jiil/ur_ws/install/std_msgs/include/std_msgs/std_msgs/msg/detail/u_int64__traits.hpp
[10.799s] -- Symlinking: /home/jiil/ur_ws/install/std_msgs/include/std_msgs/std_msgs/msg/detail/u_int64__type_support.hpp
[10.804s] -- Symlinking: /home/jiil/ur_ws/install/std_msgs/include/std_msgs/std_msgs/msg/detail/u_int64_multi_array__builder.hpp
[10.809s] -- Symlinking: /home/jiil/ur_ws/install/std_msgs/include/std_msgs/std_msgs/msg/detail/u_int64_multi_array__struct.hpp
[10.814s] -- Symlinking: /home/jiil/ur_ws/install/std_msgs/include/std_msgs/std_msgs/msg/detail/u_int64_multi_array__traits.hpp
[10.819s] -- Symlinking: /home/jiil/ur_ws/install/std_msgs/include/std_msgs/std_msgs/msg/detail/u_int64_multi_array__type_support.hpp
[10.824s] -- Symlinking: /home/jiil/ur_ws/install/std_msgs/include/std_msgs/std_msgs/msg/detail/u_int8__builder.hpp
[10.828s] -- Symlinking: /home/jiil/ur_ws/install/std_msgs/include/std_msgs/std_msgs/msg/detail/u_int8__struct.hpp
[10.833s] -- Symlinking: /home/jiil/ur_ws/install/std_msgs/include/std_msgs/std_msgs/msg/detail/u_int8__traits.hpp
[10.838s] -- Symlinking: /home/jiil/ur_ws/install/std_msgs/include/std_msgs/std_msgs/msg/detail/u_int8__type_support.hpp
[10.843s] -- Symlinking: /home/jiil/ur_ws/install/std_msgs/include/std_msgs/std_msgs/msg/detail/u_int8_multi_array__builder.hpp
[10.847s] -- Symlinking: /home/jiil/ur_ws/install/std_msgs/include/std_msgs/std_msgs/msg/detail/u_int8_multi_array__struct.hpp
[10.852s] -- Symlinking: /home/jiil/ur_ws/install/std_msgs/include/std_msgs/std_msgs/msg/detail/u_int8_multi_array__traits.hpp
[10.857s] -- Symlinking: /home/jiil/ur_ws/install/std_msgs/include/std_msgs/std_msgs/msg/detail/u_int8_multi_array__type_support.hpp
[10.862s] -- Symlinking: /home/jiil/ur_ws/install/std_msgs/include/std_msgs/std_msgs/msg/empty.hpp
[10.867s] -- Symlinking: /home/jiil/ur_ws/install/std_msgs/include/std_msgs/std_msgs/msg/float32.hpp
[10.871s] -- Symlinking: /home/jiil/ur_ws/install/std_msgs/include/std_msgs/std_msgs/msg/float32_multi_array.hpp
[10.876s] -- Symlinking: /home/jiil/ur_ws/install/std_msgs/include/std_msgs/std_msgs/msg/float64.hpp
[10.881s] -- Symlinking: /home/jiil/ur_ws/install/std_msgs/include/std_msgs/std_msgs/msg/float64_multi_array.hpp
[10.886s] -- Symlinking: /home/jiil/ur_ws/install/std_msgs/include/std_msgs/std_msgs/msg/header.hpp
[10.891s] -- Symlinking: /home/jiil/ur_ws/install/std_msgs/include/std_msgs/std_msgs/msg/int16.hpp
[10.896s] -- Symlinking: /home/jiil/ur_ws/install/std_msgs/include/std_msgs/std_msgs/msg/int16_multi_array.hpp
[10.901s] -- Symlinking: /home/jiil/ur_ws/install/std_msgs/include/std_msgs/std_msgs/msg/int32.hpp
[10.905s] -- Symlinking: /home/jiil/ur_ws/install/std_msgs/include/std_msgs/std_msgs/msg/int32_multi_array.hpp
[10.910s] -- Symlinking: /home/jiil/ur_ws/install/std_msgs/include/std_msgs/std_msgs/msg/int64.hpp
[10.915s] -- Symlinking: /home/jiil/ur_ws/install/std_msgs/include/std_msgs/std_msgs/msg/int64_multi_array.hpp
[10.920s] -- Symlinking: /home/jiil/ur_ws/install/std_msgs/include/std_msgs/std_msgs/msg/int8.hpp
[10.925s] -- Symlinking: /home/jiil/ur_ws/install/std_msgs/include/std_msgs/std_msgs/msg/int8_multi_array.hpp
[10.930s] -- Symlinking: /home/jiil/ur_ws/install/std_msgs/include/std_msgs/std_msgs/msg/multi_array_dimension.hpp
[10.934s] -- Symlinking: /home/jiil/ur_ws/install/std_msgs/include/std_msgs/std_msgs/msg/multi_array_layout.hpp
[10.939s] -- Symlinking: /home/jiil/ur_ws/install/std_msgs/include/std_msgs/std_msgs/msg/rosidl_generator_cpp__visibility_control.hpp
[10.944s] -- Symlinking: /home/jiil/ur_ws/install/std_msgs/include/std_msgs/std_msgs/msg/string.hpp
[10.949s] -- Symlinking: /home/jiil/ur_ws/install/std_msgs/include/std_msgs/std_msgs/msg/u_int16.hpp
[10.954s] -- Symlinking: /home/jiil/ur_ws/install/std_msgs/include/std_msgs/std_msgs/msg/u_int16_multi_array.hpp
[10.958s] -- Symlinking: /home/jiil/ur_ws/install/std_msgs/include/std_msgs/std_msgs/msg/u_int32.hpp
[10.963s] -- Symlinking: /home/jiil/ur_ws/install/std_msgs/include/std_msgs/std_msgs/msg/u_int32_multi_array.hpp
[10.968s] -- Symlinking: /home/jiil/ur_ws/install/std_msgs/include/std_msgs/std_msgs/msg/u_int64.hpp
[10.973s] -- Symlinking: /home/jiil/ur_ws/install/std_msgs/include/std_msgs/std_msgs/msg/u_int64_multi_array.hpp
[10.978s] -- Symlinking: /home/jiil/ur_ws/install/std_msgs/include/std_msgs/std_msgs/msg/u_int8.hpp
[10.983s] -- Symlinking: /home/jiil/ur_ws/install/std_msgs/include/std_msgs/std_msgs/msg/u_int8_multi_array.hpp
[10.988s] -- Symlinking: /home/jiil/ur_ws/install/std_msgs/include/std_msgs/std_msgs/msg/detail/bool__rosidl_typesupport_fastrtps_cpp.hpp
[10.993s] -- Symlinking: /home/jiil/ur_ws/install/std_msgs/include/std_msgs/std_msgs/msg/detail/byte__rosidl_typesupport_fastrtps_cpp.hpp
[10.998s] -- Symlinking: /home/jiil/ur_ws/install/std_msgs/include/std_msgs/std_msgs/msg/detail/byte_multi_array__rosidl_typesupport_fastrtps_cpp.hpp
[11.003s] -- Symlinking: /home/jiil/ur_ws/install/std_msgs/include/std_msgs/std_msgs/msg/detail/char__rosidl_typesupport_fastrtps_cpp.hpp
[11.008s] -- Symlinking: /home/jiil/ur_ws/install/std_msgs/include/std_msgs/std_msgs/msg/detail/color_rgba__rosidl_typesupport_fastrtps_cpp.hpp
[11.013s] -- Symlinking: /home/jiil/ur_ws/install/std_msgs/include/std_msgs/std_msgs/msg/detail/empty__rosidl_typesupport_fastrtps_cpp.hpp
[11.017s] -- Symlinking: /home/jiil/ur_ws/install/std_msgs/include/std_msgs/std_msgs/msg/detail/float32__rosidl_typesupport_fastrtps_cpp.hpp
[11.022s] -- Symlinking: /home/jiil/ur_ws/install/std_msgs/include/std_msgs/std_msgs/msg/detail/float32_multi_array__rosidl_typesupport_fastrtps_cpp.hpp
[11.027s] -- Symlinking: /home/jiil/ur_ws/install/std_msgs/include/std_msgs/std_msgs/msg/detail/float64__rosidl_typesupport_fastrtps_cpp.hpp
[11.032s] -- Symlinking: /home/jiil/ur_ws/install/std_msgs/include/std_msgs/std_msgs/msg/detail/float64_multi_array__rosidl_typesupport_fastrtps_cpp.hpp
[11.037s] -- Symlinking: /home/jiil/ur_ws/install/std_msgs/include/std_msgs/std_msgs/msg/detail/header__rosidl_typesupport_fastrtps_cpp.hpp
[11.042s] -- Symlinking: /home/jiil/ur_ws/install/std_msgs/include/std_msgs/std_msgs/msg/detail/int16__rosidl_typesupport_fastrtps_cpp.hpp
[11.047s] -- Symlinking: /home/jiil/ur_ws/install/std_msgs/include/std_msgs/std_msgs/msg/detail/int16_multi_array__rosidl_typesupport_fastrtps_cpp.hpp
[11.051s] -- Symlinking: /home/jiil/ur_ws/install/std_msgs/include/std_msgs/std_msgs/msg/detail/int32__rosidl_typesupport_fastrtps_cpp.hpp
[11.056s] -- Symlinking: /home/jiil/ur_ws/install/std_msgs/include/std_msgs/std_msgs/msg/detail/int32_multi_array__rosidl_typesupport_fastrtps_cpp.hpp
[11.061s] -- Symlinking: /home/jiil/ur_ws/install/std_msgs/include/std_msgs/std_msgs/msg/detail/int64__rosidl_typesupport_fastrtps_cpp.hpp
[11.066s] -- Symlinking: /home/jiil/ur_ws/install/std_msgs/include/std_msgs/std_msgs/msg/detail/int64_multi_array__rosidl_typesupport_fastrtps_cpp.hpp
[11.070s] -- Symlinking: /home/jiil/ur_ws/install/std_msgs/include/std_msgs/std_msgs/msg/detail/int8__rosidl_typesupport_fastrtps_cpp.hpp
[11.075s] -- Symlinking: /home/jiil/ur_ws/install/std_msgs/include/std_msgs/std_msgs/msg/detail/int8_multi_array__rosidl_typesupport_fastrtps_cpp.hpp
[11.080s] -- Symlinking: /home/jiil/ur_ws/install/std_msgs/include/std_msgs/std_msgs/msg/detail/multi_array_dimension__rosidl_typesupport_fastrtps_cpp.hpp
[11.085s] -- Symlinking: /home/jiil/ur_ws/install/std_msgs/include/std_msgs/std_msgs/msg/detail/multi_array_layout__rosidl_typesupport_fastrtps_cpp.hpp
[11.090s] -- Symlinking: /home/jiil/ur_ws/install/std_msgs/include/std_msgs/std_msgs/msg/detail/string__rosidl_typesupport_fastrtps_cpp.hpp
[11.095s] -- Symlinking: /home/jiil/ur_ws/install/std_msgs/include/std_msgs/std_msgs/msg/detail/u_int16__rosidl_typesupport_fastrtps_cpp.hpp
[11.100s] -- Symlinking: /home/jiil/ur_ws/install/std_msgs/include/std_msgs/std_msgs/msg/detail/u_int16_multi_array__rosidl_typesupport_fastrtps_cpp.hpp
[11.104s] -- Symlinking: /home/jiil/ur_ws/install/std_msgs/include/std_msgs/std_msgs/msg/detail/u_int32__rosidl_typesupport_fastrtps_cpp.hpp
[11.109s] -- Symlinking: /home/jiil/ur_ws/install/std_msgs/include/std_msgs/std_msgs/msg/detail/u_int32_multi_array__rosidl_typesupport_fastrtps_cpp.hpp
[11.114s] -- Symlinking: /home/jiil/ur_ws/install/std_msgs/include/std_msgs/std_msgs/msg/detail/u_int64__rosidl_typesupport_fastrtps_cpp.hpp
[11.118s] -- Symlinking: /home/jiil/ur_ws/install/std_msgs/include/std_msgs/std_msgs/msg/detail/u_int64_multi_array__rosidl_typesupport_fastrtps_cpp.hpp
[11.123s] -- Symlinking: /home/jiil/ur_ws/install/std_msgs/include/std_msgs/std_msgs/msg/detail/u_int8__rosidl_typesupport_fastrtps_cpp.hpp
[11.128s] -- Symlinking: /home/jiil/ur_ws/install/std_msgs/include/std_msgs/std_msgs/msg/detail/u_int8_multi_array__rosidl_typesupport_fastrtps_cpp.hpp
[11.133s] -- Symlinking: /home/jiil/ur_ws/install/std_msgs/include/std_msgs/std_msgs/msg/rosidl_typesupport_fastrtps_cpp__visibility_control.h
[11.138s] -- Symlinking: /home/jiil/ur_ws/install/std_msgs/include/std_msgs/std_msgs/msg/detail/bool__rosidl_typesupport_introspection_c.h
[11.143s] -- Symlinking: /home/jiil/ur_ws/install/std_msgs/include/std_msgs/std_msgs/msg/detail/byte__rosidl_typesupport_introspection_c.h
[11.148s] -- Symlinking: /home/jiil/ur_ws/install/std_msgs/include/std_msgs/std_msgs/msg/detail/byte_multi_array__rosidl_typesupport_introspection_c.h
[11.152s] -- Symlinking: /home/jiil/ur_ws/install/std_msgs/include/std_msgs/std_msgs/msg/detail/char__rosidl_typesupport_introspection_c.h
[11.157s] -- Symlinking: /home/jiil/ur_ws/install/std_msgs/include/std_msgs/std_msgs/msg/detail/color_rgba__rosidl_typesupport_introspection_c.h
[11.162s] -- Symlinking: /home/jiil/ur_ws/install/std_msgs/include/std_msgs/std_msgs/msg/detail/empty__rosidl_typesupport_introspection_c.h
[11.167s] -- Symlinking: /home/jiil/ur_ws/install/std_msgs/include/std_msgs/std_msgs/msg/detail/float32__rosidl_typesupport_introspection_c.h
[11.172s] -- Symlinking: /home/jiil/ur_ws/install/std_msgs/include/std_msgs/std_msgs/msg/detail/float32_multi_array__rosidl_typesupport_introspection_c.h
[11.176s] -- Symlinking: /home/jiil/ur_ws/install/std_msgs/include/std_msgs/std_msgs/msg/detail/float64__rosidl_typesupport_introspection_c.h
[11.181s] -- Symlinking: /home/jiil/ur_ws/install/std_msgs/include/std_msgs/std_msgs/msg/detail/float64_multi_array__rosidl_typesupport_introspection_c.h
[11.186s] -- Symlinking: /home/jiil/ur_ws/install/std_msgs/include/std_msgs/std_msgs/msg/detail/header__rosidl_typesupport_introspection_c.h
[11.191s] -- Symlinking: /home/jiil/ur_ws/install/std_msgs/include/std_msgs/std_msgs/msg/detail/int16__rosidl_typesupport_introspection_c.h
[11.195s] -- Symlinking: /home/jiil/ur_ws/install/std_msgs/include/std_msgs/std_msgs/msg/detail/int16_multi_array__rosidl_typesupport_introspection_c.h
[11.201s] -- Symlinking: /home/jiil/ur_ws/install/std_msgs/include/std_msgs/std_msgs/msg/detail/int32__rosidl_typesupport_introspection_c.h
[11.205s] -- Symlinking: /home/jiil/ur_ws/install/std_msgs/include/std_msgs/std_msgs/msg/detail/int32_multi_array__rosidl_typesupport_introspection_c.h
[11.210s] -- Symlinking: /home/jiil/ur_ws/install/std_msgs/include/std_msgs/std_msgs/msg/detail/int64__rosidl_typesupport_introspection_c.h
[11.215s] -- Symlinking: /home/jiil/ur_ws/install/std_msgs/include/std_msgs/std_msgs/msg/detail/int64_multi_array__rosidl_typesupport_introspection_c.h
[11.220s] -- Symlinking: /home/jiil/ur_ws/install/std_msgs/include/std_msgs/std_msgs/msg/detail/int8__rosidl_typesupport_introspection_c.h
[11.225s] -- Symlinking: /home/jiil/ur_ws/install/std_msgs/include/std_msgs/std_msgs/msg/detail/int8_multi_array__rosidl_typesupport_introspection_c.h
[11.230s] -- Symlinking: /home/jiil/ur_ws/install/std_msgs/include/std_msgs/std_msgs/msg/detail/multi_array_dimension__rosidl_typesupport_introspection_c.h
[11.234s] -- Symlinking: /home/jiil/ur_ws/install/std_msgs/include/std_msgs/std_msgs/msg/detail/multi_array_layout__rosidl_typesupport_introspection_c.h
[11.239s] -- Symlinking: /home/jiil/ur_ws/install/std_msgs/include/std_msgs/std_msgs/msg/detail/string__rosidl_typesupport_introspection_c.h
[11.244s] -- Symlinking: /home/jiil/ur_ws/install/std_msgs/include/std_msgs/std_msgs/msg/detail/u_int16__rosidl_typesupport_introspection_c.h
[11.249s] -- Symlinking: /home/jiil/ur_ws/install/std_msgs/include/std_msgs/std_msgs/msg/detail/u_int16_multi_array__rosidl_typesupport_introspection_c.h
[11.254s] -- Symlinking: /home/jiil/ur_ws/install/std_msgs/include/std_msgs/std_msgs/msg/detail/u_int32__rosidl_typesupport_introspection_c.h
[11.259s] -- Symlinking: /home/jiil/ur_ws/install/std_msgs/include/std_msgs/std_msgs/msg/detail/u_int32_multi_array__rosidl_typesupport_introspection_c.h
[11.263s] -- Symlinking: /home/jiil/ur_ws/install/std_msgs/include/std_msgs/std_msgs/msg/detail/u_int64__rosidl_typesupport_introspection_c.h
[11.268s] -- Symlinking: /home/jiil/ur_ws/install/std_msgs/include/std_msgs/std_msgs/msg/detail/u_int64_multi_array__rosidl_typesupport_introspection_c.h
[11.273s] -- Symlinking: /home/jiil/ur_ws/install/std_msgs/include/std_msgs/std_msgs/msg/detail/u_int8__rosidl_typesupport_introspection_c.h
[11.278s] -- Symlinking: /home/jiil/ur_ws/install/std_msgs/include/std_msgs/std_msgs/msg/detail/u_int8_multi_array__rosidl_typesupport_introspection_c.h
[11.282s] -- Symlinking: /home/jiil/ur_ws/install/std_msgs/include/std_msgs/std_msgs/msg/rosidl_typesupport_introspection_c__visibility_control.h
[11.287s] -- Symlinking: /home/jiil/ur_ws/install/std_msgs/include/std_msgs/std_msgs/msg/detail/bool__rosidl_typesupport_introspection_cpp.hpp
[11.292s] -- Symlinking: /home/jiil/ur_ws/install/std_msgs/include/std_msgs/std_msgs/msg/detail/byte__rosidl_typesupport_introspection_cpp.hpp
[11.297s] -- Symlinking: /home/jiil/ur_ws/install/std_msgs/include/std_msgs/std_msgs/msg/detail/byte_multi_array__rosidl_typesupport_introspection_cpp.hpp
[11.302s] -- Symlinking: /home/jiil/ur_ws/install/std_msgs/include/std_msgs/std_msgs/msg/detail/char__rosidl_typesupport_introspection_cpp.hpp
[11.307s] -- Symlinking: /home/jiil/ur_ws/install/std_msgs/include/std_msgs/std_msgs/msg/detail/color_rgba__rosidl_typesupport_introspection_cpp.hpp
[11.312s] -- Symlinking: /home/jiil/ur_ws/install/std_msgs/include/std_msgs/std_msgs/msg/detail/empty__rosidl_typesupport_introspection_cpp.hpp
[11.316s] -- Symlinking: /home/jiil/ur_ws/install/std_msgs/include/std_msgs/std_msgs/msg/detail/float32__rosidl_typesupport_introspection_cpp.hpp
[11.321s] -- Symlinking: /home/jiil/ur_ws/install/std_msgs/include/std_msgs/std_msgs/msg/detail/float32_multi_array__rosidl_typesupport_introspection_cpp.hpp
[11.326s] -- Symlinking: /home/jiil/ur_ws/install/std_msgs/include/std_msgs/std_msgs/msg/detail/float64__rosidl_typesupport_introspection_cpp.hpp
[11.331s] -- Symlinking: /home/jiil/ur_ws/install/std_msgs/include/std_msgs/std_msgs/msg/detail/float64_multi_array__rosidl_typesupport_introspection_cpp.hpp
[11.336s] -- Symlinking: /home/jiil/ur_ws/install/std_msgs/include/std_msgs/std_msgs/msg/detail/header__rosidl_typesupport_introspection_cpp.hpp
[11.340s] -- Symlinking: /home/jiil/ur_ws/install/std_msgs/include/std_msgs/std_msgs/msg/detail/int16__rosidl_typesupport_introspection_cpp.hpp
[11.345s] -- Symlinking: /home/jiil/ur_ws/install/std_msgs/include/std_msgs/std_msgs/msg/detail/int16_multi_array__rosidl_typesupport_introspection_cpp.hpp
[11.350s] -- Symlinking: /home/jiil/ur_ws/install/std_msgs/include/std_msgs/std_msgs/msg/detail/int32__rosidl_typesupport_introspection_cpp.hpp
[11.355s] -- Symlinking: /home/jiil/ur_ws/install/std_msgs/include/std_msgs/std_msgs/msg/detail/int32_multi_array__rosidl_typesupport_introspection_cpp.hpp
[11.360s] -- Symlinking: /home/jiil/ur_ws/install/std_msgs/include/std_msgs/std_msgs/msg/detail/int64__rosidl_typesupport_introspection_cpp.hpp
[11.364s] -- Symlinking: /home/jiil/ur_ws/install/std_msgs/include/std_msgs/std_msgs/msg/detail/int64_multi_array__rosidl_typesupport_introspection_cpp.hpp
[11.369s] -- Symlinking: /home/jiil/ur_ws/install/std_msgs/include/std_msgs/std_msgs/msg/detail/int8__rosidl_typesupport_introspection_cpp.hpp
[11.374s] -- Symlinking: /home/jiil/ur_ws/install/std_msgs/include/std_msgs/std_msgs/msg/detail/int8_multi_array__rosidl_typesupport_introspection_cpp.hpp
[11.379s] -- Symlinking: /home/jiil/ur_ws/install/std_msgs/include/std_msgs/std_msgs/msg/detail/multi_array_dimension__rosidl_typesupport_introspection_cpp.hpp
[11.383s] -- Symlinking: /home/jiil/ur_ws/install/std_msgs/include/std_msgs/std_msgs/msg/detail/multi_array_layout__rosidl_typesupport_introspection_cpp.hpp
[11.388s] -- Symlinking: /home/jiil/ur_ws/install/std_msgs/include/std_msgs/std_msgs/msg/detail/string__rosidl_typesupport_introspection_cpp.hpp
[11.393s] -- Symlinking: /home/jiil/ur_ws/install/std_msgs/include/std_msgs/std_msgs/msg/detail/u_int16__rosidl_typesupport_introspection_cpp.hpp
[11.398s] -- Symlinking: /home/jiil/ur_ws/install/std_msgs/include/std_msgs/std_msgs/msg/detail/u_int16_multi_array__rosidl_typesupport_introspection_cpp.hpp
[11.403s] -- Symlinking: /home/jiil/ur_ws/install/std_msgs/include/std_msgs/std_msgs/msg/detail/u_int32__rosidl_typesupport_introspection_cpp.hpp
[11.407s] -- Symlinking: /home/jiil/ur_ws/install/std_msgs/include/std_msgs/std_msgs/msg/detail/u_int32_multi_array__rosidl_typesupport_introspection_cpp.hpp
[11.412s] -- Symlinking: /home/jiil/ur_ws/install/std_msgs/include/std_msgs/std_msgs/msg/detail/u_int64__rosidl_typesupport_introspection_cpp.hpp
[11.417s] -- Symlinking: /home/jiil/ur_ws/install/std_msgs/include/std_msgs/std_msgs/msg/detail/u_int64_multi_array__rosidl_typesupport_introspection_cpp.hpp
[11.422s] -- Symlinking: /home/jiil/ur_ws/install/std_msgs/include/std_msgs/std_msgs/msg/detail/u_int8__rosidl_typesupport_introspection_cpp.hpp
[11.426s] -- Symlinking: /home/jiil/ur_ws/install/std_msgs/include/std_msgs/std_msgs/msg/detail/u_int8_multi_array__rosidl_typesupport_introspection_cpp.hpp
[11.431s] -- Symlinking: /home/jiil/ur_ws/install/std_msgs/share/std_msgs/environment/pythonpath.sh
[11.436s] -- Symlinking: /home/jiil/ur_ws/install/std_msgs/share/std_msgs/environment/pythonpath.dsv
[11.441s] -- Symlinking: /home/jiil/ur_ws/install/std_msgs/local/lib/python3.12/dist-packages/std_msgs-4.9.0-py3.12.egg-info/PKG-INFO
[11.446s] -- Symlinking: /home/jiil/ur_ws/install/std_msgs/local/lib/python3.12/dist-packages/std_msgs-4.9.0-py3.12.egg-info/SOURCES.txt
[11.450s] -- Symlinking: /home/jiil/ur_ws/install/std_msgs/local/lib/python3.12/dist-packages/std_msgs-4.9.0-py3.12.egg-info/dependency_links.txt
[11.455s] -- Symlinking: /home/jiil/ur_ws/install/std_msgs/local/lib/python3.12/dist-packages/std_msgs-4.9.0-py3.12.egg-info/top_level.txt
[11.461s] -- Symlinking: /home/jiil/ur_ws/install/std_msgs/local/lib/python3.12/dist-packages/std_msgs/__init__.py
[11.465s] -- Symlinking: /home/jiil/ur_ws/install/std_msgs/local/lib/python3.12/dist-packages/std_msgs/_std_msgs_s.ep.rosidl_typesupport_c.c
[11.470s] -- Symlinking: /home/jiil/ur_ws/install/std_msgs/local/lib/python3.12/dist-packages/std_msgs/_std_msgs_s.ep.rosidl_typesupport_fastrtps_c.c
[11.475s] -- Symlinking: /home/jiil/ur_ws/install/std_msgs/local/lib/python3.12/dist-packages/std_msgs/_std_msgs_s.ep.rosidl_typesupport_introspection_c.c
[11.480s] -- Symlinking: /home/jiil/ur_ws/install/std_msgs/local/lib/python3.12/dist-packages/std_msgs/libstd_msgs__rosidl_generator_py.so
[11.485s] -- Symlinking: /home/jiil/ur_ws/install/std_msgs/local/lib/python3.12/dist-packages/std_msgs/msg/__init__.py
[11.489s] -- Symlinking: /home/jiil/ur_ws/install/std_msgs/local/lib/python3.12/dist-packages/std_msgs/msg/_bool.py
[11.494s] -- Symlinking: /home/jiil/ur_ws/install/std_msgs/local/lib/python3.12/dist-packages/std_msgs/msg/_bool_s.c
[11.499s] -- Symlinking: /home/jiil/ur_ws/install/std_msgs/local/lib/python3.12/dist-packages/std_msgs/msg/_byte.py
[11.504s] -- Symlinking: /home/jiil/ur_ws/install/std_msgs/local/lib/python3.12/dist-packages/std_msgs/msg/_byte_multi_array.py
[11.509s] -- Symlinking: /home/jiil/ur_ws/install/std_msgs/local/lib/python3.12/dist-packages/std_msgs/msg/_byte_multi_array_s.c
[11.513s] -- Symlinking: /home/jiil/ur_ws/install/std_msgs/local/lib/python3.12/dist-packages/std_msgs/msg/_byte_s.c
[11.518s] -- Symlinking: /home/jiil/ur_ws/install/std_msgs/local/lib/python3.12/dist-packages/std_msgs/msg/_char.py
[11.523s] -- Symlinking: /home/jiil/ur_ws/install/std_msgs/local/lib/python3.12/dist-packages/std_msgs/msg/_char_s.c
[11.528s] -- Symlinking: /home/jiil/ur_ws/install/std_msgs/local/lib/python3.12/dist-packages/std_msgs/msg/_color_rgba.py
[11.533s] -- Symlinking: /home/jiil/ur_ws/install/std_msgs/local/lib/python3.12/dist-packages/std_msgs/msg/_color_rgba_s.c
[11.537s] -- Symlinking: /home/jiil/ur_ws/install/std_msgs/local/lib/python3.12/dist-packages/std_msgs/msg/_empty.py
[11.542s] -- Symlinking: /home/jiil/ur_ws/install/std_msgs/local/lib/python3.12/dist-packages/std_msgs/msg/_empty_s.c
[11.547s] -- Symlinking: /home/jiil/ur_ws/install/std_msgs/local/lib/python3.12/dist-packages/std_msgs/msg/_float32.py
[11.552s] -- Symlinking: /home/jiil/ur_ws/install/std_msgs/local/lib/python3.12/dist-packages/std_msgs/msg/_float32_multi_array.py
[11.556s] -- Symlinking: /home/jiil/ur_ws/install/std_msgs/local/lib/python3.12/dist-packages/std_msgs/msg/_float32_multi_array_s.c
[11.561s] -- Symlinking: /home/jiil/ur_ws/install/std_msgs/local/lib/python3.12/dist-packages/std_msgs/msg/_float32_s.c
[11.566s] -- Symlinking: /home/jiil/ur_ws/install/std_msgs/local/lib/python3.12/dist-packages/std_msgs/msg/_float64.py
[11.571s] -- Symlinking: /home/jiil/ur_ws/install/std_msgs/local/lib/python3.12/dist-packages/std_msgs/msg/_float64_multi_array.py
[11.576s] -- Symlinking: /home/jiil/ur_ws/install/std_msgs/local/lib/python3.12/dist-packages/std_msgs/msg/_float64_multi_array_s.c
[11.580s] -- Symlinking: /home/jiil/ur_ws/install/std_msgs/local/lib/python3.12/dist-packages/std_msgs/msg/_float64_s.c
[11.585s] -- Symlinking: /home/jiil/ur_ws/install/std_msgs/local/lib/python3.12/dist-packages/std_msgs/msg/_header.py
[11.590s] -- Symlinking: /home/jiil/ur_ws/install/std_msgs/local/lib/python3.12/dist-packages/std_msgs/msg/_header_s.c
[11.595s] -- Symlinking: /home/jiil/ur_ws/install/std_msgs/local/lib/python3.12/dist-packages/std_msgs/msg/_int16.py
[11.600s] -- Symlinking: /home/jiil/ur_ws/install/std_msgs/local/lib/python3.12/dist-packages/std_msgs/msg/_int16_multi_array.py
[11.605s] -- Symlinking: /home/jiil/ur_ws/install/std_msgs/local/lib/python3.12/dist-packages/std_msgs/msg/_int16_multi_array_s.c
[11.609s] -- Symlinking: /home/jiil/ur_ws/install/std_msgs/local/lib/python3.12/dist-packages/std_msgs/msg/_int16_s.c
[11.614s] -- Symlinking: /home/jiil/ur_ws/install/std_msgs/local/lib/python3.12/dist-packages/std_msgs/msg/_int32.py
[11.619s] -- Symlinking: /home/jiil/ur_ws/install/std_msgs/local/lib/python3.12/dist-packages/std_msgs/msg/_int32_multi_array.py
[11.624s] -- Symlinking: /home/jiil/ur_ws/install/std_msgs/local/lib/python3.12/dist-packages/std_msgs/msg/_int32_multi_array_s.c
[11.628s] -- Symlinking: /home/jiil/ur_ws/install/std_msgs/local/lib/python3.12/dist-packages/std_msgs/msg/_int32_s.c
[11.633s] -- Symlinking: /home/jiil/ur_ws/install/std_msgs/local/lib/python3.12/dist-packages/std_msgs/msg/_int64.py
[11.638s] -- Symlinking: /home/jiil/ur_ws/install/std_msgs/local/lib/python3.12/dist-packages/std_msgs/msg/_int64_multi_array.py
[11.643s] -- Symlinking: /home/jiil/ur_ws/install/std_msgs/local/lib/python3.12/dist-packages/std_msgs/msg/_int64_multi_array_s.c
[11.648s] -- Symlinking: /home/jiil/ur_ws/install/std_msgs/local/lib/python3.12/dist-packages/std_msgs/msg/_int64_s.c
[11.652s] -- Symlinking: /home/jiil/ur_ws/install/std_msgs/local/lib/python3.12/dist-packages/std_msgs/msg/_int8.py
[11.657s] -- Symlinking: /home/jiil/ur_ws/install/std_msgs/local/lib/python3.12/dist-packages/std_msgs/msg/_int8_multi_array.py
[11.662s] -- Symlinking: /home/jiil/ur_ws/install/std_msgs/local/lib/python3.12/dist-packages/std_msgs/msg/_int8_multi_array_s.c
[11.667s] -- Symlinking: /home/jiil/ur_ws/install/std_msgs/local/lib/python3.12/dist-packages/std_msgs/msg/_int8_s.c
[11.671s] -- Symlinking: /home/jiil/ur_ws/install/std_msgs/local/lib/python3.12/dist-packages/std_msgs/msg/_multi_array_dimension.py
[11.676s] -- Symlinking: /home/jiil/ur_ws/install/std_msgs/local/lib/python3.12/dist-packages/std_msgs/msg/_multi_array_dimension_s.c
[11.681s] -- Symlinking: /home/jiil/ur_ws/install/std_msgs/local/lib/python3.12/dist-packages/std_msgs/msg/_multi_array_layout.py
[11.686s] -- Symlinking: /home/jiil/ur_ws/install/std_msgs/local/lib/python3.12/dist-packages/std_msgs/msg/_multi_array_layout_s.c
[11.691s] -- Symlinking: /home/jiil/ur_ws/install/std_msgs/local/lib/python3.12/dist-packages/std_msgs/msg/_string.py
[11.696s] -- Symlinking: /home/jiil/ur_ws/install/std_msgs/local/lib/python3.12/dist-packages/std_msgs/msg/_string_s.c
[11.700s] -- Symlinking: /home/jiil/ur_ws/install/std_msgs/local/lib/python3.12/dist-packages/std_msgs/msg/_u_int16.py
[11.705s] -- Symlinking: /home/jiil/ur_ws/install/std_msgs/local/lib/python3.12/dist-packages/std_msgs/msg/_u_int16_multi_array.py
[11.710s] -- Symlinking: /home/jiil/ur_ws/install/std_msgs/local/lib/python3.12/dist-packages/std_msgs/msg/_u_int16_multi_array_s.c
[11.715s] -- Symlinking: /home/jiil/ur_ws/install/std_msgs/local/lib/python3.12/dist-packages/std_msgs/msg/_u_int16_s.c
[11.719s] -- Symlinking: /home/jiil/ur_ws/install/std_msgs/local/lib/python3.12/dist-packages/std_msgs/msg/_u_int32.py
[11.724s] -- Symlinking: /home/jiil/ur_ws/install/std_msgs/local/lib/python3.12/dist-packages/std_msgs/msg/_u_int32_multi_array.py
[11.729s] -- Symlinking: /home/jiil/ur_ws/install/std_msgs/local/lib/python3.12/dist-packages/std_msgs/msg/_u_int32_multi_array_s.c
[11.734s] -- Symlinking: /home/jiil/ur_ws/install/std_msgs/local/lib/python3.12/dist-packages/std_msgs/msg/_u_int32_s.c
[11.738s] -- Symlinking: /home/jiil/ur_ws/install/std_msgs/local/lib/python3.12/dist-packages/std_msgs/msg/_u_int64.py
[11.743s] -- Symlinking: /home/jiil/ur_ws/install/std_msgs/local/lib/python3.12/dist-packages/std_msgs/msg/_u_int64_multi_array.py
[11.748s] -- Symlinking: /home/jiil/ur_ws/install/std_msgs/local/lib/python3.12/dist-packages/std_msgs/msg/_u_int64_multi_array_s.c
[11.753s] -- Symlinking: /home/jiil/ur_ws/install/std_msgs/local/lib/python3.12/dist-packages/std_msgs/msg/_u_int64_s.c
[11.758s] -- Symlinking: /home/jiil/ur_ws/install/std_msgs/local/lib/python3.12/dist-packages/std_msgs/msg/_u_int8.py
[11.762s] -- Symlinking: /home/jiil/ur_ws/install/std_msgs/local/lib/python3.12/dist-packages/std_msgs/msg/_u_int8_multi_array.py
[11.767s] -- Symlinking: /home/jiil/ur_ws/install/std_msgs/local/lib/python3.12/dist-packages/std_msgs/msg/_u_int8_multi_array_s.c
[11.772s] -- Symlinking: /home/jiil/ur_ws/install/std_msgs/local/lib/python3.12/dist-packages/std_msgs/msg/_u_int8_s.c
[11.777s] -- Symlinking: /home/jiil/ur_ws/install/std_msgs/local/lib/python3.12/dist-packages/std_msgs/std_msgs_s__rosidl_typesupport_c.cpython-312-x86_64-linux-gnu.so
[11.782s] -- Symlinking: /home/jiil/ur_ws/install/std_msgs/local/lib/python3.12/dist-packages/std_msgs/std_msgs_s__rosidl_typesupport_fastrtps_c.cpython-312-x86_64-linux-gnu.so
[11.786s] -- Symlinking: /home/jiil/ur_ws/install/std_msgs/local/lib/python3.12/dist-packages/std_msgs/std_msgs_s__rosidl_typesupport_introspection_c.cpython-312-x86_64-linux-gnu.so
[11.791s] -- Up-to-date symlink: /home/jiil/ur_ws/install/std_msgs/local/lib/python3.12/dist-packages/std_msgs/std_msgs_s__rosidl_typesupport_introspection_c.cpython-312-x86_64-linux-gnu.so
[11.791s] -- Up-to-date symlink: /home/jiil/ur_ws/install/std_msgs/local/lib/python3.12/dist-packages/std_msgs/std_msgs_s__rosidl_typesupport_fastrtps_c.cpython-312-x86_64-linux-gnu.so
[11.791s] -- Up-to-date symlink: /home/jiil/ur_ws/install/std_msgs/local/lib/python3.12/dist-packages/std_msgs/std_msgs_s__rosidl_typesupport_c.cpython-312-x86_64-linux-gnu.so
[11.791s] -- Symlinking: /home/jiil/ur_ws/install/std_msgs/share/std_msgs/msg/Bool.idl
[11.796s] -- Symlinking: /home/jiil/ur_ws/install/std_msgs/share/std_msgs/msg/Byte.idl
[11.801s] -- Symlinking: /home/jiil/ur_ws/install/std_msgs/share/std_msgs/msg/ByteMultiArray.idl
[11.806s] -- Symlinking: /home/jiil/ur_ws/install/std_msgs/share/std_msgs/msg/Char.idl
[11.811s] -- Symlinking: /home/jiil/ur_ws/install/std_msgs/share/std_msgs/msg/ColorRGBA.idl
[11.816s] -- Symlinking: /home/jiil/ur_ws/install/std_msgs/share/std_msgs/msg/Empty.idl
[11.821s] -- Symlinking: /home/jiil/ur_ws/install/std_msgs/share/std_msgs/msg/Float32.idl
[11.826s] -- Symlinking: /home/jiil/ur_ws/install/std_msgs/share/std_msgs/msg/Float32MultiArray.idl
[11.831s] -- Symlinking: /home/jiil/ur_ws/install/std_msgs/share/std_msgs/msg/Float64.idl
[11.836s] -- Symlinking: /home/jiil/ur_ws/install/std_msgs/share/std_msgs/msg/Float64MultiArray.idl
[11.841s] -- Symlinking: /home/jiil/ur_ws/install/std_msgs/share/std_msgs/msg/Header.idl
[11.846s] -- Symlinking: /home/jiil/ur_ws/install/std_msgs/share/std_msgs/msg/Int16.idl
[11.850s] -- Symlinking: /home/jiil/ur_ws/install/std_msgs/share/std_msgs/msg/Int16MultiArray.idl
[11.855s] -- Symlinking: /home/jiil/ur_ws/install/std_msgs/share/std_msgs/msg/Int32.idl
[11.860s] -- Symlinking: /home/jiil/ur_ws/install/std_msgs/share/std_msgs/msg/Int32MultiArray.idl
[11.865s] -- Symlinking: /home/jiil/ur_ws/install/std_msgs/share/std_msgs/msg/Int64.idl
[11.869s] -- Symlinking: /home/jiil/ur_ws/install/std_msgs/share/std_msgs/msg/Int64MultiArray.idl
[11.874s] -- Symlinking: /home/jiil/ur_ws/install/std_msgs/share/std_msgs/msg/Int8.idl
[11.879s] -- Symlinking: /home/jiil/ur_ws/install/std_msgs/share/std_msgs/msg/Int8MultiArray.idl
[11.884s] -- Symlinking: /home/jiil/ur_ws/install/std_msgs/share/std_msgs/msg/MultiArrayDimension.idl
[11.888s] -- Symlinking: /home/jiil/ur_ws/install/std_msgs/share/std_msgs/msg/MultiArrayLayout.idl
[11.893s] -- Symlinking: /home/jiil/ur_ws/install/std_msgs/share/std_msgs/msg/String.idl
[11.898s] -- Symlinking: /home/jiil/ur_ws/install/std_msgs/share/std_msgs/msg/UInt16.idl
[11.903s] -- Symlinking: /home/jiil/ur_ws/install/std_msgs/share/std_msgs/msg/UInt16MultiArray.idl
[11.908s] -- Symlinking: /home/jiil/ur_ws/install/std_msgs/share/std_msgs/msg/UInt32.idl
[11.913s] -- Symlinking: /home/jiil/ur_ws/install/std_msgs/share/std_msgs/msg/UInt32MultiArray.idl
[11.918s] -- Symlinking: /home/jiil/ur_ws/install/std_msgs/share/std_msgs/msg/UInt64.idl
[11.922s] -- Symlinking: /home/jiil/ur_ws/install/std_msgs/share/std_msgs/msg/UInt64MultiArray.idl
[11.927s] -- Symlinking: /home/jiil/ur_ws/install/std_msgs/share/std_msgs/msg/UInt8.idl
[11.932s] -- Symlinking: /home/jiil/ur_ws/install/std_msgs/share/std_msgs/msg/UInt8MultiArray.idl
[11.937s] -- Symlinking: /home/jiil/ur_ws/install/std_msgs/share/std_msgs/msg/Bool.msg
[11.942s] -- Symlinking: /home/jiil/ur_ws/install/std_msgs/share/std_msgs/msg/Byte.msg
[11.946s] -- Symlinking: /home/jiil/ur_ws/install/std_msgs/share/std_msgs/msg/ByteMultiArray.msg
[11.951s] -- Symlinking: /home/jiil/ur_ws/install/std_msgs/share/std_msgs/msg/Char.msg
[11.956s] -- Symlinking: /home/jiil/ur_ws/install/std_msgs/share/std_msgs/msg/ColorRGBA.msg
[11.961s] -- Symlinking: /home/jiil/ur_ws/install/std_msgs/share/std_msgs/msg/Empty.msg
[11.965s] -- Symlinking: /home/jiil/ur_ws/install/std_msgs/share/std_msgs/msg/Float32.msg
[11.970s] -- Symlinking: /home/jiil/ur_ws/install/std_msgs/share/std_msgs/msg/Float32MultiArray.msg
[11.975s] -- Symlinking: /home/jiil/ur_ws/install/std_msgs/share/std_msgs/msg/Float64.msg
[11.980s] -- Symlinking: /home/jiil/ur_ws/install/std_msgs/share/std_msgs/msg/Float64MultiArray.msg
[11.985s] -- Symlinking: /home/jiil/ur_ws/install/std_msgs/share/std_msgs/msg/Header.msg
[11.990s] -- Symlinking: /home/jiil/ur_ws/install/std_msgs/share/std_msgs/msg/Int16.msg
[11.995s] -- Symlinking: /home/jiil/ur_ws/install/std_msgs/share/std_msgs/msg/Int16MultiArray.msg
[12.000s] -- Symlinking: /home/jiil/ur_ws/install/std_msgs/share/std_msgs/msg/Int32.msg
[12.005s] -- Symlinking: /home/jiil/ur_ws/install/std_msgs/share/std_msgs/msg/Int32MultiArray.msg
[12.010s] -- Symlinking: /home/jiil/ur_ws/install/std_msgs/share/std_msgs/msg/Int64.msg
[12.015s] -- Symlinking: /home/jiil/ur_ws/install/std_msgs/share/std_msgs/msg/Int64MultiArray.msg
[12.019s] -- Symlinking: /home/jiil/ur_ws/install/std_msgs/share/std_msgs/msg/Int8.msg
[12.024s] -- Symlinking: /home/jiil/ur_ws/install/std_msgs/share/std_msgs/msg/Int8MultiArray.msg
[12.029s] -- Symlinking: /home/jiil/ur_ws/install/std_msgs/share/std_msgs/msg/MultiArrayDimension.msg
[12.034s] -- Symlinking: /home/jiil/ur_ws/install/std_msgs/share/std_msgs/msg/MultiArrayLayout.msg
[12.039s] -- Symlinking: /home/jiil/ur_ws/install/std_msgs/share/std_msgs/msg/String.msg
[12.043s] -- Symlinking: /home/jiil/ur_ws/install/std_msgs/share/std_msgs/msg/UInt16.msg
[12.048s] -- Symlinking: /home/jiil/ur_ws/install/std_msgs/share/std_msgs/msg/UInt16MultiArray.msg
[12.053s] -- Symlinking: /home/jiil/ur_ws/install/std_msgs/share/std_msgs/msg/UInt32.msg
[12.058s] -- Symlinking: /home/jiil/ur_ws/install/std_msgs/share/std_msgs/msg/UInt32MultiArray.msg
[12.063s] -- Symlinking: /home/jiil/ur_ws/install/std_msgs/share/std_msgs/msg/UInt64.msg
[12.067s] -- Symlinking: /home/jiil/ur_ws/install/std_msgs/share/std_msgs/msg/UInt64MultiArray.msg
[12.072s] -- Symlinking: /home/jiil/ur_ws/install/std_msgs/share/std_msgs/msg/UInt8.msg
[12.077s] -- Symlinking: /home/jiil/ur_ws/install/std_msgs/share/std_msgs/msg/UInt8MultiArray.msg
[12.082s] -- Symlinking: /home/jiil/ur_ws/install/std_msgs/share/ament_index/resource_index/package_run_dependencies/std_msgs
[12.087s] -- Symlinking: /home/jiil/ur_ws/install/std_msgs/share/ament_index/resource_index/parent_prefix_path/std_msgs
[12.092s] -- Symlinking: /home/jiil/ur_ws/install/std_msgs/share/std_msgs/environment/ament_prefix_path.sh
[12.096s] -- Symlinking: /home/jiil/ur_ws/install/std_msgs/share/std_msgs/environment/ament_prefix_path.dsv
[12.101s] -- Symlinking: /home/jiil/ur_ws/install/std_msgs/share/std_msgs/environment/path.sh
[12.106s] -- Symlinking: /home/jiil/ur_ws/install/std_msgs/share/std_msgs/environment/path.dsv
[12.111s] -- Symlinking: /home/jiil/ur_ws/install/std_msgs/share/std_msgs/local_setup.bash
[12.116s] -- Symlinking: /home/jiil/ur_ws/install/std_msgs/share/std_msgs/local_setup.sh
[12.121s] -- Symlinking: /home/jiil/ur_ws/install/std_msgs/share/std_msgs/local_setup.zsh
[12.126s] -- Symlinking: /home/jiil/ur_ws/install/std_msgs/share/std_msgs/local_setup.dsv
[12.130s] -- Symlinking: /home/jiil/ur_ws/install/std_msgs/share/std_msgs/package.dsv
[12.135s] -- Symlinking: /home/jiil/ur_ws/install/std_msgs/share/ament_index/resource_index/packages/std_msgs
[12.140s] -- Symlinking: /home/jiil/ur_ws/install/std_msgs/share/std_msgs/cmake/rosidl_cmake-extras.cmake
[12.145s] -- Symlinking: /home/jiil/ur_ws/install/std_msgs/share/std_msgs/cmake/ament_cmake_export_dependencies-extras.cmake
[12.150s] -- Symlinking: /home/jiil/ur_ws/install/std_msgs/share/std_msgs/cmake/ament_cmake_export_include_directories-extras.cmake
[12.154s] -- Symlinking: /home/jiil/ur_ws/install/std_msgs/share/std_msgs/cmake/ament_cmake_export_libraries-extras.cmake
[12.159s] -- Symlinking: /home/jiil/ur_ws/install/std_msgs/share/std_msgs/cmake/ament_cmake_export_targets-extras.cmake
[12.164s] -- Symlinking: /home/jiil/ur_ws/install/std_msgs/share/std_msgs/cmake/rosidl_cmake_export_typesupport_targets-extras.cmake
[12.169s] -- Symlinking: /home/jiil/ur_ws/install/std_msgs/share/std_msgs/cmake/rosidl_cmake_export_typesupport_libraries-extras.cmake
[12.174s] -- Symlinking: /home/jiil/ur_ws/install/std_msgs/share/std_msgs/cmake/std_msgsConfig.cmake
[12.178s] -- Symlinking: /home/jiil/ur_ws/install/std_msgs/share/std_msgs/cmake/std_msgsConfig-version.cmake
[12.183s] -- Symlinking: /home/jiil/ur_ws/install/std_msgs/share/std_msgs/package.xml
[12.188s] -- Installing: /home/jiil/ur_ws/install/std_msgs/lib/libstd_msgs__rosidl_generator_c.so
[12.188s] -- Set non-toolchain portion of runtime path of "/home/jiil/ur_ws/install/std_msgs/lib/libstd_msgs__rosidl_generator_c.so" to ""
[12.188s] -- Installing: /home/jiil/ur_ws/install/std_msgs/lib/libstd_msgs__rosidl_typesupport_fastrtps_c.so
[12.188s] -- Set non-toolchain portion of runtime path of "/home/jiil/ur_ws/install/std_msgs/lib/libstd_msgs__rosidl_typesupport_fastrtps_c.so" to ""
[12.188s] -- Installing: /home/jiil/ur_ws/install/std_msgs/lib/libstd_msgs__rosidl_typesupport_fastrtps_cpp.so
[12.188s] -- Set non-toolchain portion of runtime path of "/home/jiil/ur_ws/install/std_msgs/lib/libstd_msgs__rosidl_typesupport_fastrtps_cpp.so" to ""
[12.189s] -- Installing: /home/jiil/ur_ws/install/std_msgs/lib/libstd_msgs__rosidl_typesupport_introspection_c.so
[12.189s] -- Set non-toolchain portion of runtime path of "/home/jiil/ur_ws/install/std_msgs/lib/libstd_msgs__rosidl_typesupport_introspection_c.so" to ""
[12.189s] -- Installing: /home/jiil/ur_ws/install/std_msgs/lib/libstd_msgs__rosidl_typesupport_c.so
[12.189s] -- Set non-toolchain portion of runtime path of "/home/jiil/ur_ws/install/std_msgs/lib/libstd_msgs__rosidl_typesupport_c.so" to ""
[12.189s] -- Installing: /home/jiil/ur_ws/install/std_msgs/lib/libstd_msgs__rosidl_typesupport_introspection_cpp.so
[12.189s] -- Set non-toolchain portion of runtime path of "/home/jiil/ur_ws/install/std_msgs/lib/libstd_msgs__rosidl_typesupport_introspection_cpp.so" to ""
[12.189s] -- Installing: /home/jiil/ur_ws/install/std_msgs/lib/libstd_msgs__rosidl_typesupport_cpp.so
[12.189s] -- Set non-toolchain portion of runtime path of "/home/jiil/ur_ws/install/std_msgs/lib/libstd_msgs__rosidl_typesupport_cpp.so" to ""
[12.249s] Listing '/home/jiil/ur_ws/install/std_msgs/local/lib/python3.12/dist-packages/std_msgs'...
[12.249s] Compiling '/home/jiil/ur_ws/install/std_msgs/local/lib/python3.12/dist-packages/std_msgs/__init__.py'...
[12.249s] Listing '/home/jiil/ur_ws/install/std_msgs/local/lib/python3.12/dist-packages/std_msgs/msg'...
[12.249s] Compiling '/home/jiil/ur_ws/install/std_msgs/local/lib/python3.12/dist-packages/std_msgs/msg/__init__.py'...
[12.249s] Compiling '/home/jiil/ur_ws/install/std_msgs/local/lib/python3.12/dist-packages/std_msgs/msg/_bool.py'...
[12.249s] Compiling '/home/jiil/ur_ws/install/std_msgs/local/lib/python3.12/dist-packages/std_msgs/msg/_byte.py'...
[12.249s] Compiling '/home/jiil/ur_ws/install/std_msgs/local/lib/python3.12/dist-packages/std_msgs/msg/_byte_multi_array.py'...
[12.249s] Compiling '/home/jiil/ur_ws/install/std_msgs/local/lib/python3.12/dist-packages/std_msgs/msg/_char.py'...
[12.249s] Compiling '/home/jiil/ur_ws/install/std_msgs/local/lib/python3.12/dist-packages/std_msgs/msg/_color_rgba.py'...
[12.249s] Compiling '/home/jiil/ur_ws/install/std_msgs/local/lib/python3.12/dist-packages/std_msgs/msg/_empty.py'...
[12.249s] Compiling '/home/jiil/ur_ws/install/std_msgs/local/lib/python3.12/dist-packages/std_msgs/msg/_float32.py'...
[12.249s] Compiling '/home/jiil/ur_ws/install/std_msgs/local/lib/python3.12/dist-packages/std_msgs/msg/_float32_multi_array.py'...
[12.249s] Compiling '/home/jiil/ur_ws/install/std_msgs/local/lib/python3.12/dist-packages/std_msgs/msg/_float64.py'...
[12.249s] Compiling '/home/jiil/ur_ws/install/std_msgs/local/lib/python3.12/dist-packages/std_msgs/msg/_float64_multi_array.py'...
[12.249s] Compiling '/home/jiil/ur_ws/install/std_msgs/local/lib/python3.12/dist-packages/std_msgs/msg/_header.py'...
[12.249s] Compiling '/home/jiil/ur_ws/install/std_msgs/local/lib/python3.12/dist-packages/std_msgs/msg/_int16.py'...
[12.249s] Compiling '/home/jiil/ur_ws/install/std_msgs/local/lib/python3.12/dist-packages/std_msgs/msg/_int16_multi_array.py'...
[12.249s] Compiling '/home/jiil/ur_ws/install/std_msgs/local/lib/python3.12/dist-packages/std_msgs/msg/_int32.py'...
[12.249s] Compiling '/home/jiil/ur_ws/install/std_msgs/local/lib/python3.12/dist-packages/std_msgs/msg/_int32_multi_array.py'...
[12.249s] Compiling '/home/jiil/ur_ws/install/std_msgs/local/lib/python3.12/dist-packages/std_msgs/msg/_int64.py'...
[12.249s] Compiling '/home/jiil/ur_ws/install/std_msgs/local/lib/python3.12/dist-packages/std_msgs/msg/_int64_multi_array.py'...
[12.249s] Compiling '/home/jiil/ur_ws/install/std_msgs/local/lib/python3.12/dist-packages/std_msgs/msg/_int8.py'...
[12.249s] Compiling '/home/jiil/ur_ws/install/std_msgs/local/lib/python3.12/dist-packages/std_msgs/msg/_int8_multi_array.py'...
[12.249s] Compiling '/home/jiil/ur_ws/install/std_msgs/local/lib/python3.12/dist-packages/std_msgs/msg/_multi_array_dimension.py'...
[12.249s] Compiling '/home/jiil/ur_ws/install/std_msgs/local/lib/python3.12/dist-packages/std_msgs/msg/_multi_array_layout.py'...
[12.249s] Compiling '/home/jiil/ur_ws/install/std_msgs/local/lib/python3.12/dist-packages/std_msgs/msg/_string.py'...
[12.249s] Compiling '/home/jiil/ur_ws/install/std_msgs/local/lib/python3.12/dist-packages/std_msgs/msg/_u_int16.py'...
[12.250s] Compiling '/home/jiil/ur_ws/install/std_msgs/local/lib/python3.12/dist-packages/std_msgs/msg/_u_int16_multi_array.py'...
[12.250s] Compiling '/home/jiil/ur_ws/install/std_msgs/local/lib/python3.12/dist-packages/std_msgs/msg/_u_int32.py'...
[12.250s] Compiling '/home/jiil/ur_ws/install/std_msgs/local/lib/python3.12/dist-packages/std_msgs/msg/_u_int32_multi_array.py'...
[12.250s] Compiling '/home/jiil/ur_ws/install/std_msgs/local/lib/python3.12/dist-packages/std_msgs/msg/_u_int64.py'...
[12.250s] Compiling '/home/jiil/ur_ws/install/std_msgs/local/lib/python3.12/dist-packages/std_msgs/msg/_u_int64_multi_array.py'...
[12.250s] Compiling '/home/jiil/ur_ws/install/std_msgs/local/lib/python3.12/dist-packages/std_msgs/msg/_u_int8.py'...
[12.250s] Compiling '/home/jiil/ur_ws/install/std_msgs/local/lib/python3.12/dist-packages/std_msgs/msg/_u_int8_multi_array.py'...
[12.251s] -- Installing: /home/jiil/ur_ws/install/std_msgs/lib/libstd_msgs__rosidl_generator_py.so
[12.251s] -- Set non-toolchain portion of runtime path of "/home/jiil/ur_ws/install/std_msgs/lib/libstd_msgs__rosidl_generator_py.so" to ""
[12.252s] -- Installing: /home/jiil/ur_ws/install/std_msgs/share/std_msgs/cmake/export_std_msgs__rosidl_generator_cExport.cmake
[12.252s] -- Installing: /home/jiil/ur_ws/install/std_msgs/share/std_msgs/cmake/export_std_msgs__rosidl_generator_cExport-release.cmake
[12.252s] -- Installing: /home/jiil/ur_ws/install/std_msgs/share/std_msgs/cmake/export_std_msgs__rosidl_typesupport_fastrtps_cExport.cmake
[12.252s] -- Installing: /home/jiil/ur_ws/install/std_msgs/share/std_msgs/cmake/export_std_msgs__rosidl_typesupport_fastrtps_cExport-release.cmake
[12.252s] -- Installing: /home/jiil/ur_ws/install/std_msgs/share/std_msgs/cmake/export_std_msgs__rosidl_generator_cppExport.cmake
[12.252s] -- Installing: /home/jiil/ur_ws/install/std_msgs/share/std_msgs/cmake/export_std_msgs__rosidl_typesupport_fastrtps_cppExport.cmake
[12.252s] -- Installing: /home/jiil/ur_ws/install/std_msgs/share/std_msgs/cmake/export_std_msgs__rosidl_typesupport_fastrtps_cppExport-release.cmake
[12.252s] -- Installing: /home/jiil/ur_ws/install/std_msgs/share/std_msgs/cmake/std_msgs__rosidl_typesupport_introspection_cExport.cmake
[12.252s] -- Installing: /home/jiil/ur_ws/install/std_msgs/share/std_msgs/cmake/std_msgs__rosidl_typesupport_introspection_cExport-release.cmake
[12.252s] -- Installing: /home/jiil/ur_ws/install/std_msgs/share/std_msgs/cmake/std_msgs__rosidl_typesupport_cExport.cmake
[12.252s] -- Installing: /home/jiil/ur_ws/install/std_msgs/share/std_msgs/cmake/std_msgs__rosidl_typesupport_cExport-release.cmake
[12.252s] -- Installing: /home/jiil/ur_ws/install/std_msgs/share/std_msgs/cmake/std_msgs__rosidl_typesupport_introspection_cppExport.cmake
[12.252s] -- Installing: /home/jiil/ur_ws/install/std_msgs/share/std_msgs/cmake/std_msgs__rosidl_typesupport_introspection_cppExport-release.cmake
[12.252s] -- Installing: /home/jiil/ur_ws/install/std_msgs/share/std_msgs/cmake/std_msgs__rosidl_typesupport_cppExport.cmake
[12.252s] -- Installing: /home/jiil/ur_ws/install/std_msgs/share/std_msgs/cmake/std_msgs__rosidl_typesupport_cppExport-release.cmake
[12.252s] -- Installing: /home/jiil/ur_ws/install/std_msgs/share/std_msgs/cmake/export_std_msgs__rosidl_generator_pyExport.cmake
[12.252s] -- Installing: /home/jiil/ur_ws/install/std_msgs/share/std_msgs/cmake/export_std_msgs__rosidl_generator_pyExport-release.cmake
[12.253s] Invoked command in '/home/jiil/ur_ws/build/std_msgs' returned '0': CMAKE_PREFIX_PATH=${CMAKE_PREFIX_PATH}:/home/jiil/ros2_humble/install/rqt_bag_plugins:/home/jiil/ros2_humble/install/rqt_bag:/home/jiil/ros2_humble/install/launch_testing_examples:/home/jiil/ros2_humble/install/ros2bag:/home/jiil/ros2_humble/install/tracetools_test:/home/jiil/ros2_humble/install/tracetools_launch:/home/jiil/ros2_humble/install/topic_monitor:/home/jiil/ros2_humble/install/tf2_tools:/home/jiil/ros2_humble/install/examples_tf2_py:/home/jiil/ros2_humble/install/tf2_ros_py:/home/jiil/ros2_humble/install/sros2:/home/jiil/ros2_humble/install/rqt_topic:/home/jiil/ros2_humble/install/rqt_srv:/home/jiil/ros2_humble/install/rqt_shell:/home/jiil/ros2_humble/install/rqt_service_caller:/home/jiil/ros2_humble/install/rqt_reconfigure:/home/jiil/ros2_humble/install/rqt_py_console:/home/jiil/ros2_humble/install/rqt_publisher:/home/jiil/ros2_humble/install/rqt_plot:/home/jiil/ros2_humble/install/rqt_action:/home/jiil/ros2_humble/install/rqt_msg:/home/jiil/ros2_humble/install/rqt_console:/home/jiil/ros2_humble/install/rqt:/home/jiil/ros2_humble/install/rqt_graph:/home/jiil/ros2_humble/install/rqt_gui_py:/home/jiil/ros2_humble/install/rqt_gui:/home/jiil/ros2_humble/install/ros2trace:/home/jiil/ros2_humble/install/ros2topic:/home/jiil/ros2_humble/install/ros2test:/home/jiil/ros2_humble/install/ros2component:/home/jiil/ros2_humble/install/ros2param:/home/jiil/ros2_humble/install/ros2lifecycle:/home/jiil/ros2_humble/install/ros2service:/home/jiil/ros2_humble/install/ros2run:/home/jiil/ros2_humble/install/ros2plugin:/home/jiil/ros2_humble/install/ros2launch:/home/jiil/ros2_humble/install/ros2pkg:/home/jiil/ros2_humble/install/ros2node:/home/jiil/ros2_humble/install/ros2multicast:/home/jiil/ros2_humble/install/ros2interface:/home/jiil/ros2_humble/install/ros2doctor:/home/jiil/ros2_humble/install/ros2action:/home/jiil/ros2_humble/install/ros2cli:/home/jiil/ros2_humble/install/quality_of_service_demo_py:/home/jiil/ros2_humble/install/lifecycle_py:/home/jiil/ros2_humble/install/launch_testing_ros:/home/jiil/ros2_humble/install/launch_ros:/home/jiil/ros2_humble/install/examples_rclpy_pointcloud_publisher:/home/jiil/ros2_humble/install/examples_rclpy_minimal_subscriber:/home/jiil/ros2_humble/install/examples_rclpy_minimal_service:/home/jiil/ros2_humble/install/examples_rclpy_minimal_publisher:/home/jiil/ros2_humble/install/examples_rclpy_minimal_client:/home/jiil/ros2_humble/install/examples_rclpy_minimal_action_server:/home/jiil/ros2_humble/install/examples_rclpy_minimal_action_client:/home/jiil/ros2_humble/install/examples_rclpy_guard_conditions:/home/jiil/ros2_humble/install/examples_rclpy_executors:/home/jiil/ros2_humble/install/demo_nodes_py:/home/jiil/ros2_humble/install/camera_info_manager_py:/home/jiil/ros2_humble/install/action_tutorials_py:/home/jiil/ros2_humble/install/ament_uncrustify:/home/jiil/ros2_humble/install/tracetools_trace:/home/jiil/ros2_humble/install/tracetools_read:/home/jiil/ros2_humble/install/test_tracetools_launch:/home/jiil/ros2_humble/install/test_launch_ros:/home/jiil/ros2_humble/install/sensor_msgs_py:/home/jiil/ros2_humble/install/rpyutils:/home/jiil/ros2_humble/install/rosidl_runtime_py:/home/jiil/ros2_humble/install/rosidl_cli:/home/jiil/ros2_humble/install/launch_pytest:/home/jiil/ros2_humble/install/launch_testing:/home/jiil/ros2_humble/install/launch_yaml:/home/jiil/ros2_humble/install/launch_xml:/home/jiil/ros2_humble/install/launch:/home/jiil/ros2_humble/install/osrf_pycommon:/home/jiil/ros2_humble/install/domain_coordinator:/home/jiil/ros2_humble/install/ament_xmllint:/home/jiil/ros2_humble/install/ament_pyflakes:/home/jiil/ros2_humble/install/ament_pycodestyle:/home/jiil/ros2_humble/install/ament_pep257:/home/jiil/ros2_humble/install/ament_pclint:/home/jiil/ros2_humble/install/ament_package:/home/jiil/ros2_humble/install/ament_mypy:/home/jiil/ros2_humble/install/ament_lint_cmake:/home/jiil/ros2_humble/install/ament_flake8:/home/jiil/ros2_humble/install/ament_copyright:/home/jiil/ros2_humble/install/ament_lint:/home/jiil/ros2_humble/install/ament_index_python:/home/jiil/ros2_humble/install/ament_cpplint:/home/jiil/ros2_humble/install/ament_cppcheck:/home/jiil/ros2_humble/install/ament_clang_tidy:/home/jiil/ros2_humble/install/ament_clang_format DEBUGINFOD_URLS=https://debuginfod.ubuntu.com /usr/bin/cmake --install /home/jiil/ur_ws/build/std_msgs
